# Blender v2.76 (sub 0) OBJ File: ''
# www.blender.org
mtllib Smurfette.mtl
o Smurfette
v -0.113346 1.678167 0.132314
v -0.157444 1.723693 -0.014946
v -0.002257 1.698121 0.043989
v -0.002387 1.666470 0.135298
v -0.069034 1.625665 0.267912
v -0.148088 1.738336 0.136663
v -0.162153 1.773862 -0.007957
v -0.105700 1.672144 0.297500
v -0.063704 1.651696 0.340180
v -0.102201 1.721673 0.320517
v -0.131149 1.803842 0.150858
v -0.064375 1.757514 0.336876
v -0.074989 1.850393 0.167314
v -0.079544 1.887745 0.015343
v -0.132700 1.836063 0.005752
v -0.080728 1.872620 -0.079824
v -0.002677 1.772792 0.338394
v -0.002445 1.865589 0.175470
v -0.002217 1.907425 0.016114
v -0.002072 1.883149 -0.085813
v -0.102134 1.789975 -0.209625
v -0.001883 1.791209 -0.218516
v -0.153138 1.809370 -0.091766
v -0.183058 1.765835 -0.144774
v -0.190916 1.717693 -0.056229
v -0.200019 1.657386 -0.237497
v -0.113694 1.658177 -0.303895
v -0.001720 1.652898 -0.333229
v -0.001883 1.791209 -0.218516
v -0.215837 1.677077 -0.151118
v -0.155487 1.450716 -0.346310
v -0.248166 1.488758 -0.234734
v -0.281944 1.369794 -0.197340
v -0.160775 1.310767 -0.309790
v -0.001666 1.437547 -0.370791
v -0.001703 1.290643 -0.344784
v -0.161635 1.221741 -0.255517
v -0.001783 1.195342 -0.288734
v -0.276457 1.275695 -0.128549
v -0.272908 1.555798 -0.097732
v -0.244277 1.621873 0.008619
v -0.310700 1.378816 0.020281
v -0.245568 1.469449 0.119727
v -0.139996 1.560047 0.199939
v -0.140119 1.650220 0.120547
v -0.002533 1.587890 0.237810
v -0.002431 1.648349 0.166053
v -0.002744 1.676980 0.385566
v -0.002693 1.639600 0.350018
v -0.002592 1.617956 0.279197
v -0.062512 1.691389 0.367389
v -0.002737 1.724175 0.380866
v -0.002737 1.724175 0.380866
v 0.108580 1.678167 0.132630
v -0.002387 1.666470 0.135298
v -0.002257 1.698121 0.043989
v 0.153097 1.723693 -0.014504
v 0.063881 1.625665 0.268102
v 0.143308 1.738336 0.137078
v 0.157785 1.773862 -0.007501
v 0.100462 1.672144 0.297793
v 0.058346 1.651696 0.340354
v 0.096898 1.721673 0.320801
v 0.126329 1.803842 0.151225
v 0.059025 1.757514 0.337052
v 0.070123 1.850393 0.167520
v 0.075111 1.887745 0.015563
v 0.128294 1.836063 0.006124
v 0.076565 1.872620 -0.079600
v -0.002677 1.772792 0.338394
v -0.002445 1.865589 0.175470
v -0.002217 1.907425 0.016114
v -0.002072 1.883149 -0.085813
v 0.098342 1.789975 -0.209340
v -0.001883 1.791209 -0.218516
v 0.149010 1.809370 -0.091336
v 0.179081 1.765835 -0.144258
v 0.188317 1.717693 -0.055688
v 0.196306 1.657386 -0.236932
v 0.110170 1.658177 -0.303576
v -0.001720 1.652898 -0.333229
v -0.001883 1.791209 -0.218516
v 0.211878 1.677077 -0.150508
v 0.152084 1.450716 -0.345871
v 0.244445 1.488758 -0.234032
v 0.278116 1.369794 -0.196542
v 0.157268 1.310767 -0.309337
v -0.001666 1.437547 -0.370791
v -0.001703 1.290643 -0.344784
v 0.158097 1.206004 -0.245468
v -0.001783 1.195342 -0.288734
v 0.279812 1.270269 -0.127073
v 0.268796 1.555798 -0.096960
v 0.239862 1.621873 0.009309
v 0.281091 1.405557 0.035136
v 0.223994 1.478329 0.122007
v 0.133048 1.553508 0.200958
v 0.135386 1.650220 0.120939
v -0.002533 1.587890 0.237810
v -0.002431 1.648349 0.166053
v -0.002744 1.676980 0.385566
v -0.002693 1.639600 0.350018
v -0.002592 1.617956 0.279197
v 0.057075 1.691389 0.367560
v -0.002737 1.724175 0.380866
v -0.002737 1.724175 0.380866
v -0.002706 1.376820 0.359315
v -0.092001 1.402794 0.401445
v -0.068726 1.352790 0.353127
v -0.115384 1.332442 0.332617
v -0.182995 1.352757 0.340049
v -0.181029 1.310811 0.304586
v -0.243325 1.290039 0.273181
v -0.199640 1.270368 0.258791
v 0.006588 1.431641 0.399558
v -0.218571 1.231177 0.247548
v -0.281599 1.183117 0.198428
v -0.235697 1.181669 0.228914
v -0.297015 1.094673 0.231758
v -0.401070 1.033172 0.131216
v -0.368820 0.949516 0.137495
v -0.376916 0.851004 -0.001833
v -0.099323 1.487582 0.373562
v -0.233500 1.443731 0.298278
v -0.002355 1.551754 0.338434
v -0.093535 1.567021 0.295025
v -0.002533 1.587890 0.237810
v -0.139996 1.560047 0.199939
v -0.179617 1.538266 0.250844
v -0.270558 1.455842 0.176006
v -0.328205 1.329047 0.108364
v -0.310700 1.378816 0.020281
v -0.223369 1.107080 0.188265
v -0.280264 0.981667 0.175180
v -0.276479 0.877724 0.106729
v -0.245293 0.839764 -0.027383
v -0.176481 1.064678 0.116314
v 0.087455 1.537668 0.325768
v 0.133048 1.553508 0.200958
v 0.171799 1.503402 0.257359
v 0.089926 1.448071 0.383036
v 0.223994 1.478329 0.122007
v -0.151369 1.050445 0.001130
v -0.213503 0.823926 -0.056850
v -0.239159 0.762798 -0.084561
v -0.135112 0.735194 -0.141102
v -0.165440 0.759048 -0.210227
v -0.289289 0.787123 -0.154207
v -0.430647 0.952044 -0.042793
v -0.343215 0.935410 -0.209121
v -0.204291 0.925591 -0.328623
v -0.001701 0.926795 -0.346114
v -0.001862 0.761012 -0.233257
v -0.001709 1.083310 -0.340519
v -0.198228 1.100589 -0.318871
v -0.001783 1.195342 -0.288734
v -0.161635 1.221741 -0.255517
v -0.276457 1.275695 -0.128549
v -0.322352 1.143944 -0.175488
v -0.361353 1.167901 -0.008638
v -0.349628 1.079688 -0.022459
v -0.323255 1.159397 0.125043
v 0.158097 1.206004 -0.245468
v 0.183981 1.094664 -0.296805
v 0.161250 0.781690 -0.219664
v 0.192096 0.951025 -0.308744
v 0.319994 0.811115 -0.143044
v 0.349255 0.972657 -0.196324
v 0.271117 1.158069 -0.151405
v 0.279812 1.270269 -0.127073
v 0.309318 1.164193 0.024510
v 0.304739 1.355614 0.126477
v 0.115625 0.747075 -0.149980
v 0.412855 0.999766 -0.042316
v 0.390163 0.888306 0.012274
v 0.357970 0.942787 0.105967
v 0.259257 0.776862 -0.115622
v 0.302597 0.845187 0.001803
v 0.252990 0.930194 0.106500
v 0.271407 0.998488 0.144824
v 0.171760 1.064678 0.116810
v 0.296299 1.096637 0.130274
v 0.228505 1.130540 0.144210
v 0.271646 1.189618 0.136730
v 0.273526 1.313470 0.196326
v 0.231455 1.215731 0.172628
v 0.221036 1.283040 0.211600
v 0.238220 1.412410 0.244483
v 0.179069 1.411944 0.262874
v 0.211075 1.459028 0.182095
v 0.253403 1.450639 0.174305
v 0.281091 1.405557 0.035136
v 0.223994 1.478329 0.122007
v 0.182511 0.970991 0.038381
v 0.075554 1.121112 0.017979
v 0.226849 0.892299 -0.025341
v 0.221436 0.813538 -0.098530
v 0.122287 0.793806 -0.111751
v -0.001973 0.819631 -0.155180
v -0.001930 0.777183 -0.185616
v -0.128952 0.809199 -0.087480
v -0.124079 0.997750 -0.084573
v 0.131627 0.980317 -0.059974
v 0.006993 1.001219 -0.110843
v -0.124079 0.997750 -0.084573
v 0.008471 1.129796 -0.020947
v 0.070193 1.121166 0.010633
v -0.124079 0.997750 -0.084573
v -0.286841 1.301395 0.203644
v -0.332378 1.216714 0.154594
v -0.245568 1.469449 0.119727
v 0.075632 1.393005 0.348200
v 0.142554 1.405038 0.318783
v 0.179643 1.455841 0.301959
v 0.179069 1.411944 0.262874
v 0.211075 1.459028 0.182095
v 0.008471 1.129796 -0.020947
v -0.060542 1.125004 -0.013787
v -0.124079 0.997750 -0.084573
v -0.151369 1.050445 0.001130
v -0.088635 1.111648 0.019970
v -0.176481 1.064678 0.116314
v 0.006993 1.001219 -0.110843
v 0.131627 0.980317 -0.059974
v 0.070193 1.121166 0.010633
v 0.075554 1.121112 0.017979
v 0.182511 0.970991 0.038381
v -0.002814 1.088969 0.393873
v -0.002767 1.099861 0.398742
v -0.029654 1.108908 0.399687
v -0.036476 1.093841 0.387837
v 0.022849 1.108898 0.399775
v 0.030338 1.093860 0.387937
v 0.053121 1.098178 0.378687
v 0.034961 1.090479 0.374408
v -0.002744 1.085612 0.383765
v -0.040473 1.090485 0.374313
v -0.059744 1.098176 0.378517
v 0.074744 1.091496 0.349085
v -0.029618 1.112801 0.399984
v -0.062203 1.101976 0.380819
v -0.002765 1.105298 0.399064
v -0.079935 1.091496 0.348864
v 0.023450 1.112798 0.400065
v -0.002763 1.117079 0.398826
v 0.026570 1.120440 0.394480
v 0.055226 1.101839 0.381287
v 0.058793 1.112046 0.379888
v 0.031185 1.133970 0.391176
v -0.002764 1.126146 0.399853
v -0.032083 1.120440 0.394397
v -0.002771 1.132192 0.404278
v -0.036689 1.133970 0.391079
v -0.065680 1.112045 0.379651
v 0.090012 1.100212 0.360671
v 0.088892 1.136638 0.376838
v 0.057895 1.163431 0.390734
v 0.043976 1.163094 0.394854
v 0.092665 1.175944 0.382718
v 0.155473 1.141238 0.343548
v 0.124349 1.092316 0.340693
v 0.159870 1.076271 0.296734
v 0.208653 1.120807 0.256412
v 0.115725 1.069515 0.322813
v 0.085712 1.078594 0.341499
v 0.198292 1.175848 0.299327
v 0.228687 1.182186 0.194809
v 0.228505 1.130540 0.144210
v 0.212741 1.226138 0.251719
v 0.231455 1.215731 0.172628
v 0.175341 1.217512 0.318952
v 0.176690 1.252617 0.291439
v 0.142490 1.193284 0.360125
v 0.202480 1.269630 0.251632
v 0.173779 1.328852 0.312581
v 0.145406 1.292850 0.316062
v 0.194297 1.078645 0.187454
v 0.147152 1.038203 0.224720
v 0.116118 1.045038 0.100270
v 0.171760 1.064678 0.116810
v 0.075554 1.121112 0.017979
v 0.069300 1.035240 0.076912
v 0.110046 1.332443 0.332939
v 0.141209 1.289286 0.323973
v 0.155652 1.256796 0.311582
v 0.107300 1.317018 0.344681
v 0.136793 1.284279 0.332003
v 0.105925 1.308742 0.350035
v 0.132711 1.278915 0.339134
v 0.104865 1.296919 0.355817
v 0.144882 1.258362 0.317603
v 0.060167 1.313761 0.360520
v 0.063600 1.300990 0.364909
v 0.104865 1.296919 0.355817
v 0.057905 1.324801 0.355232
v 0.027921 1.299327 0.357508
v 0.033080 1.288560 0.359443
v 0.011533 1.268751 0.357958
v 0.024797 1.306065 0.354305
v 0.021177 1.265335 0.355818
v 0.019898 1.316754 0.349430
v -0.002700 1.311143 0.354937
v -0.002700 1.343981 0.354944
v -0.025283 1.316754 0.349365
v -0.013997 1.346787 0.355515
v -0.060309 1.337258 0.345991
v -0.031517 1.357039 0.359260
v 0.008594 1.346787 0.355547
v 0.054933 1.337258 0.346155
v 0.026104 1.357039 0.359342
v 0.065265 1.359501 0.359776
v -0.063307 1.324801 0.355060
v -0.112672 1.317018 0.344367
v -0.115384 1.332442 0.332617
v -0.030195 1.306065 0.354226
v -0.065584 1.313760 0.360341
v -0.111311 1.308742 0.349726
v -0.069029 1.300990 0.364720
v -0.033329 1.299327 0.357421
v -0.038495 1.288560 0.359341
v -0.026580 1.265335 0.355750
v -0.016943 1.268751 0.357917
v -0.029878 1.233863 0.349998
v -0.110268 1.296919 0.355510
v -0.142603 1.284375 0.331605
v -0.139151 1.278669 0.338554
v -0.150177 1.258362 0.317182
v -0.110268 1.296919 0.355510
v -0.146760 1.289381 0.323562
v -0.150695 1.292850 0.315640
v -0.162069 1.256210 0.310437
v -0.181910 1.252617 0.290928
v -0.161814 1.237811 0.317548
v -0.180638 1.217512 0.318444
v -0.136582 1.217664 0.355351
v -0.147904 1.193284 0.359712
v -0.218571 1.231177 0.247548
v -0.203534 1.175848 0.298755
v -0.235697 1.181669 0.228914
v -0.199640 1.270368 0.258791
v -0.213772 1.120807 0.255810
v -0.223369 1.107080 0.188265
v -0.199219 1.078645 0.186894
v -0.152181 1.038203 0.224294
v -0.120793 1.045038 0.099932
v -0.160842 1.141238 0.343097
v -0.165104 1.076271 0.296271
v -0.129928 1.092454 0.340620
v -0.099954 1.033056 0.298442
v -0.078724 1.005832 0.247484
v -0.063601 1.015708 0.172661
v -0.099714 1.029759 0.136349
v -0.052443 1.005558 0.302370
v -0.002566 0.991179 0.260934
v -0.002634 0.999449 0.308139
v -0.094355 1.136638 0.376577
v -0.121143 1.069584 0.322621
v -0.176481 1.064678 0.116314
v 0.047193 1.005558 0.302512
v 0.073630 1.005832 0.247702
v 0.094713 1.033056 0.298719
v 0.040832 1.031880 0.326947
v -0.002667 1.027816 0.331274
v -0.046152 1.031880 0.326823
v -0.039855 1.046768 0.347070
v -0.082007 1.067153 0.336568
v -0.002693 1.042252 0.349661
v -0.002725 1.048809 0.372242
v -0.040672 1.055050 0.362137
v -0.002726 1.067464 0.372909
v -0.040624 1.073594 0.363255
v 0.035250 1.055050 0.362245
v 0.035200 1.073594 0.363363
v 0.072284 1.078314 0.343758
v 0.034477 1.046768 0.347176
v 0.077225 1.067148 0.336799
v -0.077302 1.078316 0.343544
v -0.077368 1.087093 0.344860
v 0.072346 1.087092 0.345074
v 0.076608 1.086456 0.344437
v -0.081431 1.086514 0.344302
v -0.090329 1.078709 0.341430
v 0.082975 1.088130 0.349150
v 0.093391 1.092322 0.349787
v 0.078089 1.091696 0.354870
v -0.087727 1.088156 0.348957
v -0.097782 1.092374 0.349616
v -0.094204 1.100323 0.360564
v -0.082781 1.091754 0.354723
v -0.063397 1.163431 0.390561
v -0.049481 1.163094 0.394720
v -0.098146 1.175944 0.382446
v -0.066284 1.206191 0.383060
v -0.099884 1.205792 0.376243
v -0.109201 1.223304 0.353617
v -0.065107 1.220375 0.363043
v -0.028752 1.220357 0.371281
v -0.002722 1.225907 0.370086
v -0.002706 1.242132 0.359047
v 0.024492 1.233862 0.350075
v 0.023303 1.220357 0.371355
v -0.002751 1.216846 0.390785
v 0.022409 1.211705 0.390314
v 0.060143 1.220189 0.363299
v 0.060804 1.206191 0.383241
v 0.103785 1.223139 0.354018
v 0.094427 1.205796 0.376539
v -0.002706 1.269102 0.358861
v 0.131313 1.217738 0.355917
v 0.123397 1.230508 0.338128
v 0.156519 1.237811 0.318002
v 0.143185 1.242962 0.315749
v 0.144882 1.258362 0.317603
v 0.045955 1.189702 0.391979
v 0.028069 1.139185 0.398855
v -0.033591 1.139183 0.398759
v -0.051462 1.189706 0.391844
v -0.027912 1.211704 0.390241
v -0.051462 1.189706 0.391844
v -0.045682 1.166101 0.415252
v -0.046499 1.188310 0.413535
v -0.049087 1.168254 0.439776
v -0.027912 1.211704 0.390241
v -0.031716 1.142649 0.438888
v -0.028091 1.212914 0.415574
v -0.002751 1.216846 0.390785
v -0.002790 1.217185 0.418170
v -0.002824 1.222810 0.441887
v -0.032155 1.215084 0.440137
v -0.048229 1.193798 0.438546
v -0.020887 1.212709 0.456551
v 0.022516 1.212914 0.415646
v 0.026510 1.215084 0.440221
v 0.022409 1.211705 0.390314
v 0.015726 1.212664 0.456603
v -0.003117 1.217240 0.461558
v -0.027311 1.194581 0.466533
v -0.030438 1.167946 0.461964
v -0.002870 1.198154 0.473997
v -0.002866 1.165862 0.471579
v 0.040931 1.188310 0.413660
v 0.042590 1.193798 0.438675
v 0.021593 1.194581 0.466602
v -0.002866 1.165862 0.471579
v 0.024731 1.167946 0.462043
v -0.002849 1.148612 0.459427
v 0.045955 1.189702 0.391979
v 0.039768 1.166101 0.415374
v 0.043444 1.168254 0.439908
v 0.026076 1.142649 0.438971
v 0.023261 1.152874 0.453110
v 0.043976 1.163094 0.394854
v 0.026590 1.144003 0.420557
v 0.028069 1.139185 0.398855
v -0.002794 1.137792 0.420421
v -0.002824 1.138406 0.441529
v -0.002771 1.132192 0.404278
v -0.033591 1.139183 0.398759
v -0.002794 1.137792 0.420421
v -0.032178 1.144003 0.420474
v -0.002771 1.132192 0.404278
v -0.049481 1.163094 0.394720
v -0.002824 1.138406 0.441529
v -0.002849 1.148612 0.459427
v -0.028940 1.152877 0.453039
v -0.002386 1.003175 0.134217
v -0.002389 1.012372 0.136372
v -0.048519 1.015103 0.126773
v -0.047248 1.004153 0.122701
v -0.076069 1.032874 0.077261
v -0.072554 1.016628 0.080240
v -0.070046 1.034924 0.033870
v -0.074931 1.019754 0.030094
v -0.047812 1.018226 -0.007219
v -0.050709 1.036986 0.006611
v -0.088635 1.111648 0.019970
v 0.043768 1.015103 0.126905
v 0.042510 1.004153 0.122829
v 0.067936 1.016628 0.080440
v 0.061242 1.040503 0.032746
v 0.070456 1.019754 0.030301
v 0.093856 1.031118 0.136306
v 0.058719 1.015708 0.172835
v 0.043443 1.018226 -0.007089
v 0.041984 1.043507 0.005210
v -0.002457 1.007016 0.184184
v -0.181029 1.310811 0.304586
v -0.068726 1.352790 0.353127
v -0.002706 1.376820 0.359315
v 0.070537 1.375261 0.360000
v 0.117795 1.376529 0.344685
v 0.119222 1.352419 0.346257
v 0.167278 1.357498 0.313931
v 0.142554 1.405038 0.318783
v 0.179069 1.411944 0.262874
v 0.075632 1.393005 0.348200
v 0.197408 1.305946 0.262091
v 0.221036 1.283040 0.211600
v -0.110268 1.296919 0.355510
v -0.139151 1.278669 0.338554
v -0.090391 1.261806 0.255905
v -0.150177 1.258362 0.317182
v -0.148474 1.242962 0.315333
v -0.128457 1.230532 0.337399
v -0.109201 1.223304 0.353617
v -0.065107 1.220375 0.363043
v -0.029878 1.233863 0.349998
v -0.026580 1.265335 0.355750
v -0.038495 1.288560 0.359341
v -0.069029 1.300990 0.364720
v -0.110268 1.296919 0.355510
v -0.079935 1.091496 0.348864
v -0.077368 1.087093 0.344860
v -0.084524 1.090833 0.331801
v -0.035495 1.057103 0.345590
v -0.002726 1.067464 0.372909
v -0.002687 1.053562 0.345917
v -0.035495 1.057103 0.345590
v -0.040624 1.073594 0.363255
v -0.047864 1.056006 0.252432
v -0.077368 1.087093 0.344860
v -0.098251 1.086892 0.315841
v -0.047864 1.056006 0.252432
v -0.088084 1.087938 0.248158
v -0.086773 1.113341 0.321489
v -0.079935 1.091496 0.348864
v -0.098251 1.086892 0.315841
v -0.074729 1.103195 0.343899
v -0.084524 1.090833 0.331801
v -0.040473 1.090485 0.374313
v -0.098251 1.086892 0.315841
v -0.038350 1.109840 0.341381
v -0.002744 1.085612 0.383765
v -0.002696 1.106558 0.351951
v -0.041908 1.121017 0.265781
v -0.072772 1.121286 0.255604
v -0.072772 1.121286 0.255604
v -0.088084 1.087938 0.248158
v -0.002579 1.119853 0.269733
v -0.002579 1.119853 0.269733
v -0.002696 1.106558 0.351951
v -0.047864 1.056006 0.252432
v -0.002562 1.045291 0.258196
v -0.088084 1.087938 0.248158
v -0.002687 1.053562 0.345917
v -0.072772 1.121286 0.255604
v -0.088084 1.087938 0.248158
v -0.002696 1.069930 0.351713
v -0.002629 1.074145 0.304788
v -0.033958 1.064632 0.305048
v -0.002561 1.070857 0.256956
v -0.040577 1.064751 0.255191
v -0.033965 1.054887 0.309535
v -0.018950 1.059195 0.345618
v -0.018944 1.068940 0.341131
v -0.033958 1.064632 0.305048
v -0.040577 1.056515 0.255191
v -0.002700 1.054207 0.354453
v 0.074744 1.091496 0.349085
v 0.092960 1.086892 0.316114
v 0.079539 1.090832 0.332035
v 0.081467 1.113341 0.321728
v 0.092960 1.086892 0.316114
v 0.082987 1.087938 0.248401
v 0.042755 1.056006 0.252561
v 0.068631 1.103132 0.344454
v 0.034961 1.090479 0.374408
v 0.030831 1.109684 0.342362
v -0.002744 1.085612 0.383765
v -0.002696 1.106558 0.351951
v 0.036762 1.121017 0.265893
v 0.067653 1.121286 0.255805
v -0.002696 1.106558 0.351951
v -0.002579 1.119853 0.269733
v 0.067653 1.121286 0.255805
v 0.082987 1.087938 0.248401
v 0.042755 1.056006 0.252561
v 0.030120 1.057103 0.345684
v -0.002579 1.119853 0.269733
v -0.002687 1.053562 0.345917
v -0.002726 1.067464 0.372909
v 0.035200 1.073594 0.363363
v 0.072346 1.087092 0.345074
v -0.002562 1.045291 0.258196
v 0.042755 1.056006 0.252561
v -0.002687 1.053562 0.345917
v 0.082987 1.087938 0.248401
v 0.082987 1.087938 0.248401
v 0.067653 1.121286 0.255805
v 0.092960 1.086892 0.316114
v -0.002696 1.069930 0.351713
v 0.013581 1.068940 0.341178
v 0.028700 1.064632 0.305137
v -0.002700 1.054207 0.354453
v 0.013575 1.059194 0.345665
v 0.028700 1.064632 0.305137
v -0.002629 1.074145 0.304788
v 0.028693 1.054887 0.309624
v 0.035460 1.064751 0.255299
v 0.035460 1.056515 0.255299
v -0.002561 1.070857 0.256956
v 0.079539 1.090832 0.332035
v 0.072346 1.087092 0.345074
v -0.161444 0.610668 0.071019
v -0.168788 0.617597 -0.001911
v -0.170966 0.586044 0.009898
v -0.162126 0.576495 0.075873
v -0.149373 0.611606 -0.051586
v -0.145264 0.582286 -0.041122
v -0.115544 0.591178 0.131921
v -0.135791 0.618781 0.150046
v -0.176161 0.639109 0.070466
v -0.118409 0.566021 0.121465
v -0.078593 0.607331 0.199247
v -0.038200 0.548776 0.107427
v -0.002515 0.602148 0.224996
v -0.002357 0.547611 0.113887
v -0.002252 0.534624 0.040317
v -0.019616 0.541948 0.042389
v -0.027401 0.526745 0.041173
v -0.054296 0.529669 0.105298
v -0.065606 0.459434 0.105944
v -0.122407 0.457825 0.120559
v -0.157372 0.462644 0.089025
v -0.164278 0.469888 0.035693
v -0.141692 0.473065 -0.008768
v -0.097163 0.475105 -0.022156
v -0.095974 0.560798 -0.055512
v -0.053233 0.471182 -0.002165
v -0.046067 0.537890 -0.022002
v -0.040716 0.553993 -0.023690
v -0.019616 0.541948 0.042389
v -0.002252 0.534624 0.040317
v -0.002154 0.551527 -0.028515
v -0.002102 0.579474 -0.064926
v -0.044573 0.575074 -0.066758
v -0.056322 0.617166 -0.100951
v -0.002062 0.619981 -0.092886
v -0.027401 0.526745 0.041173
v -0.087280 0.578678 -0.072086
v -0.038665 0.465317 0.049341
v -0.105811 0.607497 -0.087102
v -0.140710 0.669404 -0.087447
v -0.076432 0.673930 -0.126443
v -0.001998 0.672886 -0.138162
v -0.173586 0.654332 -0.013007
v -0.052666 0.453487 -0.008639
v -0.097057 0.457933 -0.029029
v -0.145836 0.456121 -0.016448
v -0.039892 0.441506 0.047318
v -0.167435 0.448558 0.028819
v -0.161559 0.435305 0.086948
v -0.123020 0.429566 0.117009
v -0.068430 0.431908 0.102195
v -0.096949 0.442533 -0.037095
v -0.149981 0.439177 -0.024130
v -0.099636 0.380518 -0.065073
v -0.056695 0.373137 -0.039171
v -0.051940 0.437744 -0.013881
v -0.044669 0.357232 0.007847
v -0.067221 0.278093 -0.048997
v -0.058409 0.268256 -0.009638
v -0.040968 0.422032 0.042693
v -0.103165 0.291134 -0.068152
v -0.152641 0.375415 -0.053158
v -0.146949 0.284710 -0.060207
v -0.168020 0.269277 -0.023014
v -0.175919 0.362902 -0.010542
v -0.163041 0.343856 0.043657
v -0.162190 0.409571 0.080908
v -0.123285 0.402996 0.109949
v -0.122988 0.340706 0.068371
v -0.169636 0.429087 0.020740
v -0.070888 0.406010 0.093930
v -0.076983 0.343214 0.054128
v -0.125977 0.255450 0.044629
v -0.080453 0.258542 0.031182
v -0.044669 0.357232 0.007847
v -0.058409 0.268256 -0.009638
v -0.077963 0.232563 0.029333
v -0.055864 0.241611 -0.015785
v -0.059819 0.259149 -0.060398
v -0.067221 0.278093 -0.048997
v -0.040968 0.422032 0.042693
v -0.039892 0.441506 0.047318
v -0.160015 0.258082 0.020081
v -0.166530 0.235519 0.018445
v -0.129778 0.231688 0.051862
v -0.042333 0.141506 0.055902
v -0.042653 0.234853 -0.079134
v -0.029107 0.190151 -0.113130
v -0.039645 0.096548 0.055240
v -0.047849 0.103026 -0.104736
v -0.061724 0.048222 0.052720
v -0.042545 0.044158 0.188800
v -0.064853 0.016294 0.187438
v -0.092947 0.040596 0.272877
v -0.098198 0.010584 0.250932
v -0.186504 0.041724 0.300866
v -0.047840 0.092079 0.189624
v -0.085585 0.162716 0.107779
v -0.095562 0.125011 0.206190
v -0.094605 0.090035 0.268515
v -0.186504 0.041724 0.300866
v -0.185874 0.007783 0.274404
v -0.254356 0.009917 0.223278
v -0.265298 0.042155 0.242223
v -0.185233 0.093939 0.290092
v -0.257734 0.088221 0.238711
v -0.240753 0.122016 0.189562
v -0.170713 0.138132 0.207516
v -0.283153 0.094598 0.151911
v -0.209215 0.175911 0.086557
v -0.235958 0.144484 0.023905
v -0.244484 0.102089 0.007456
v -0.294410 0.049001 0.149629
v -0.280714 0.015146 0.144134
v -0.226211 0.048573 0.006123
v -0.169635 0.106383 -0.127099
v -0.182411 0.191140 -0.140624
v -0.096107 0.113921 -0.144516
v -0.095805 0.202173 -0.164257
v -0.047849 0.103026 -0.104736
v -0.029107 0.190151 -0.113130
v -0.173001 0.234832 -0.105249
v -0.096989 0.253245 -0.121702
v -0.042653 0.234853 -0.079134
v -0.172708 0.242399 -0.032152
v -0.101717 0.268909 -0.080844
v -0.059819 0.259149 -0.060398
v -0.154137 0.260604 -0.071815
v -0.150058 0.181465 0.124012
v -0.280714 0.015146 0.144134
v -0.226211 0.048573 0.006123
v -0.061724 0.048222 0.052720
v -0.064853 0.016294 0.187438
v -0.169635 0.106383 -0.127099
v -0.047849 0.103026 -0.104736
v -0.098198 0.010584 0.250932
v -0.254356 0.009917 0.223278
v -0.185874 0.007783 0.274404
v -0.096107 0.113921 -0.144516
v -0.038665 0.465317 0.049341
v -0.141019 0.008250 -0.116440
v -0.146576 0.008129 -0.079646
v -0.168786 0.082437 -0.065113
v -0.155699 0.110337 -0.133438
v -0.102622 0.008250 -0.112550
v -0.072453 0.108475 -0.119228
v -0.081604 0.078401 -0.050646
v -0.107937 0.008129 -0.072965
v -0.146576 0.008129 -0.079646
v -0.168786 0.082437 -0.065113
v -0.141019 0.008250 -0.116440
v -0.102622 0.008250 -0.112550
v -0.107937 0.008129 -0.072965
v -0.146576 0.008129 -0.079646
v -0.048121 0.967584 0.151690
v -0.053384 0.921330 0.175369
v -0.002455 0.919987 0.182683
v -0.002421 0.963977 0.158633
v -0.097074 0.934498 0.144813
v -0.080397 0.978191 0.132914
v -0.002469 0.866983 0.192710
v -0.054240 0.869243 0.182782
v -0.087320 0.882809 0.159218
v -0.116319 0.897367 0.126208
v -0.128663 0.947278 0.113833
v -0.047248 1.004153 0.122701
v -0.002386 1.003175 0.134217
v -0.105506 0.989890 0.107802
v -0.072554 1.016628 0.080240
v -0.132123 1.001739 0.080103
v -0.158826 0.971369 0.078210
v -0.056946 0.803192 0.183270
v -0.002470 0.801523 0.193217
v -0.101457 0.817169 0.148471
v -0.119902 0.731166 0.140057
v -0.066399 0.719376 0.182352
v -0.002479 0.712623 0.199657
v -0.135791 0.618781 0.150046
v -0.178445 0.636804 0.069119
v -0.234022 0.484120 0.121157
v -0.214493 0.484634 0.158885
v -0.150360 0.744559 0.064924
v -0.123066 0.824662 0.101822
v -0.131710 0.828956 0.056586
v -0.177193 0.655647 -0.013636
v -0.153256 0.753351 -0.005589
v -0.140710 0.669404 -0.087447
v -0.225219 0.511961 -0.069453
v -0.202319 0.521222 -0.113052
v -0.125313 0.760029 -0.061821
v -0.076432 0.673929 -0.126443
v -0.065345 0.767326 -0.092066
v -0.115748 0.847116 -0.049759
v -0.058042 0.874456 -0.061325
v -0.224710 0.472402 -0.122125
v -0.245745 0.463370 -0.082869
v -0.217593 0.489321 -0.029219
v -0.248797 0.498118 0.004167
v -0.222480 0.433650 -0.028722
v -0.164590 0.511317 -0.127892
v -0.151929 0.529746 -0.168080
v -0.169399 0.446170 -0.132386
v -0.162552 0.478420 -0.190800
v -0.111873 0.530263 -0.192904
v -0.071122 0.522297 -0.187619
v -0.128156 0.476945 -0.216422
v -0.072021 0.458502 -0.194753
v -0.043731 0.495214 -0.244096
v -0.043441 0.542865 -0.210441
v -0.001826 0.511969 -0.258572
v -0.001875 0.554251 -0.224045
v -0.001998 0.672886 -0.138162
v -0.275203 0.457884 0.007023
v -0.002057 0.765746 -0.096214
v -0.002096 0.873755 -0.069180
v -0.053571 0.949228 -0.048020
v -0.107082 0.944898 -0.043714
v -0.113680 0.865932 -0.047152
v -0.002126 0.950344 -0.048295
v -0.002170 1.016350 -0.017507
v -0.047812 1.018226 -0.007219
v -0.133268 0.885616 -0.027796
v -0.121686 0.988508 -0.010899
v -0.136682 0.939264 -0.025905
v -0.160401 0.976328 0.022182
v -0.138793 1.004872 0.029548
v -0.158826 0.971369 0.078210
v -0.132123 1.001739 0.080103
v -0.074931 1.019754 0.030094
v -0.072554 1.016628 0.080240
v -0.132677 0.863380 -0.001655
v -0.133982 0.851034 -0.004207
v -0.127327 0.865996 0.045876
v -0.129236 0.847319 0.051834
v -0.136617 0.834342 -0.005822
v -0.123307 0.861857 0.101448
v -0.114857 0.853713 0.129219
v -0.130016 0.876758 0.077077
v -0.128611 0.907995 0.100725
v -0.160401 0.976328 0.022182
v -0.176790 0.935853 0.013137
v -0.183434 0.926986 0.059909
v -0.158826 0.971369 0.078210
v -0.238057 0.823008 0.028015
v -0.208576 0.807423 0.051680
v -0.158405 0.910826 0.090611
v -0.174040 0.791437 0.043910
v -0.139036 0.861007 0.068588
v -0.240151 0.825040 -0.020541
v -0.158226 0.915483 -0.021994
v -0.215772 0.818220 -0.051179
v -0.136682 0.939264 -0.025905
v -0.133268 0.885616 -0.027796
v -0.145562 0.879366 -0.025053
v -0.137314 0.860419 0.002953
v -0.132677 0.863380 -0.001655
v -0.182798 0.775113 0.044784
v -0.217535 0.791699 0.053580
v -0.250821 0.806803 0.026864
v -0.253049 0.805141 -0.019264
v -0.230759 0.793760 -0.058012
v -0.135470 0.845378 0.032886
v -0.127327 0.865996 0.045876
v -0.183132 0.801988 -0.051956
v -0.165760 0.792472 -0.020532
v -0.177332 0.766154 -0.024418
v -0.197724 0.776477 -0.060360
v -0.160523 0.785013 0.013640
v -0.225996 0.776851 0.055375
v -0.262368 0.791337 0.028985
v -0.209786 0.754764 -0.056584
v -0.244171 0.771202 -0.054106
v -0.191556 0.758789 0.045658
v -0.231890 0.682684 0.055498
v -0.266404 0.705632 0.065478
v -0.180327 0.745625 0.016420
v -0.225909 0.663985 0.022000
v -0.170425 0.765319 0.015030
v -0.160523 0.785013 0.013640
v -0.135470 0.845378 0.032886
v -0.130016 0.876758 0.077077
v -0.127327 0.865996 0.045876
v -0.128611 0.907995 0.100725
v -0.128663 0.947278 0.113833
v -0.280810 0.686521 0.071189
v -0.304321 0.715465 0.044095
v -0.316688 0.693097 0.048549
v -0.308891 0.711012 -0.003560
v -0.264824 0.787158 -0.017719
v -0.287679 0.689818 -0.044008
v -0.255388 0.671348 -0.049755
v -0.264450 0.652227 -0.049328
v -0.298040 0.670821 -0.041793
v -0.186849 0.745260 -0.025792
v -0.234693 0.656367 -0.025195
v -0.180327 0.745625 0.016420
v -0.170425 0.765319 0.015030
v -0.225909 0.663985 0.022000
v -0.242045 0.639532 -0.025374
v -0.235817 0.646241 0.023213
v -0.321827 0.688657 0.001677
v -0.323234 0.481908 0.215400
v -0.351435 0.473277 0.218900
v -0.354788 0.450394 0.204304
v -0.318816 0.462476 0.196054
v -0.324895 0.459115 0.179132
v -0.359861 0.450474 0.186624
v -0.346106 0.465466 0.155302
v -0.310175 0.515537 0.160463
v -0.323952 0.504857 0.138542
v -0.320771 0.530078 0.183773
v -0.340107 0.506951 0.213697
v -0.320961 0.530156 0.098140
v -0.308188 0.545143 0.136783
v -0.317520 0.568523 0.156199
v -0.347512 0.501639 0.132188
v -0.345499 0.532958 0.098062
v -0.333941 0.585233 0.159479
v -0.280531 0.593548 0.139009
v -0.345205 0.542513 0.185072
v -0.272384 0.568306 0.089224
v -0.309142 0.520353 0.065445
v -0.318517 0.486287 0.076847
v -0.339074 0.499814 0.093908
v -0.351073 0.505244 0.098392
v -0.345499 0.532958 0.098062
v -0.322816 0.517071 0.018275
v -0.272546 0.580641 0.038651
v -0.274455 0.565945 -0.007108
v -0.330855 0.478607 0.042000
v -0.349772 0.518102 0.014383
v -0.348796 0.490517 0.029383
v -0.355919 0.492232 0.000120
v -0.246688 0.602344 -0.027739
v -0.303210 0.578769 -0.046985
v -0.250527 0.612743 0.028403
v -0.343238 0.403102 0.069715
v -0.334929 0.403257 0.094063
v -0.366299 0.404205 0.058162
v -0.378232 0.397483 0.086730
v -0.373614 0.419860 0.110058
v -0.346129 0.418247 0.108740
v -0.347730 0.436507 0.043419
v -0.364300 0.455814 0.112349
v -0.235817 0.646241 0.023213
v -0.242045 0.639532 -0.025374
v -0.264450 0.652227 -0.049328
v -0.278515 0.612037 -0.051180
v -0.238097 0.670973 0.057012
v -0.221504 0.608349 0.072511
v -0.222811 0.604956 0.113114
v -0.256710 0.588263 0.119003
v -0.280531 0.593548 0.139009
v -0.218552 0.575492 0.137320
v -0.250433 0.570157 0.144293
v -0.233885 0.567304 0.184499
v -0.212623 0.570943 0.183016
v -0.240383 0.579165 0.195858
v -0.211077 0.591342 0.209268
v -0.189045 0.604010 0.188288
v -0.194630 0.583640 0.174059
v -0.256472 0.572832 0.177931
v -0.201904 0.591209 0.142959
v -0.200240 0.617270 0.151689
v -0.225268 0.642908 0.114361
v -0.269051 0.582938 0.157652
v -0.280531 0.593548 0.139009
v -0.362367 0.592474 0.145628
v -0.330141 0.651131 0.111636
v -0.380141 0.581925 0.116613
v -0.300714 0.623305 0.138149
v -0.267704 0.665011 0.128027
v -0.378400 0.567980 0.125642
v -0.378243 0.563659 0.098362
v -0.376603 0.584657 0.078039
v -0.345499 0.532958 0.098062
v -0.377463 0.553738 0.110503
v -0.363339 0.577788 0.150398
v -0.333941 0.585233 0.159479
v -0.280810 0.686521 0.071189
v -0.316688 0.693097 0.048549
v -0.355509 0.653252 0.063806
v -0.385834 0.584443 0.033860
v -0.384550 0.564884 0.039649
v -0.378023 0.565793 0.076743
v -0.368471 0.562829 0.010162
v -0.352965 0.642374 0.006113
v -0.368912 0.546764 0.018578
v -0.349772 0.518102 0.014383
v -0.321827 0.688657 0.001677
v -0.323819 0.627138 -0.042996
v -0.298040 0.670821 -0.041793
v -0.278515 0.612037 -0.051180
v -0.303210 0.578769 -0.046985
v -0.264450 0.652227 -0.049328
v -0.375271 0.569432 -0.023459
v -0.367684 0.547925 0.005117
v -0.373477 0.553641 -0.025919
v -0.353202 0.560971 -0.043236
v -0.327112 0.541364 -0.044794
v -0.354760 0.546796 -0.042481
v -0.382333 0.509218 -0.038438
v -0.363748 0.508160 -0.054500
v -0.378262 0.492906 -0.039085
v -0.376186 0.493155 -0.018699
v -0.379536 0.507789 -0.013864
v -0.355919 0.492232 0.000120
v -0.360091 0.465654 -0.006124
v -0.377428 0.447321 -0.022888
v -0.363432 0.493870 -0.052459
v -0.337197 0.504594 -0.054238
v -0.358775 0.436409 -0.020671
v -0.380487 0.444229 -0.046437
v -0.358197 0.428955 -0.038784
v -0.349764 0.438235 -0.053511
v -0.366194 0.452961 -0.061176
v -0.340609 0.468985 -0.061889
v -0.348796 0.490517 0.029383
v -0.379358 0.495555 0.031765
v -0.377929 0.478927 0.039082
v -0.391094 0.486121 0.059896
v -0.395713 0.507272 0.053679
v -0.393848 0.512414 0.082536
v -0.351073 0.505244 0.098392
v -0.381742 0.426180 0.048230
v -0.392159 0.421165 0.074960
v -0.366299 0.404205 0.058162
v -0.378232 0.397483 0.086730
v -0.392948 0.442839 0.100244
v -0.373614 0.419860 0.110058
v -0.364300 0.455814 0.112349
v -0.390478 0.494394 0.084824
v -0.347730 0.436507 0.043419
v -0.345499 0.532958 0.098062
v -0.327112 0.541364 -0.044794
v -0.313572 0.527421 -0.027411
v -0.337197 0.504594 -0.054238
v -0.324921 0.496300 -0.036921
v -0.323148 0.490383 -0.015521
v -0.312699 0.517853 -0.005442
v -0.339419 0.488659 0.001475
v -0.355919 0.492232 0.000120
v -0.340609 0.468985 -0.061889
v -0.335204 0.443875 -0.026335
v -0.332161 0.447391 -0.043434
v -0.349764 0.438235 -0.053511
v -0.358197 0.428955 -0.038784
v -0.344617 0.446773 -0.014067
v -0.358775 0.436409 -0.020671
v -0.360091 0.465654 -0.006124
v -0.354788 0.450394 0.204304
v -0.351435 0.473277 0.218900
v -0.370663 0.487484 0.210709
v -0.379587 0.470756 0.195117
v -0.359861 0.450474 0.186624
v -0.375055 0.467194 0.174174
v -0.382221 0.514972 0.163863
v -0.375285 0.504825 0.146783
v -0.371742 0.526564 0.180874
v -0.346106 0.465466 0.155302
v -0.340107 0.506951 0.213697
v -0.388193 0.529389 0.154052
v -0.379106 0.515057 0.134997
v -0.347512 0.501639 0.132188
v -0.375529 0.541581 0.174201
v -0.345205 0.542513 0.185072
v -0.280531 0.593548 0.139009
v -0.289882 0.619660 0.143257
v -0.262807 0.653658 0.136431
v -0.248575 0.631699 0.171188
v -0.268371 0.610106 0.169315
v -0.227569 0.637807 0.126399
v -0.221335 0.630520 0.163471
v -0.242043 0.624993 0.178898
v -0.220281 0.625303 0.170789
v -0.200240 0.617270 0.151689
v -0.211752 0.623982 0.194633
v -0.189045 0.604010 0.188288
v -0.211077 0.591342 0.209268
v -0.226782 0.617805 0.209231
v -0.254808 0.605612 0.199970
v -0.240383 0.579165 0.195858
v -0.261666 0.607976 0.175287
v -0.256472 0.572832 0.177931
v -0.269051 0.582938 0.157652
v -0.225268 0.642908 0.114361
v -0.238097 0.670973 0.057012
v -0.078593 0.607332 0.199247
v -0.088477 0.481078 0.269527
v -0.035398 0.483876 0.285192
v -0.002515 0.602148 0.224996
v -0.047214 0.442435 0.323955
v -0.099851 0.440123 0.305165
v -0.002606 0.441288 0.289138
v -0.002602 0.401214 0.285704
v -0.111712 0.460631 0.243918
v -0.139241 0.471840 0.238593
v -0.116676 0.393720 0.251472
v -0.170475 0.433382 0.272008
v -0.173409 0.476160 0.208394
v -0.191539 0.467196 0.179988
v -0.002515 0.602148 0.224996
v -0.196218 0.396798 0.182331
v -0.203307 0.436711 0.244215
v -0.252029 0.440877 0.175558
v -0.267147 0.448814 0.138057
v -0.196218 0.396798 0.182331
v -0.233131 0.406821 0.084956
v -0.223572 0.468615 0.082425
v -0.250481 0.489856 0.051293
v -0.278019 0.446787 0.050686
v -0.238097 0.670973 0.057012
v -0.235817 0.646241 0.023213
v 0.156852 0.610668 0.071473
v 0.157519 0.576495 0.076329
v 0.166547 0.586044 0.010379
v 0.164403 0.617597 -0.001437
v 0.145131 0.611606 -0.051166
v 0.140992 0.582286 -0.040714
v 0.110778 0.591178 0.132243
v 0.130973 0.618781 0.150426
v 0.171571 0.639109 0.070962
v 0.113673 0.566021 0.121795
v 0.073636 0.607331 0.199464
v 0.033503 0.548776 0.107529
v -0.002515 0.602148 0.224996
v -0.002357 0.547611 0.113887
v -0.002252 0.534624 0.040317
v 0.015105 0.541948 0.042439
v 0.022895 0.526745 0.041246
v 0.049606 0.529669 0.105446
v 0.060913 0.459434 0.106124
v 0.117674 0.457825 0.120901
v 0.152727 0.462644 0.089467
v 0.159786 0.469888 0.036155
v 0.137328 0.473065 -0.008369
v 0.092837 0.475105 -0.021886
v 0.091742 0.560798 -0.055244
v 0.048850 0.471182 -0.002019
v 0.041740 0.537890 -0.021876
v 0.036394 0.553993 -0.023580
v 0.015105 0.541948 0.042439
v -0.002252 0.534624 0.040317
v -0.002154 0.551527 -0.028515
v -0.002102 0.579474 -0.064926
v 0.040374 0.575074 -0.066637
v 0.052219 0.617166 -0.100796
v -0.002062 0.619981 -0.092886
v 0.022895 0.526745 0.041246
v 0.083096 0.578678 -0.071843
v 0.034135 0.465317 0.049445
v 0.101669 0.607497 -0.086806
v 0.136570 0.669404 -0.087052
v 0.072402 0.673930 -0.126231
v -0.001998 0.672886 -0.138162
v 0.169234 0.654332 -0.012519
v 0.048301 0.453487 -0.008495
v 0.035368 0.441506 0.047425
v 0.092750 0.457933 -0.028759
v 0.141493 0.456120 -0.016038
v 0.162962 0.448558 0.029290
v 0.156921 0.435305 0.087402
v 0.118297 0.429566 0.117353
v 0.063749 0.431908 0.102383
v 0.092665 0.442533 -0.036825
v 0.145659 0.439177 -0.023707
v 0.095431 0.380518 -0.064795
v 0.052416 0.373137 -0.039014
v 0.047589 0.437744 -0.013738
v 0.040257 0.357232 0.007968
v 0.062971 0.278093 -0.048811
v 0.054047 0.268256 -0.009478
v 0.036458 0.422031 0.042803
v 0.098969 0.291134 -0.067864
v 0.148403 0.375415 -0.052729
v 0.142730 0.284710 -0.059795
v 0.163696 0.269277 -0.022542
v 0.171558 0.362902 -0.010047
v 0.158526 0.343856 0.044116
v 0.157570 0.409571 0.081364
v 0.118582 0.402996 0.110293
v 0.118403 0.340706 0.068715
v 0.165186 0.429087 0.021218
v 0.066231 0.406010 0.094126
v 0.072438 0.343213 0.054340
v 0.121460 0.255450 0.044981
v 0.075974 0.258542 0.031405
v 0.040257 0.357232 0.007968
v 0.054047 0.268256 -0.009478
v 0.073489 0.232563 0.029549
v 0.051519 0.241611 -0.015632
v 0.055600 0.259149 -0.060234
v 0.062971 0.278093 -0.048811
v 0.036458 0.422031 0.042803
v 0.035368 0.441506 0.047425
v 0.155568 0.258082 0.020531
v 0.162088 0.235519 0.018913
v 0.125239 0.231688 0.052226
v 0.037784 0.141506 0.056016
v 0.038488 0.234853 -0.079018
v 0.025041 0.190151 -0.113053
v 0.035098 0.096548 0.055346
v 0.043759 0.103026 -0.104606
v 0.057184 0.048222 0.052890
v 0.037616 0.044158 0.188914
v 0.059929 0.016294 0.187616
v 0.087779 0.040596 0.273135
v 0.093094 0.010584 0.251205
v 0.181256 0.041724 0.301390
v 0.042909 0.092079 0.189753
v 0.080888 0.162716 0.108017
v 0.090584 0.125011 0.206455
v 0.089451 0.090035 0.268777
v 0.181256 0.041724 0.301390
v 0.180701 0.007783 0.274926
v 0.249329 0.009917 0.223996
v 0.260218 0.042155 0.242973
v 0.180017 0.093939 0.290612
v 0.252663 0.088221 0.239438
v 0.235822 0.122016 0.190241
v 0.165731 0.138132 0.207995
v 0.278329 0.094598 0.152711
v 0.204579 0.175911 0.087147
v 0.231499 0.144484 0.024571
v 0.240073 0.102089 0.008147
v 0.289592 0.049001 0.150461
v 0.275912 0.015146 0.144927
v 0.221803 0.048573 0.006761
v 0.165606 0.106383 -0.126621
v 0.178422 0.191140 -0.140110
v 0.092128 0.113921 -0.144248
v 0.091882 0.202173 -0.163989
v 0.043759 0.103026 -0.104606
v 0.025041 0.190151 -0.113053
v 0.168910 0.234831 -0.104762
v 0.092946 0.253244 -0.121432
v 0.038488 0.234853 -0.079018
v 0.168409 0.242399 -0.031666
v 0.097558 0.268909 -0.080559
v 0.055600 0.259149 -0.060234
v 0.149952 0.260604 -0.071381
v 0.145314 0.181465 0.124432
v 0.275912 0.015146 0.144927
v 0.059929 0.016294 0.187616
v 0.057184 0.048222 0.052890
v 0.221803 0.048573 0.006761
v 0.165606 0.106383 -0.126621
v 0.043759 0.103026 -0.104606
v 0.093094 0.010584 0.251205
v 0.249329 0.009917 0.223996
v 0.180701 0.007783 0.274926
v 0.092128 0.113921 -0.144248
v 0.034135 0.465317 0.049445
v 0.136961 0.008250 -0.116044
v 0.151689 0.110337 -0.133000
v 0.164582 0.082437 -0.064638
v 0.142413 0.008129 -0.079234
v 0.098554 0.008250 -0.112263
v 0.068403 0.108475 -0.119027
v 0.077359 0.078401 -0.050419
v 0.103754 0.008129 -0.072663
v 0.142413 0.008129 -0.079234
v 0.164582 0.082437 -0.064638
v 0.136961 0.008250 -0.116044
v 0.142413 0.008129 -0.079234
v 0.103754 0.008129 -0.072663
v 0.098554 0.008250 -0.112263
v 0.043298 0.967584 0.151820
v -0.002421 0.963977 0.158633
v -0.002455 0.919987 0.182683
v 0.048495 0.921330 0.175514
v 0.092272 0.934498 0.145083
v 0.075628 0.978191 0.133136
v -0.002469 0.866983 0.192710
v 0.049329 0.869243 0.182930
v 0.082477 0.882809 0.159461
v 0.111569 0.897367 0.126533
v 0.123948 0.947278 0.114193
v 0.042510 1.004153 0.122829
v -0.002386 1.003175 0.134217
v 0.100809 0.989890 0.108096
v 0.067936 1.016628 0.080440
v 0.127505 1.001739 0.080473
v 0.154214 0.971369 0.078656
v 0.052034 0.803192 0.183425
v -0.002470 0.801523 0.193217
v 0.096644 0.817169 0.148753
v 0.115114 0.731166 0.140392
v 0.061489 0.719376 0.182534
v -0.002479 0.712623 0.199657
v 0.130973 0.618781 0.150426
v 0.173858 0.636804 0.069621
v 0.229286 0.484120 0.121817
v 0.209650 0.484634 0.159489
v 0.145785 0.744559 0.065346
v 0.118386 0.824662 0.102166
v 0.172842 0.655647 -0.013138
v 0.148882 0.753351 -0.005158
v 0.136570 0.669404 -0.087052
v 0.221027 0.511961 -0.068817
v 0.198251 0.521222 -0.112481
v 0.121098 0.760029 -0.061470
v 0.072402 0.673929 -0.126231
v 0.061217 0.767326 -0.091886
v 0.073636 0.607331 0.199464
v 0.220667 0.472402 -0.121491
v 0.241591 0.463370 -0.082175
v 0.213286 0.489321 -0.028605
v 0.244395 0.498118 0.004869
v 0.218171 0.433650 -0.028093
v 0.160565 0.511317 -0.127429
v 0.148018 0.529746 -0.167653
v 0.165387 0.446171 -0.131908
v 0.158706 0.478420 -0.190342
v 0.108033 0.530263 -0.192590
v 0.067267 0.522297 -0.187421
v 0.124382 0.476945 -0.216062
v 0.068186 0.458501 -0.194553
v 0.040037 0.495214 -0.243977
v 0.039650 0.542865 -0.210323
v -0.001826 0.511969 -0.258572
v -0.001875 0.554251 -0.224045
v -0.001998 0.672886 -0.138162
v 0.270793 0.457884 0.007801
v -0.002057 0.765746 -0.096214
v 0.053827 0.874456 -0.061165
v -0.002096 0.873755 -0.069180
v 0.049318 0.949228 -0.047874
v 0.102817 0.944898 -0.043414
v 0.109425 0.865932 -0.046834
v -0.002126 0.950344 -0.048295
v -0.002170 1.016350 -0.017507
v 0.043443 1.018226 -0.007089
v 0.128958 0.885616 -0.027422
v 0.117328 0.988508 -0.010559
v 0.132365 0.939264 -0.025521
v 0.155948 0.976328 0.022632
v 0.134319 1.004872 0.029938
v 0.154214 0.971369 0.078656
v 0.127505 1.001739 0.080473
v 0.070456 1.019754 0.030301
v 0.067936 1.016628 0.080440
v 0.128292 0.863380 -0.001283
v 0.129096 0.855813 -0.002845
v 0.122807 0.865996 0.046232
v 0.124701 0.847293 0.052204
v 0.132433 0.833421 -0.005436
v 0.127873 0.825722 0.057276
v 0.118629 0.861857 0.101792
v 0.125407 0.876758 0.077441
v 0.123934 0.907995 0.101085
v 0.112077 0.841872 -0.050159
v 0.104827 0.849719 0.128171
v 0.155948 0.976328 0.022632
v 0.154214 0.971369 0.078656
v 0.178873 0.926986 0.060425
v 0.172362 0.935853 0.013635
v 0.233587 0.823008 0.028687
v 0.204039 0.807423 0.052268
v 0.153756 0.910826 0.091055
v 0.169525 0.791437 0.044400
v 0.134451 0.861007 0.068979
v 0.235820 0.825040 -0.019863
v 0.153899 0.915483 -0.021549
v 0.211528 0.818220 -0.050570
v 0.132365 0.939264 -0.025521
v 0.128958 0.885616 -0.027422
v 0.141244 0.879366 -0.024645
v 0.132916 0.860419 0.003339
v 0.128292 0.863380 -0.001283
v 0.178280 0.775113 0.045298
v 0.212992 0.791699 0.054194
v 0.246354 0.806803 0.027572
v 0.248714 0.805141 -0.018550
v 0.226534 0.793760 -0.057360
v 0.130985 0.845378 0.033266
v 0.122807 0.865996 0.046232
v 0.178890 0.801988 -0.051440
v 0.161429 0.792472 -0.020066
v 0.173012 0.766154 -0.023918
v 0.193505 0.776477 -0.059802
v 0.156095 0.785013 0.014092
v 0.221447 0.776851 0.056013
v 0.257895 0.791337 0.029727
v 0.205557 0.754764 -0.055992
v 0.239935 0.771202 -0.053416
v 0.187035 0.758789 0.046198
v 0.227342 0.682684 0.056152
v 0.261827 0.705632 0.066231
v 0.175891 0.745625 0.016928
v 0.221456 0.663985 0.022638
v 0.165993 0.765319 0.015510
v 0.156095 0.785013 0.014092
v 0.130985 0.845378 0.033266
v 0.125407 0.876758 0.077441
v 0.122807 0.865996 0.046232
v 0.123934 0.907995 0.101085
v 0.123948 0.947278 0.114193
v 0.276217 0.686521 0.071983
v 0.299805 0.715465 0.044956
v 0.312159 0.693098 0.049446
v 0.304510 0.711012 -0.002686
v 0.260484 0.787158 -0.016971
v 0.283413 0.689818 -0.043194
v 0.251140 0.671348 -0.049032
v 0.260200 0.652227 -0.048580
v 0.293769 0.670821 -0.040949
v 0.182533 0.745260 -0.025266
v 0.230374 0.656367 -0.024533
v 0.175891 0.745625 0.016928
v 0.165993 0.765319 0.015510
v 0.221456 0.663985 0.022638
v 0.237726 0.639532 -0.024690
v 0.231360 0.646241 0.023879
v 0.317431 0.688657 0.002587
v 0.318229 0.481908 0.216315
v 0.313866 0.462476 0.196955
v 0.349814 0.450393 0.205308
v 0.346420 0.473277 0.219894
v 0.319993 0.459115 0.180052
v 0.354937 0.450474 0.187642
v 0.341273 0.465466 0.156282
v 0.305327 0.515537 0.161341
v 0.319166 0.504857 0.139458
v 0.315856 0.530078 0.184680
v 0.335108 0.506951 0.214659
v 0.316290 0.530156 0.099048
v 0.303407 0.545143 0.137656
v 0.312685 0.568523 0.157097
v 0.342744 0.501639 0.133172
v 0.340829 0.532958 0.099041
v 0.329096 0.585233 0.160423
v 0.275744 0.593548 0.139801
v 0.340286 0.542513 0.186048
v 0.267739 0.568306 0.089994
v 0.304565 0.520353 0.066320
v 0.313907 0.486287 0.077749
v 0.334416 0.499814 0.094868
v 0.346401 0.505244 0.099387
v 0.340829 0.532958 0.099041
v 0.318373 0.517071 0.019189
v 0.268046 0.580641 0.039422
v 0.270085 0.565946 -0.006331
v 0.326345 0.478607 0.042936
v 0.345341 0.518102 0.015374
v 0.344322 0.490516 0.030371
v 0.351527 0.492232 0.001129
v 0.242377 0.602344 -0.027041
v 0.298954 0.578769 -0.046126
v 0.246056 0.612743 0.029111
v 0.338649 0.403102 0.070687
v 0.330269 0.403257 0.095011
v 0.361743 0.404205 0.059200
v 0.373595 0.397483 0.087803
v 0.368910 0.419860 0.111116
v 0.341428 0.418247 0.109720
v 0.343215 0.436508 0.044403
v 0.359588 0.455814 0.113381
v 0.231360 0.646241 0.023879
v 0.237726 0.639532 -0.024690
v 0.260200 0.652227 -0.048580
v 0.274271 0.612037 -0.050392
v 0.233545 0.670973 0.057684
v 0.216907 0.608349 0.073135
v 0.218098 0.604956 0.113742
v 0.251981 0.588263 0.119728
v 0.275744 0.593548 0.139801
v 0.213770 0.575492 0.137936
v 0.245631 0.570157 0.145000
v 0.228969 0.567304 0.185159
v 0.207712 0.570943 0.183616
v 0.235435 0.579165 0.196536
v 0.206090 0.591342 0.209862
v 0.184118 0.604010 0.188820
v 0.189744 0.583640 0.174607
v 0.251575 0.572832 0.178655
v 0.197106 0.591209 0.143527
v 0.195418 0.617270 0.152253
v 0.220552 0.642908 0.114996
v 0.264212 0.582938 0.158412
v 0.275744 0.593548 0.139801
v 0.357561 0.592474 0.146654
v 0.375417 0.581924 0.117690
v 0.325431 0.651131 0.112571
v 0.295930 0.623305 0.138999
v 0.262949 0.665011 0.128783
v 0.373650 0.567980 0.126715
v 0.373572 0.563659 0.099434
v 0.371989 0.584657 0.079105
v 0.340829 0.532958 0.099041
v 0.371046 0.553129 0.110798
v 0.357072 0.579092 0.154353
v 0.329096 0.585233 0.160423
v 0.276217 0.686521 0.071983
v 0.312159 0.693098 0.049446
v 0.350936 0.653252 0.064812
v 0.381347 0.584443 0.034953
v 0.380046 0.564884 0.040740
v 0.373413 0.565793 0.077814
v 0.364052 0.562829 0.011207
v 0.348557 0.642374 0.007113
v 0.364469 0.546764 0.019623
v 0.317431 0.688657 0.002587
v 0.319550 0.627138 -0.042079
v 0.293769 0.670821 -0.040949
v 0.274271 0.612037 -0.050392
v 0.298954 0.578769 -0.046126
v 0.260200 0.652227 -0.048580
v 0.370947 0.569432 -0.022394
v 0.365841 0.547388 0.008532
v 0.369160 0.553641 -0.024860
v 0.348934 0.560971 -0.042236
v 0.322848 0.541364 -0.043868
v 0.391170 0.507272 0.054801
v 0.375185 0.507789 -0.012787
v 0.378052 0.509218 -0.037354
v 0.350501 0.546763 -0.041482
v 0.359513 0.508160 -0.053470
v 0.332960 0.504594 -0.053283
v 0.372288 0.493199 -0.018034
v 0.373983 0.492906 -0.038013
v 0.356678 0.494414 -0.056853
v 0.373103 0.447321 -0.021818
v 0.355717 0.465654 -0.005103
v 0.351527 0.492232 0.001129
v 0.354444 0.436409 -0.019654
v 0.376228 0.444228 -0.045359
v 0.353917 0.428955 -0.037769
v 0.345525 0.438235 -0.052520
v 0.361978 0.452961 -0.060137
v 0.336394 0.468985 -0.060925
v 0.345341 0.518102 0.015374
v 0.344322 0.490516 0.030371
v 0.374877 0.495555 0.032839
v 0.373760 0.478957 0.040336
v 0.386533 0.486121 0.061004
v 0.377213 0.426180 0.049312
v 0.387553 0.421165 0.076071
v 0.361743 0.404205 0.059200
v 0.373595 0.397483 0.087803
v 0.388271 0.442839 0.101358
v 0.368910 0.419860 0.111116
v 0.359588 0.455814 0.113381
v 0.385845 0.494394 0.085930
v 0.343215 0.436508 0.044403
v 0.346401 0.505244 0.099387
v 0.389222 0.512414 0.083652
v 0.340829 0.532958 0.099041
v 0.322848 0.541364 -0.043868
v 0.309260 0.527421 -0.026522
v 0.332960 0.504594 -0.053283
v 0.320636 0.496300 -0.036001
v 0.318802 0.490383 -0.014606
v 0.308323 0.517853 -0.004558
v 0.335024 0.488659 0.002436
v 0.351527 0.492232 0.001129
v 0.336394 0.468985 -0.060925
v 0.330888 0.443875 -0.025384
v 0.327893 0.447391 -0.042494
v 0.345525 0.438235 -0.052520
v 0.353917 0.428955 -0.037769
v 0.340266 0.446773 -0.013091
v 0.354444 0.436409 -0.019654
v 0.355717 0.465654 -0.005103
v 0.349814 0.450393 0.205308
v 0.374639 0.470756 0.196192
v 0.365671 0.487484 0.211758
v 0.346420 0.473277 0.219894
v 0.354937 0.450474 0.187642
v 0.370168 0.467194 0.175236
v 0.377363 0.514972 0.164945
v 0.370475 0.504825 0.147845
v 0.366836 0.526564 0.181927
v 0.341273 0.465466 0.156282
v 0.335108 0.506951 0.214659
v 0.383363 0.529389 0.155153
v 0.374331 0.515057 0.136072
v 0.342744 0.501639 0.133172
v 0.370641 0.541581 0.175265
v 0.340286 0.542513 0.186048
v 0.275744 0.593548 0.139801
v 0.289606 0.616615 0.147199
v 0.258027 0.653658 0.137173
v 0.243696 0.631699 0.171890
v 0.263497 0.610106 0.170073
v 0.264212 0.582938 0.158412
v 0.222252 0.637116 0.126818
v 0.216478 0.630520 0.164095
v 0.237143 0.624993 0.179581
v 0.215404 0.625303 0.171411
v 0.206807 0.623982 0.195229
v 0.195418 0.617270 0.152253
v 0.184118 0.604010 0.188820
v 0.206090 0.591342 0.209862
v 0.221795 0.617805 0.209871
v 0.249848 0.605611 0.200689
v 0.235435 0.579165 0.196536
v 0.256814 0.610615 0.176502
v 0.251575 0.572832 0.178655
v 0.220552 0.642908 0.114996
v 0.233545 0.670973 0.057684
v -0.002515 0.602148 0.224996
v 0.030195 0.483876 0.285285
v 0.083319 0.481078 0.269772
v 0.041901 0.442435 0.324082
v 0.094591 0.440123 0.305442
v -0.002606 0.441288 0.289138
v -0.002602 0.401214 0.285704
v 0.106628 0.460630 0.244229
v 0.134170 0.471840 0.238982
v 0.111570 0.393720 0.251797
v 0.165309 0.433382 0.272487
v 0.111570 0.393720 0.251797
v 0.168424 0.476160 0.208881
v 0.186635 0.467196 0.180526
v 0.191309 0.396798 0.182883
v 0.198220 0.436711 0.244787
v 0.247139 0.440877 0.176270
v 0.262364 0.448814 0.138811
v 0.228499 0.406821 0.085614
v 0.218946 0.468615 0.083055
v 0.245945 0.489856 0.052002
v 0.273484 0.446787 0.051472
v -0.002515 0.602148 0.224996
v 0.233545 0.670973 0.057684
v 0.231360 0.646241 0.023879
v -0.148474 1.242962 0.315333
v -0.150177 1.258362 0.317182
v -0.128457 1.230532 0.337399
v 0.063600 1.300990 0.364909
v 0.033080 1.288560 0.359443
v 0.083556 1.261798 0.256133
v 0.021177 1.265335 0.355818
v 0.024492 1.233862 0.350075
v 0.060143 1.220189 0.363299
v 0.103785 1.223139 0.354018
v 0.123397 1.230508 0.338128
v 0.143185 1.242962 0.315749
v 0.144882 1.258362 0.317603
v 0.132711 1.278915 0.339134
v 0.104865 1.296919 0.355817
v 0.104865 1.296919 0.355817
v 0.081014 1.258377 0.363057
v 0.056162 1.290467 0.361081
v 0.038970 1.255296 0.359228
v 0.060829 1.222720 0.357699
v 0.099261 1.225770 0.350356
v 0.116769 1.261216 0.344809
v 0.095040 1.293418 0.353874
v -0.001932 1.274049 0.336088
v 0.015751 1.311148 0.333435
v 0.049198 1.334351 0.327194
v 0.000887 1.232995 0.334441
v 0.023451 1.208186 0.329708
v 0.059716 1.190336 0.321820
v 0.099965 1.193426 0.313663
v 0.133413 1.216630 0.307421
v 0.130047 1.233537 0.326302
v 0.125200 1.320005 0.306211
v 0.147262 1.286403 0.295861
v 0.149996 1.245419 0.293393
v 0.089447 1.337441 0.319036
v -0.085848 1.258376 0.362642
v -0.043803 1.255489 0.359941
v -0.061649 1.290547 0.361699
v -0.065812 1.222770 0.358319
v -0.104239 1.225566 0.350832
v -0.121601 1.260896 0.345228
v -0.100526 1.293241 0.354345
v -0.001362 1.274539 0.330242
v -0.019441 1.311520 0.328948
v -0.053418 1.334500 0.325269
v -0.004027 1.233468 0.328804
v -0.026721 1.208509 0.325790
v -0.063361 1.190418 0.320674
v -0.104133 1.193240 0.315596
v -0.138110 1.216220 0.311918
v -0.133666 1.233140 0.328294
v -0.130696 1.319647 0.310112
v -0.153258 1.285898 0.301459
v -0.155900 1.244895 0.299195
v -0.094189 1.337322 0.320191
v 0.072346 1.087092 0.345074
v 0.079539 1.090832 0.332035
v 0.030120 1.057103 0.345684
v 0.078342 1.307058 0.370951
v 0.081148 1.320028 0.381607
v 0.076244 1.308060 0.370322
v 0.079493 1.300459 0.359796
v 0.072676 1.301168 0.359095
v 0.140787 1.279158 0.341416
v 0.137425 1.280712 0.343308
v 0.132249 1.279750 0.338062
v 0.134732 1.276941 0.333902
v 0.151282 1.290664 0.349285
v 0.042296 1.312724 0.379131
v 0.045356 1.302148 0.370569
v 0.047485 1.301978 0.370073
v 0.048029 1.295936 0.361820
v 0.053095 1.297008 0.362786
v 0.113371 1.314162 0.371675
v 0.107208 1.301092 0.363173
v 0.109924 1.301992 0.360561
v 0.102069 1.298026 0.355813
v 0.108734 1.295863 0.350943
v 0.121664 1.297970 0.356051
v 0.131430 1.308885 0.359516
v 0.119158 1.299765 0.360492
v 0.115308 1.291892 0.348453
v 0.110489 1.292606 0.349259
v 0.126721 1.286993 0.349997
v 0.124760 1.288546 0.351142
v 0.115709 1.290546 0.344758
v 0.126721 1.286993 0.349997
v 0.135940 1.298499 0.355824
v 0.115709 1.290546 0.344758
v 0.122659 1.286749 0.343992
v 0.126721 1.286993 0.349997
v 0.036357 1.310678 0.378301
v 0.039416 1.300101 0.369740
v 0.041545 1.299932 0.369244
v 0.042089 1.293889 0.360991
v 0.046941 1.294767 0.361538
v 0.164005 1.272150 0.332852
v 0.149105 1.268056 0.332221
v 0.148555 1.267544 0.329436
v 0.138451 1.270115 0.327889
v 0.139832 1.266596 0.325750
v 0.023789 1.289501 0.368392
v 0.014959 1.294390 0.368990
v 0.022846 1.287433 0.363072
v 0.032173 1.287232 0.359088
v 0.029145 1.283528 0.356130
v 0.134961 1.281730 0.349673
v 0.130881 1.282311 0.349725
v 0.124608 1.284444 0.340702
v 0.130624 1.281228 0.339798
v 0.144406 1.290461 0.362742
v 0.100744 1.315792 0.374742
v 0.096423 1.305215 0.363982
v 0.099799 1.305045 0.364346
v 0.092513 1.299003 0.357084
v 0.097419 1.298731 0.355198
v 0.062638 1.320398 0.378355
v 0.064889 1.307701 0.371500
v 0.067889 1.307692 0.370522
v 0.063326 1.300292 0.364839
v 0.070067 1.301080 0.363449
v 0.030356 1.295549 0.370937
v 0.026037 1.305154 0.373296
v 0.028697 1.293919 0.370309
v 0.039274 1.293927 0.359741
v 0.034022 1.290204 0.358707
v 0.143987 1.272406 0.336905
v 0.140788 1.274612 0.338048
v 0.134573 1.274664 0.331668
v 0.137434 1.273362 0.328139
v 0.157195 1.277547 0.342738
v 0.090240 1.317779 0.376811
v 0.086202 1.307202 0.367083
v 0.090206 1.307033 0.366372
v 0.083159 1.300990 0.359429
v 0.088631 1.300719 0.357051
v 0.047131 1.313942 0.376950
v 0.055011 1.301971 0.368467
v 0.057675 1.303160 0.367255
v 0.053737 1.297935 0.362045
v 0.059554 1.298820 0.360139
v -0.083789 1.307058 0.370720
v -0.081688 1.308060 0.370097
v -0.086625 1.320028 0.381367
v -0.084907 1.300459 0.359562
v -0.078088 1.301168 0.358880
v -0.146150 1.279158 0.341007
v -0.140072 1.276941 0.333510
v -0.137602 1.279750 0.337677
v -0.142793 1.280712 0.342909
v -0.156667 1.290664 0.348846
v -0.047766 1.312724 0.379003
v -0.052930 1.301978 0.369930
v -0.050801 1.302148 0.370432
v -0.053450 1.295936 0.361675
v -0.058517 1.297008 0.362627
v -0.118819 1.314162 0.371344
v -0.115340 1.301992 0.360240
v -0.112632 1.301092 0.362859
v -0.107471 1.298026 0.355514
v -0.114122 1.295863 0.350626
v -0.127067 1.297970 0.355696
v -0.124574 1.299765 0.360145
v -0.136844 1.308885 0.359134
v -0.120690 1.291892 0.348117
v -0.115873 1.292606 0.348936
v -0.132108 1.286993 0.349628
v -0.128028 1.286749 0.343635
v -0.121081 1.290546 0.344421
v -0.121081 1.290546 0.344421
v -0.130150 1.288546 0.350779
v -0.132108 1.286993 0.349628
v -0.132108 1.286993 0.349628
v -0.141343 1.298499 0.355429
v -0.041823 1.310678 0.378190
v -0.046987 1.299932 0.369118
v -0.044859 1.300101 0.369620
v -0.047508 1.293889 0.360864
v -0.052361 1.294767 0.361396
v -0.169342 1.272150 0.332377
v -0.153883 1.267544 0.329004
v -0.154440 1.268056 0.331787
v -0.143774 1.270115 0.327487
v -0.145150 1.266596 0.325344
v -0.029228 1.289501 0.368317
v -0.028271 1.287433 0.362999
v -0.020400 1.294390 0.368939
v -0.037586 1.287232 0.358988
v -0.034550 1.283528 0.356039
v -0.140347 1.281730 0.349281
v -0.135981 1.281228 0.339418
v -0.129968 1.284444 0.340339
v -0.136267 1.282311 0.349344
v -0.149829 1.290461 0.362323
v -0.106201 1.315792 0.374446
v -0.105227 1.305045 0.364054
v -0.101850 1.305215 0.363699
v -0.097920 1.299003 0.356813
v -0.102820 1.298731 0.354912
v -0.068106 1.320398 0.378168
v -0.073333 1.307692 0.370321
v -0.070338 1.307701 0.371306
v -0.068755 1.300292 0.364651
v -0.075491 1.301080 0.363242
v -0.035803 1.295549 0.370842
v -0.034142 1.293919 0.370220
v -0.031490 1.305154 0.373214
v -0.044689 1.293927 0.359622
v -0.039434 1.290204 0.358603
v -0.149335 1.272406 0.336487
v -0.142759 1.273362 0.327740
v -0.139908 1.274664 0.331277
v -0.146140 1.274612 0.337639
v -0.162561 1.277547 0.342282
v -0.095703 1.317779 0.376546
v -0.095638 1.307033 0.366107
v -0.091637 1.307202 0.366830
v -0.088572 1.300990 0.359184
v -0.094038 1.300719 0.356791
v -0.052594 1.313942 0.376808
v -0.063112 1.303160 0.367082
v -0.060450 1.301971 0.368303
v -0.059158 1.297935 0.361884
v -0.064969 1.298820 0.359962
vt 0.561277 0.436897
vt 0.511155 0.477387
vt 0.576340 0.476975
vt 0.595993 0.457345
vt 0.609712 0.406295
vt 0.543603 0.423079
vt 0.499680 0.455485
vt 0.599011 0.389338
vt 0.619230 0.381435
vt 0.593557 0.373779
vt 0.532463 0.402222
vt 0.591596 0.356545
vt 0.524732 0.376532
vt 0.476378 0.403032
vt 0.488167 0.429213
vt 0.450715 0.423065
vt 0.589117 0.335098
vt 0.517581 0.350406
vt 0.461946 0.377414
vt 0.431557 0.399937
vt 0.415146 0.462135
vt 0.386483 0.438931
vt 0.465451 0.458097
vt 0.449844 0.479777
vt 0.485914 0.494268
vt 0.417061 0.519450
vt 0.379838 0.508067
vt 0.341308 0.491696
vt 0.448676 0.512604
vt 0.361998 0.582068
vt 0.414250 0.580917
vt 0.422213 0.624969
vt 0.359844 0.632171
vt 0.307717 0.570933
vt 0.300079 0.630122
vt 0.365057 0.675443
vt 0.302086 0.672311
vt 0.435432 0.666049
vt 0.465148 0.562989
vt 0.503440 0.537393
vt 0.507306 0.624042
vt 0.544398 0.592303
vt 0.581481 0.560864
vt 0.554533 0.522208
vt 0.624297 0.533807
vt 0.603495 0.508053
vt 0.636059 0.357607
vt 0.640916 0.381675
vt 0.632645 0.412475
vt 0.615176 0.366022
vt 0.618208 0.341289
vt 0.595992 0.457352
vt 0.603577 0.508091
vt 0.859607 0.132399
vt 0.826133 0.111996
vt 0.825290 0.139332
vt 0.800857 0.138720
vt 0.779689 0.116793
vt 0.767219 0.135585
vt 0.737597 0.131870
vt 0.745808 0.151144
vt 0.864219 0.106618
vt 0.729021 0.162094
vt 0.690972 0.165587
vt 0.707960 0.189283
vt 0.668013 0.205056
vt 0.620528 0.180625
vt 0.597730 0.203996
vt 0.538415 0.198690
vt 0.826657 0.077998
vt 0.767956 0.072174
vt 0.862474 0.051476
vt 0.827553 0.034023
vt 0.863801 0.007859
vt 0.795822 0.003731
vt 0.788232 0.030676
vt 0.730909 0.038405
vt 0.674186 0.065292
vt 0.657127 0.025802
vt 0.674227 0.242531
vt 0.617981 0.232921
vt 0.566751 0.239323
vt 0.509854 0.244940
vt 0.624864 0.294381
vt 0.894447 0.055205
vt 0.929422 0.015833
vt 0.937388 0.050999
vt 0.894553 0.097950
vt 0.988513 0.023623
vt 0.545825 0.333828
vt 0.489215 0.249888
vt 0.480580 0.226434
vt 0.439662 0.227931
vt 0.435380 0.198393
vt 0.475385 0.193712
vt 0.558870 0.164295
vt 0.504955 0.139972
vt 0.450770 0.120706
vt 0.383919 0.117664
vt 0.388216 0.202611
vt 0.382465 0.054038
vt 0.464307 0.056296
vt 0.378635 0.006595
vt 0.473631 0.006000
vt 0.573112 0.021135
vt 0.542964 0.071467
vt 0.609056 0.095773
vt 0.592236 0.122055
vt 0.658721 0.143224
vt 0.282589 0.023003
vt 0.304316 0.065761
vt 0.335337 0.195242
vt 0.318681 0.119422
vt 0.277479 0.197481
vt 0.260125 0.138616
vt 0.226055 0.070114
vt 0.190868 0.044559
vt 0.159774 0.125004
vt 0.086999 0.084905
vt 0.345869 0.228936
vt 0.217202 0.160997
vt 0.218543 0.203179
vt 0.191973 0.211349
vt 0.295608 0.216496
vt 0.245616 0.227721
vt 0.197841 0.249096
vt 0.165997 0.226796
vt 0.140326 0.266854
vt 0.137159 0.185824
vt 0.112709 0.206646
vt 0.112714 0.155717
vt 0.070922 0.117895
vt 0.088123 0.162778
vt 0.061465 0.142092
vt 0.026316 0.101062
vt 0.005532 0.109812
vt 0.026613 0.062561
vt 0.044357 0.067351
vt 0.100763 0.043967
vt 0.046672 0.041511
vt 0.217574 0.291134
vt 0.180485 0.323168
vt 0.259328 0.262237
vt 0.295207 0.235535
vt 0.334629 0.246284
vt 0.388749 0.254959
vt 0.387900 0.228578
vt 0.449283 0.256801
vt 0.467743 0.329385
vt 0.293938 0.313951
vt 0.382514 0.308492
vt 0.379814 0.331679
vt 0.709161 0.106622
vt 0.674828 0.130555
vt 0.722995 0.014715
vt 0.895669 0.121409
vt 0.926480 0.106263
vt 0.936794 0.078103
vt 0.951155 0.089667
vt 0.974612 0.046118
vt 0.805579 0.357900
vt 0.805587 0.349721
vt 0.795174 0.345445
vt 0.791274 0.357398
vt 0.815668 0.347506
vt 0.820192 0.359759
vt 0.830503 0.355866
vt 0.824404 0.367298
vt 0.805437 0.366455
vt 0.786649 0.366450
vt 0.780326 0.353159
vt 0.842309 0.367462
vt 0.794561 0.342329
vt 0.778279 0.351900
vt 0.805597 0.345828
vt 0.767981 0.365510
vt 0.816742 0.344398
vt 0.805871 0.337421
vt 0.819510 0.337739
vt 0.832091 0.354016
vt 0.834445 0.349605
vt 0.825961 0.330382
vt 0.805803 0.331767
vt 0.792095 0.335743
vt 0.805777 0.329647
vt 0.785418 0.328782
vt 0.775469 0.347166
vt 0.854635 0.357282
vt 0.852107 0.343511
vt 0.837390 0.314607
vt 0.830305 0.314453
vt 0.856282 0.315017
vt 0.888309 0.347607
vt 0.870349 0.369001
vt 0.890129 0.390616
vt 0.927615 0.384556
vt 0.862210 0.384134
vt 0.852434 0.376750
vt 0.922447 0.343801
vt 0.973715 0.374651
vt 0.977556 0.423579
vt 0.955966 0.322714
vt 0.995517 0.362245
vt 0.914025 0.310089
vt 0.931506 0.287471
vt 0.884753 0.313924
vt 0.959738 0.292943
vt 0.930540 0.234464
vt 0.911917 0.255047
vt 0.931753 0.431896
vt 0.892035 0.435875
vt 0.899682 0.507880
vt 0.934758 0.480917
vt 0.932262 0.567408
vt 0.874686 0.534427
vt 0.887166 0.228559
vt 0.907557 0.255830
vt 0.912657 0.278480
vt 0.884367 0.233239
vt 0.903077 0.257413
vt 0.880866 0.236048
vt 0.896701 0.259749
vt 0.872322 0.241626
vt 0.905427 0.274615
vt 0.848082 0.224988
vt 0.846744 0.232595
vt 0.848984 0.220125
vt 0.829231 0.231867
vt 0.832470 0.237055
vt 0.814156 0.249684
vt 0.825875 0.228474
vt 0.820655 0.251431
vt 0.823708 0.224591
vt 0.805764 0.227073
vt 0.807285 0.211333
vt 0.789759 0.225068
vt 0.799623 0.210173
vt 0.765107 0.216081
vt 0.787466 0.205593
vt 0.815587 0.209930
vt 0.849203 0.215481
vt 0.828187 0.205016
vt 0.855322 0.201530
vt 0.764090 0.221851
vt 0.730399 0.230980
vt 0.727423 0.225983
vt 0.786583 0.230693
vt 0.763595 0.228131
vt 0.732884 0.236518
vt 0.763573 0.235276
vt 0.783833 0.233904
vt 0.779238 0.238865
vt 0.790858 0.251612
vt 0.797649 0.250032
vt 0.791257 0.267651
vt 0.737291 0.243125
vt 0.709610 0.256349
vt 0.715999 0.259322
vt 0.705148 0.274288
vt 0.704005 0.254764
vt 0.698854 0.252944
vt 0.696532 0.279535
vt 0.680228 0.287471
vt 0.703982 0.294766
vt 0.696899 0.311976
vt 0.725316 0.303402
vt 0.726042 0.315623
vt 0.651021 0.322850
vt 0.687352 0.336773
vt 0.647318 0.355428
vt 0.657143 0.291877
vt 0.680267 0.379806
vt 0.659812 0.417004
vt 0.679163 0.432025
vt 0.718065 0.433792
vt 0.715802 0.508385
vt 0.722227 0.341595
vt 0.719168 0.387286
vt 0.740476 0.366386
vt 0.754327 0.408680
vt 0.763330 0.440730
vt 0.765014 0.483782
vt 0.739089 0.495182
vt 0.781304 0.417366
vt 0.805740 0.440774
vt 0.804904 0.417825
vt 0.760042 0.340074
vt 0.747821 0.382814
vt 0.680238 0.483186
vt 0.829165 0.417944
vt 0.846962 0.441594
vt 0.854735 0.409103
vt 0.826418 0.399745
vt 0.805100 0.400099
vt 0.784144 0.399198
vt 0.787530 0.384546
vt 0.764474 0.381231
vt 0.805241 0.386368
vt 0.805079 0.375563
vt 0.788427 0.376038
vt 0.786514 0.367153
vt 0.822466 0.376747
vt 0.824538 0.367985
vt 0.841800 0.378393
vt 0.823130 0.385047
vt 0.846599 0.382332
vt 0.767245 0.377655
vt 0.766178 0.373494
vt 0.844139 0.373434
vt 0.848286 0.375092
vt 0.762566 0.374244
vt 0.758955 0.374993
vt 0.847070 0.369695
vt 0.850916 0.368942
vt 0.848472 0.362372
vt 0.763599 0.368059
vt 0.760119 0.366617
vt 0.758068 0.354819
vt 0.763025 0.360164
vt 0.773600 0.314235
vt 0.780665 0.313603
vt 0.754760 0.315917
vt 0.773983 0.295606
vt 0.753905 0.302350
vt 0.746156 0.290176
vt 0.769377 0.283061
vt 0.790245 0.280433
vt 0.805574 0.276480
vt 0.805722 0.265179
vt 0.820605 0.268057
vt 0.821222 0.280238
vt 0.805594 0.281974
vt 0.819776 0.286083
vt 0.840590 0.283218
vt 0.837124 0.295130
vt 0.863554 0.288607
vt 0.856073 0.301255
vt 0.805877 0.249626
vt 0.885317 0.302621
vt 0.884488 0.288617
vt 0.907280 0.293894
vt 0.902007 0.283242
vt 0.831459 0.299428
vt 0.822268 0.326541
vt 0.788924 0.325360
vt 0.779611 0.299796
vt 0.791852 0.286494
vt 0.164984 0.594407
vt 0.173683 0.572450
vt 0.158284 0.583102
vt 0.160651 0.555734
vt 0.138477 0.607079
vt 0.170008 0.543510
vt 0.134850 0.589707
vt 0.116077 0.609582
vt 0.115844 0.592929
vt 0.115910 0.564301
vt 0.130451 0.565335
vt 0.147626 0.563697
vt 0.131433 0.555394
vt 0.096872 0.589391
vt 0.101370 0.565206
vt 0.093679 0.606590
vt 0.100636 0.555274
vt 0.116027 0.550122
vt 0.132414 0.545453
vt 0.152419 0.537687
vt 0.116144 0.535943
vt 0.144604 0.517474
vt 0.073941 0.582214
vt 0.084385 0.563415
vt 0.099902 0.545341
vt 0.088765 0.517474
vt 0.080579 0.537432
vt 0.073970 0.519035
vt 0.067581 0.593289
vt 0.059125 0.571676
vt 0.071722 0.555562
vt 0.062915 0.543422
vt 0.071747 0.540427
vt 0.050656 0.581960
vt 0.043871 0.557114
vt 0.034915 0.569230
vt 0.030970 0.537590
vt 0.059176 0.520596
vt 0.021661 0.545450
vt 0.198985 0.570484
vt 0.202757 0.538055
vt 0.189537 0.557960
vt 0.212508 0.546363
vt 0.182463 0.583341
vt 0.174442 0.520859
vt 0.159523 0.519167
vt 0.161213 0.540598
vt 0.807068 0.510252
vt 0.806467 0.508930
vt 0.771569 0.510320
vt 0.775198 0.512543
vt 0.743031 0.533321
vt 0.749174 0.531510
vt 0.733251 0.556951
vt 0.738384 0.559633
vt 0.748781 0.587564
vt 0.741371 0.577903
vt 0.706338 0.555376
vt 0.840158 0.511590
vt 0.838894 0.512322
vt 0.865581 0.530515
vt 0.888973 0.559962
vt 0.877262 0.558346
vt 0.875789 0.496907
vt 0.845922 0.485623
vt 0.867865 0.586509
vt 0.882908 0.579541
vt 0.806066 0.483050
vt 0.682607 0.250762
vt 0.775749 0.202019
vt 0.808486 0.195248
vt 0.859647 0.195346
vt 0.893474 0.200023
vt 0.893319 0.213017
vt 0.931156 0.215585
vt 0.914009 0.192581
vt 0.956669 0.201903
vt 0.863972 0.189161
vt 0.959255 0.266440
vt 0.987970 0.298415
vt 0.750294 0.263990
vt 0.707077 0.282873
vt 0.725750 0.288172
vt 0.010919 0.255249
vt 0.019838 0.261309
vt 0.024624 0.277887
vt 0.036571 0.299567
vt 0.016557 0.334854
vt 0.041495 0.334223
vt 0.010452 0.304593
vt 0.081459 0.280061
vt 0.047498 0.268309
vt 0.066246 0.269534
vt 0.045538 0.251681
vt 0.022067 0.248148
vt 0.014875 0.219889
vt 0.045833 0.222203
vt 0.030406 0.189167
vt 0.053999 0.196501
vt 0.074813 0.253055
vt 0.065299 0.257169
vt 0.099798 0.233990
vt 0.102442 0.296767
vt 0.042022 0.425944
vt 0.042280 0.396203
vt 0.016395 0.395270
vt 0.042842 0.358987
vt 0.016809 0.358861
vt 0.010896 0.396468
vt 0.022780 0.426707
vt 0.026728 0.422195
vt 0.010464 0.359496
vt 0.042163 0.430739
vt 0.015826 0.251266
vt 0.022262 0.247560
vt 0.030526 0.188939
vt 0.017304 0.260113
vt 0.814045 0.631243
vt 0.778829 0.629222
vt 0.783934 0.644637
vt 0.817066 0.647069
vt 0.753703 0.629521
vt 0.755171 0.646097
vt 0.852612 0.633662
vt 0.847662 0.615504
vt 0.810084 0.617150
vt 0.849681 0.648361
vt 0.876749 0.603007
vt 0.891369 0.657219
vt 0.912871 0.594299
vt 0.907309 0.649738
vt 0.929027 0.673230
vt 0.921131 0.676011
vt 0.917280 0.680357
vt 0.884454 0.666816
vt 0.874923 0.699036
vt 0.846835 0.700619
vt 0.822107 0.702088
vt 0.789263 0.701758
vt 0.762504 0.701777
vt 0.736151 0.701169
vt 0.728815 0.656730
vt 0.709729 0.704305
vt 0.701809 0.673564
vt 0.696727 0.666837
vt 0.669181 0.686572
vt 0.661923 0.683881
vt 0.679626 0.658848
vt 0.680884 0.642308
vt 0.700953 0.644627
vt 0.704319 0.619519
vt 0.678412 0.621480
vt 0.673467 0.688599
vt 0.721795 0.643280
vt 0.682971 0.710752
vt 0.727243 0.626089
vt 0.742808 0.597750
vt 0.710481 0.589543
vt 0.675258 0.589199
vt 0.775173 0.611252
vt 0.711636 0.712497
vt 0.736887 0.710765
vt 0.763358 0.712408
vt 0.683774 0.718512
vt 0.788859 0.714777
vt 0.823179 0.716407
vt 0.846984 0.713702
vt 0.872526 0.712452
vt 0.737625 0.719762
vt 0.764212 0.723040
vt 0.739015 0.751692
vt 0.715428 0.749881
vt 0.712995 0.720195
vt 0.688862 0.754859
vt 0.713589 0.794546
vt 0.690928 0.788355
vt 0.684766 0.724563
vt 0.732997 0.799863
vt 0.763592 0.757930
vt 0.760119 0.807265
vt 0.793955 0.819274
vt 0.790033 0.762236
vt 0.823108 0.767676
vt 0.823727 0.730474
vt 0.847242 0.726553
vt 0.848949 0.763910
vt 0.787997 0.726586
vt 0.871636 0.725161
vt 0.869787 0.758664
vt 0.858592 0.820899
vt 0.885619 0.807052
vt 0.901239 0.753120
vt 0.898776 0.785554
vt 0.890902 0.808037
vt 0.907584 0.783568
vt 0.911120 0.758975
vt 0.903733 0.762859
vt 0.904648 0.727207
vt 0.906303 0.717872
vt 0.822482 0.824662
vt 0.821408 0.831039
vt 0.861915 0.827951
vt 0.940908 0.824194
vt 0.925731 0.749003
vt 0.951809 0.735119
vt 0.963678 0.828442
vt 0.992174 0.748070
vt 0.989460 0.831699
vt 0.981232 0.893640
vt 0.995607 0.901364
vt 0.966267 0.936741
vt 0.980096 0.942978
vt 0.932866 0.966733
vt 0.959564 0.885907
vt 0.913072 0.848116
vt 0.932062 0.895224
vt 0.949099 0.923435
vt 0.939429 0.981493
vt 0.888012 0.994113
vt 0.889516 0.977522
vt 0.921592 0.947760
vt 0.887419 0.955954
vt 0.873892 0.928746
vt 0.900186 0.908885
vt 0.849886 0.945106
vt 0.841826 0.875201
vt 0.809354 0.889666
vt 0.796949 0.912347
vt 0.845973 0.968068
vt 0.840900 0.984093
vt 0.783961 0.937940
vt 0.722468 0.896875
vt 0.735708 0.858402
vt 0.684660 0.878853
vt 0.704237 0.843547
vt 0.653404 0.866043
vt 0.671932 0.826008
vt 0.751898 0.836061
vt 0.718804 0.820004
vt 0.690072 0.802712
vt 0.786045 0.827666
vt 0.729672 0.804581
vt 0.705474 0.797030
vt 0.757851 0.815209
vt 0.879611 0.865500
vt 0.465598 0.794125
vt 0.457280 0.761217
vt 0.419540 0.766906
vt 0.416569 0.797709
vt 0.448199 0.727648
vt 0.420615 0.729560
vt 0.422209 0.812769
vt 0.457574 0.810960
vt 0.440993 0.820412
vt 0.432357 0.721620
vt 0.909679 0.707498
vt 0.701516 0.934828
vt 0.712405 0.922041
vt 0.692833 0.906967
vt 0.670249 0.929615
vt 0.701564 0.951638
vt 0.670997 0.965508
vt 0.697447 0.984856
vt 0.713977 0.964241
vt 0.730390 0.968001
vt 0.734196 0.993467
vt 0.718876 0.950990
vt 0.717633 0.934029
vt 0.255850 0.669763
vt 0.266149 0.695175
vt 0.291070 0.685239
vt 0.278588 0.661189
vt 0.237849 0.695903
vt 0.235597 0.670136
vt 0.301933 0.711954
vt 0.275743 0.720973
vt 0.253318 0.721105
vt 0.230034 0.718679
vt 0.213633 0.694467
vt 0.243540 0.648555
vt 0.266489 0.639863
vt 0.216035 0.667863
vt 0.217755 0.640862
vt 0.188022 0.669396
vt 0.187139 0.685964
vt 0.286336 0.754424
vt 0.313421 0.743737
vt 0.255821 0.758723
vt 0.263920 0.806799
vt 0.299868 0.797643
vt 0.332104 0.784181
vt 0.287020 0.864870
vt 0.234274 0.872715
vt 0.277673 0.952963
vt 0.298691 0.945764
vt 0.219212 0.812688
vt 0.228695 0.763100
vt 0.204640 0.767515
vt 0.185094 0.872122
vt 0.179236 0.816881
vt 0.137642 0.868838
vt 0.168592 0.956766
vt 0.144202 0.953743
vt 0.143801 0.816076
vt 0.096245 0.862282
vt 0.107935 0.809909
vt 0.143683 0.766737
vt 0.112462 0.751160
vt 0.148235 0.981902
vt 0.166300 0.985209
vt 0.190203 0.963623
vt 0.212405 0.959689
vt 0.193679 0.992980
vt 0.123669 0.955759
vt 0.102159 0.948162
vt 0.122088 0.990447
vt 0.094529 0.977223
vt 0.078382 0.944939
vt 0.057020 0.940606
vt 0.075832 0.976412
vt 0.046649 0.973160
vt 0.021973 0.951856
vt 0.040526 0.927276
vt 0.003691 0.936487
vt 0.020378 0.914227
vt 0.058555 0.849642
vt 0.220774 0.983316
vt 0.075204 0.803666
vt 0.082646 0.750036
vt 0.108574 0.711275
vt 0.136231 0.712576
vt 0.143658 0.756077
vt 0.081811 0.710832
vt 0.079791 0.673302
vt 0.103517 0.669286
vt 0.156969 0.741636
vt 0.143226 0.683878
vt 0.154949 0.710086
vt 0.170735 0.675760
vt 0.162369 0.663872
vt 0.184946 0.646911
vt 0.169002 0.639409
vt 0.121448 0.651820
vt 0.128960 0.625763
vt 0.170039 0.755975
vt 0.169939 0.763166
vt 0.194381 0.749763
vt 0.199859 0.758550
vt 0.170787 0.772578
vt 0.223835 0.742338
vt 0.238517 0.742232
vt 0.207695 0.739080
vt 0.213552 0.718344
vt 0.555110 0.816067
vt 0.552228 0.839250
vt 0.578651 0.842062
vt 0.583602 0.814124
vt 0.576013 0.907000
vt 0.598987 0.906226
vt 0.601533 0.841023
vt 0.620523 0.906444
vt 0.621958 0.863442
vt 0.547935 0.908725
vt 0.527842 0.845296
vt 0.525878 0.906160
vt 0.524244 0.828725
vt 0.507699 0.850381
vt 0.509690 0.857528
vt 0.490099 0.860684
vt 0.492236 0.858178
vt 0.620711 0.916363
vt 0.599353 0.917045
vt 0.574736 0.918673
vt 0.548324 0.921095
vt 0.525499 0.920587
vt 0.472155 0.862714
vt 0.468788 0.849767
vt 0.508110 0.904652
vt 0.488939 0.901295
vt 0.488401 0.916650
vt 0.507772 0.919358
vt 0.470493 0.899518
vt 0.599671 0.927276
vt 0.574853 0.931467
vt 0.507168 0.931804
vt 0.525376 0.933927
vt 0.620899 0.926282
vt 0.626061 0.975259
vt 0.602593 0.970036
vt 0.638777 0.928507
vt 0.646963 0.985881
vt 0.638534 0.918778
vt 0.638291 0.909049
vt 0.638614 0.875454
vt 0.622165 0.853398
vt 0.636094 0.862697
vt 0.617122 0.834535
vt 0.610382 0.814613
vt 0.603268 0.979903
vt 0.577771 0.976941
vt 0.578703 0.990333
vt 0.552960 0.978926
vt 0.548938 0.932249
vt 0.524280 0.982368
vt 0.504612 0.981558
vt 0.504247 0.988666
vt 0.524027 0.993546
vt 0.487517 0.928754
vt 0.485283 0.981834
vt 0.465663 0.924456
vt 0.468078 0.911987
vt 0.459405 0.984171
vt 0.484964 0.989416
vt 0.458511 0.992702
vt 0.554232 0.992682
vt 0.506766 0.780868
vt 0.497337 0.792488
vt 0.513955 0.804156
vt 0.517989 0.784756
vt 0.528446 0.785708
vt 0.530800 0.804710
vt 0.544846 0.785684
vt 0.528181 0.752382
vt 0.545512 0.758020
vt 0.510049 0.750627
vt 0.494750 0.770639
vt 0.562257 0.734869
vt 0.535203 0.732555
vt 0.516261 0.726865
vt 0.556770 0.764261
vt 0.562704 0.741936
vt 0.503967 0.721410
vt 0.525835 0.704529
vt 0.496155 0.744139
vt 0.554272 0.699466
vt 0.583440 0.725756
vt 0.589375 0.745488
vt 0.570521 0.752598
vt 0.563628 0.755565
vt 0.611689 0.716169
vt 0.579299 0.684993
vt 0.605776 0.678185
vt 0.613388 0.740564
vt 0.614898 0.719486
vt 0.620867 0.733611
vt 0.622089 0.733232
vt 0.603080 0.652263
vt 0.631737 0.666441
vt 0.576458 0.663687
vt 0.619950 0.783013
vt 0.608455 0.786100
vt 0.632290 0.787306
vt 0.617315 0.805599
vt 0.592422 0.801248
vt 0.597397 0.788230
vt 0.627199 0.762377
vt 0.576578 0.782991
vt 0.576147 0.652623
vt 0.593865 0.633457
vt 0.608737 0.620587
vt 0.622380 0.645022
vt 0.565339 0.633092
vt 0.551569 0.663358
vt 0.531136 0.665438
vt 0.532637 0.689060
vt 0.513746 0.674127
vt 0.514140 0.689538
vt 0.491158 0.685994
vt 0.489845 0.675806
vt 0.483209 0.690330
vt 0.473020 0.672176
vt 0.485276 0.651563
vt 0.493758 0.661589
vt 0.496994 0.697576
vt 0.510362 0.660851
vt 0.508492 0.647166
vt 0.529900 0.644251
vt 0.511852 0.702726
vt 0.139366 0.408090
vt 0.141052 0.448088
vt 0.158443 0.404716
vt 0.115145 0.438518
vt 0.112432 0.469806
vt 0.154985 0.396748
vt 0.170165 0.398347
vt 0.180616 0.413258
vt 0.180689 0.377566
vt 0.167243 0.390220
vt 0.136967 0.400605
vt 0.122933 0.408835
vt 0.136093 0.490673
vt 0.162713 0.483365
vt 0.170329 0.453030
vt 0.205140 0.426480
vt 0.208824 0.416389
vt 0.186227 0.404712
vt 0.228113 0.427478
vt 0.199726 0.464933
vt 0.230315 0.417551
vt 0.246579 0.406201
vt 0.184684 0.492330
vt 0.224141 0.486507
vt 0.208392 0.509031
vt 0.241013 0.507273
vt 0.252643 0.488506
vt 0.220183 0.524907
vt 0.239187 0.445358
vt 0.236554 0.425570
vt 0.246830 0.442414
vt 0.254278 0.461648
vt 0.267669 0.470901
vt 0.260627 0.458413
vt 0.269759 0.433579
vt 0.279676 0.448706
vt 0.277678 0.430238
vt 0.269744 0.416930
vt 0.261876 0.419848
vt 0.262312 0.403151
vt 0.279509 0.399249
vt 0.293349 0.408176
vt 0.285765 0.444979
vt 0.286162 0.459888
vt 0.300936 0.400061
vt 0.301436 0.420217
vt 0.313711 0.413651
vt 0.315993 0.432197
vt 0.304034 0.433798
vt 0.304363 0.449790
vt 0.253076 0.390304
vt 0.236919 0.387770
vt 0.239116 0.378309
vt 0.223189 0.374438
vt 0.219877 0.386117
vt 0.203059 0.379075
vt 0.183693 0.365208
vt 0.245706 0.349927
vt 0.233126 0.339402
vt 0.253279 0.336871
vt 0.236061 0.323545
vt 0.213803 0.341925
vt 0.212812 0.325197
vt 0.196654 0.340112
vt 0.205745 0.369788
vt 0.262289 0.359419
vt 0.642616 0.684697
vt 0.632908 0.695250
vt 0.655692 0.698647
vt 0.646654 0.706967
vt 0.635415 0.717243
vt 0.622500 0.706542
vt 0.625295 0.729590
vt 0.667909 0.712390
vt 0.654582 0.735077
vt 0.662445 0.726333
vt 0.672934 0.730780
vt 0.666464 0.745595
vt 0.646033 0.741916
vt 0.651335 0.750153
vt 0.632735 0.745692
vt 0.123495 0.321183
vt 0.107996 0.335025
vt 0.116904 0.344679
vt 0.129374 0.337624
vt 0.140072 0.322888
vt 0.143395 0.336175
vt 0.140801 0.364038
vt 0.154706 0.358423
vt 0.126554 0.369782
vt 0.161574 0.331160
vt 0.101267 0.356671
vt 0.144609 0.372842
vt 0.158477 0.365839
vt 0.172251 0.354016
vt 0.129771 0.378150
vt 0.112408 0.383344
vt 0.099546 0.425268
vt 0.108551 0.438769
vt 0.105494 0.466258
vt 0.084680 0.455613
vt 0.088768 0.439523
vt 0.086683 0.484112
vt 0.075269 0.472646
vt 0.078736 0.454517
vt 0.071604 0.470392
vt 0.066453 0.485495
vt 0.060608 0.463632
vt 0.046559 0.471893
vt 0.045878 0.446893
vt 0.060905 0.451230
vt 0.070829 0.440878
vt 0.059573 0.429360
vt 0.084283 0.439862
vt 0.073047 0.420719
vt 0.088148 0.423160
vt 0.090487 0.487934
vt 0.120825 0.510842
vt 0.328567 0.852465
vt 0.385653 0.905795
vt 0.407693 0.885323
vt 0.364756 0.829175
vt 0.426657 0.908687
vt 0.407603 0.924704
vt 0.436383 0.883173
vt 0.455567 0.888221
vt 0.373114 0.923420
vt 0.356680 0.927988
vt 0.392871 0.952597
vt 0.364547 0.957759
vt 0.332876 0.936822
vt 0.317769 0.947039
vt 0.330060 0.981270
vt 0.351281 0.962165
vt 0.302740 0.976112
vt 0.290278 0.976425
vt 0.264710 0.994550
vt 0.258463 0.962376
vt 0.235822 0.959656
vt 0.237132 0.986078
vt 0.626799 0.982255
vt 0.648133 0.994078
vt 0.169978 0.760383
vt 0.199867 0.758563
vt 0.170883 0.773081
vt 0.205198 0.769246
vt 0.143691 0.769708
vt 0.240093 0.744300
vt 0.859942 0.263374
vt 0.809209 0.563219
vt 0.797032 0.542300
vt 0.784993 0.563373
vt 0.797234 0.584346
vt 0.821519 0.584213
vt 0.833534 0.563121
vt 0.821289 0.542179
vt 0.764338 0.551477
vt 0.776281 0.530542
vt 0.797091 0.518383
vt 0.764462 0.575579
vt 0.776621 0.596390
vt 0.797556 0.608332
vt 0.821657 0.608208
vt 0.842467 0.596048
vt 0.837993 0.579655
vt 0.842127 0.530201
vt 0.854286 0.551011
vt 0.854411 0.575113
vt 0.821193 0.518258
vt 0.809539 0.563219
vt 0.833755 0.563373
vt 0.821717 0.542300
vt 0.821514 0.584346
vt 0.797229 0.584213
vt 0.785214 0.563121
vt 0.797460 0.542179
vt 0.854411 0.551477
vt 0.842467 0.530542
vt 0.821657 0.518383
vt 0.854286 0.575579
vt 0.842127 0.596390
vt 0.821193 0.608332
vt 0.797091 0.608208
vt 0.776281 0.596048
vt 0.780755 0.579655
vt 0.776621 0.530201
vt 0.764462 0.551011
vt 0.764338 0.575113
vt 0.797556 0.518258
vt 0.857735 0.262100
vt 0.869041 0.265981
vt 0.857029 0.265014
vt 0.850770 0.259241
vt 0.849454 0.264029
vt 0.858293 0.259850
vt 0.851216 0.257607
vt 0.868204 0.265424
vt 0.856898 0.261543
vt 0.856482 0.263220
vt 0.850761 0.258905
vt 0.850119 0.261254
vt 0.856313 0.263902
vt 0.850197 0.260970
vn -0.516300 -0.842800 -0.151800
vn -0.870100 0.177100 0.460000
vn -0.131300 -0.964900 -0.227600
vn -0.078700 -0.941900 -0.326500
vn -0.387700 -0.921800 0.001300
vn -0.980700 -0.129800 0.146100
vn -0.958600 0.207900 0.194700
vn -0.851900 -0.430100 0.298700
vn -0.427400 -0.732800 0.529400
vn -0.867400 0.179100 0.464200
vn -0.823100 0.512100 0.245500
vn -0.489900 0.601500 0.631100
vn -0.384700 0.853400 0.351600
vn -0.470400 0.882200 0.019800
vn -0.789100 0.613300 0.033100
vn -0.463800 0.848400 -0.255300
vn -0.213200 0.790500 0.574200
vn -0.230100 0.901300 0.367100
vn -0.241000 0.966400 0.088900
vn -0.151400 0.915500 -0.372700
vn -0.352300 0.718200 -0.600000
vn -0.060500 0.820400 -0.568500
vn -0.782200 0.617100 -0.085900
vn -0.826900 0.528600 -0.191900
vn -0.860800 0.425000 0.280000
vn -0.773800 0.372800 -0.512200
vn -0.346600 0.368900 -0.862400
vn -0.171000 0.475400 -0.863000
vn -0.075900 0.636500 -0.767500
vn -0.917300 0.390500 -0.078200
vn -0.551000 0.056000 -0.832600
vn -0.861900 0.168300 -0.478400
vn -0.903100 -0.073600 -0.423000
vn -0.503600 -0.324800 -0.800600
vn -0.199800 -0.005400 -0.979800
vn -0.247500 -0.392900 -0.885600
vn -0.440500 -0.460200 -0.770800
vn -0.254200 -0.490100 -0.833800
vn -0.850500 -0.315900 -0.420500
vn -0.952900 0.266500 -0.144600
vn -0.850700 0.439300 0.288500
vn -0.990400 0.129900 0.047600
vn -0.830700 0.332500 0.446500
vn -0.606400 0.510600 0.609500
vn -0.459200 0.691200 0.558000
vn -0.261700 0.690700 0.674100
vn -0.114100 0.855900 0.504400
vn -0.311500 -0.389000 0.867000
vn -0.245600 -0.825000 0.509000
vn -0.158300 -0.981400 0.108700
vn -0.585400 -0.054000 0.809000
vn -0.268500 0.095500 0.958500
vn -0.291600 0.520100 0.802800
vn 0.516800 -0.842800 -0.150300
vn 0.079600 -0.941900 -0.326200
vn 0.132000 -0.964900 -0.227200
vn 0.863500 0.181800 0.470500
vn 0.387700 -0.921800 0.002400
vn 0.980300 -0.129900 0.148900
vn 0.956300 0.211000 0.202200
vn 0.851100 -0.430100 0.301100
vn 0.425900 -0.732800 0.530600
vn 0.866100 0.179100 0.466700
vn 0.822400 0.512100 0.247800
vn 0.488100 0.601500 0.632500
vn 0.383700 0.853400 0.352700
vn 0.470300 0.882200 0.021200
vn 0.789000 0.613300 0.035300
vn 0.464500 0.848400 -0.254000
vn 0.211600 0.790500 0.574800
vn 0.229000 0.901300 0.367800
vn 0.240700 0.966400 0.089600
vn 0.152500 0.915500 -0.372200
vn 0.354000 0.718200 -0.599000
vn 0.062100 0.820400 -0.568300
vn 0.779500 0.620800 -0.084000
vn 0.825300 0.530000 -0.194900
vn 0.857400 0.429600 0.283500
vn 0.775200 0.372800 -0.510000
vn 0.349100 0.369000 -0.861400
vn 0.173500 0.475400 -0.862500
vn 0.078100 0.636500 -0.767300
vn 0.918400 0.387400 -0.080200
vn 0.553400 0.056000 -0.831000
vn 0.863200 0.168300 -0.475900
vn 0.919100 -0.047800 -0.391200
vn 0.500000 -0.317200 -0.805800
vn 0.202600 -0.005400 -0.979200
vn 0.250500 -0.392900 -0.884800
vn 0.432000 -0.463000 -0.774000
vn 0.258000 -0.490000 -0.832700
vn 0.874200 -0.257000 -0.411900
vn 0.962000 0.246800 -0.116600
vn 0.858400 0.409200 0.309500
vn 0.983800 0.124500 0.128800
vn 0.831200 0.283500 0.478200
vn 0.622200 0.471600 0.624900
vn 0.461300 0.682600 0.566800
vn 0.274200 0.676000 0.684000
vn 0.112700 0.855900 0.504700
vn 0.309100 -0.389000 0.867900
vn 0.244200 -0.825000 0.509700
vn 0.158000 -0.981400 0.109100
vn 0.583000 -0.054000 0.810600
vn 0.265800 0.095500 0.959300
vn 0.289300 0.520100 0.803600
vn 0.213400 -0.602800 0.768900
vn -0.160100 -0.339900 0.926700
vn 0.077200 -0.674000 0.734700
vn -0.081300 -0.672800 0.735300
vn -0.484800 -0.348600 0.802200
vn -0.125700 -0.671400 0.730400
vn -0.457500 -0.342000 0.820800
vn 0.026300 -0.551600 0.833700
vn 0.115400 0.003900 0.993300
vn -0.240300 -0.331800 0.912200
vn -0.694200 0.004300 0.719700
vn -0.218900 -0.032900 0.975200
vn -0.220900 -0.124100 0.967400
vn -0.929600 0.174900 0.324500
vn -0.495700 -0.493200 0.714800
vn -0.580900 -0.737600 0.344300
vn -0.278900 0.484300 0.829200
vn -0.740100 0.303600 0.600100
vn 0.050400 0.710400 0.702000
vn -0.325800 0.846800 0.420500
vn 0.071600 0.968700 0.237500
vn -0.457300 0.889100 -0.019200
vn -0.596600 0.767800 0.233300
vn -0.791700 0.609100 0.046400
vn -0.958000 0.180500 0.222700
vn -0.901100 0.409200 -0.143600
vn 0.571000 -0.344600 0.745100
vn 0.330200 -0.458400 0.825100
vn 0.368900 -0.725700 0.580700
vn 0.423600 -0.633800 0.647200
vn 0.744900 -0.418400 0.519700
vn 0.411200 0.766100 0.493900
vn 0.529700 0.817000 0.227700
vn 0.735000 0.559600 0.382900
vn 0.454800 0.010700 0.890500
vn 0.826400 0.517000 0.222900
vn 0.787200 -0.406600 0.463600
vn 0.457500 -0.404900 0.791700
vn -0.057900 -0.897200 0.437900
vn 0.183900 -0.884100 0.429500
vn -0.227000 -0.819700 -0.525900
vn -0.622900 -0.690900 -0.367000
vn -0.976500 -0.056900 -0.207600
vn -0.870600 -0.020800 -0.491500
vn -0.355400 -0.270100 -0.894800
vn 0.050300 -0.372800 -0.926600
vn 0.039200 -0.940200 -0.338300
vn 0.080300 0.220200 -0.972100
vn -0.419800 0.330400 -0.845300
vn 0.016500 0.442500 -0.896600
vn -0.316600 0.512900 -0.797900
vn -0.746200 0.420500 -0.516100
vn -0.823700 0.302700 -0.479600
vn -0.995000 0.099600 0.003400
vn -0.956400 0.282300 -0.074600
vn -0.960700 0.041900 0.274400
vn 0.454100 0.366200 -0.812200
vn 0.490800 0.316400 -0.811800
vn 0.267500 -0.714600 -0.646400
vn 0.392900 -0.190900 -0.899600
vn 0.638500 -0.644700 -0.420300
vn 0.772500 0.075900 -0.630500
vn 0.806400 0.343500 -0.481400
vn 0.942000 0.091000 -0.323200
vn 0.977500 0.196300 0.077300
vn 0.975700 0.120600 0.183000
vn -0.071300 -0.959200 0.273700
vn 0.984600 0.174200 -0.010800
vn 0.714800 -0.645700 0.268500
vn 0.546900 -0.353700 0.758800
vn 0.139100 -0.871900 0.469500
vn -0.145200 -0.807800 0.571400
vn -0.425500 -0.640000 0.639900
vn -0.013200 -0.182500 0.983100
vn -0.600000 -0.367900 0.710400
vn 0.657100 0.185900 0.730500
vn 0.167800 -0.086100 0.982000
vn 0.741900 -0.147800 0.654000
vn 0.676800 -0.242500 0.695000
vn 0.483000 -0.356300 0.799900
vn 0.388400 -0.314400 0.866200
vn 0.591700 0.306100 0.745800
vn 0.276900 0.338900 0.899100
vn 0.221900 0.856200 0.466600
vn 0.667000 0.699400 0.257000
vn 0.891600 0.447700 -0.067400
vn 0.526300 0.837400 0.147400
vn -0.725100 -0.565300 0.393200
vn -0.751000 -0.472400 0.461300
vn -0.648700 -0.622700 0.437500
vn -0.372400 -0.519300 0.769200
vn -0.185200 -0.437200 0.880100
vn -0.063800 -0.367300 0.927900
vn 0.120700 -0.764900 0.632700
vn 0.385300 -0.359100 0.850100
vn 0.339300 -0.098100 0.935500
vn -0.475900 -0.394400 0.786100
vn -0.126400 -0.405100 0.905500
vn 0.176500 -0.565400 0.805700
vn -0.142700 -0.566000 0.811900
vn -0.447400 -0.509000 0.735400
vn 0.813100 -0.343400 0.470000
vn -0.891300 0.113300 0.439000
vn -0.895100 -0.062600 0.441500
vn -0.666200 0.736500 -0.117700
vn 0.323900 -0.564400 0.759300
vn 0.637300 -0.421000 0.645400
vn 0.858100 0.027600 0.512800
vn 0.875300 -0.327900 0.355400
vn 0.950000 0.157400 0.269600
vn 0.123800 -0.528900 0.839600
vn 0.477400 -0.659300 0.580800
vn 0.366400 -0.585300 0.723300
vn 0.629600 -0.695200 0.346700
vn 0.641100 -0.730000 0.236800
vn 0.643200 -0.730200 0.230500
vn -0.393700 -0.543400 0.741400
vn -0.636000 -0.546700 0.544700
vn -0.546800 -0.553400 0.628200
vn -0.734300 -0.528400 0.426100
vn -0.783100 -0.509400 0.356800
vn 0.000900 -0.770200 0.637800
vn -0.000500 -0.237100 0.971500
vn -0.221200 -0.277100 0.935000
vn -0.294800 -0.752700 0.588700
vn 0.214900 -0.286100 0.933800
vn 0.299900 -0.743000 0.598300
vn 0.315000 -0.731900 0.604200
vn 0.242400 -0.910600 0.334700
vn -0.000100 -0.949000 0.315200
vn -0.237200 -0.916200 0.323000
vn -0.328500 -0.724600 0.605900
vn -0.110900 -0.882300 0.457400
vn -0.256500 0.040700 0.965700
vn -0.460800 -0.334900 0.821900
vn -0.002200 -0.037600 0.999300
vn 0.121500 -0.882800 0.453700
vn 0.244800 0.011600 0.969500
vn -0.001500 0.170900 0.985300
vn 0.317700 0.176400 0.931600
vn 0.445600 -0.344700 0.826200
vn 0.400800 -0.111600 0.909400
vn 0.366200 -0.278600 0.887900
vn -0.001400 -0.183400 0.983000
vn -0.314900 0.182700 0.931400
vn -0.001100 -0.685900 0.727700
vn -0.367100 -0.276100 0.888300
vn -0.406200 -0.116900 0.906300
vn 0.352500 -0.543100 0.762100
vn 0.352800 -0.257300 0.899600
vn 0.278100 -0.041000 0.959700
vn 0.457700 -0.194800 0.867500
vn 0.324100 0.001400 0.946000
vn 0.624200 -0.257900 0.737400
vn 0.378300 -0.556000 0.740100
vn 0.616000 -0.603600 0.506100
vn 0.870400 -0.382300 0.310300
vn 0.356800 -0.634800 0.685400
vn 0.142400 -0.543900 0.827000
vn 0.863500 -0.005000 0.504300
vn 0.979400 -0.038400 0.198000
vn 0.939400 -0.339100 0.050100
vn 0.902200 0.152200 0.403600
vn 0.986000 0.011500 0.166600
vn 0.689700 0.362700 0.626700
vn 0.714100 0.162900 0.680800
vn 0.564900 0.136100 0.813900
vn 0.871700 0.059100 0.486400
vn 0.643200 -0.098400 0.759300
vn 0.629900 0.067400 0.773700
vn 0.679800 -0.732900 0.027200
vn 0.525000 -0.849400 0.053100
vn 0.425800 -0.842100 -0.331000
vn 0.553000 -0.784900 -0.279600
vn 0.697700 -0.408800 -0.588200
vn 0.849600 -0.516400 -0.107500
vn 0.432900 0.100400 0.895800
vn 0.740100 0.207600 0.639700
vn 0.559800 0.103900 0.822100
vn 0.478800 0.444600 0.757000
vn 0.769700 0.219600 0.599500
vn 0.458500 0.388800 0.799100
vn 0.737200 0.223100 0.637800
vn 0.624700 0.297100 0.722100
vn 0.872200 0.000500 0.489100
vn 0.011400 0.397100 0.917700
vn 0.017400 0.292000 0.956200
vn 0.234600 0.410000 0.881400
vn 0.010300 0.494800 0.868900
vn -0.244800 0.202500 0.948200
vn -0.078200 -0.015000 0.996800
vn -0.006000 0.035000 0.999400
vn -0.297800 0.299500 0.906400
vn 0.147700 -0.190900 0.970400
vn -0.035200 0.134700 0.990300
vn -0.001400 0.077900 0.997000
vn -0.001400 -0.112300 0.993700
vn 0.032400 0.134700 0.990300
vn -0.026100 -0.223000 0.974500
vn -0.130300 0.026700 0.991100
vn -0.066800 -0.216700 0.973900
vn 0.023300 -0.223000 0.974500
vn 0.090400 -0.189900 0.977600
vn -0.005900 -0.244400 0.969700
vn 0.148000 -0.239400 0.959600
vn 0.033900 0.478400 0.877500
vn -0.484800 0.474100 0.735000
vn -0.417100 0.103500 0.903000
vn 0.295300 0.299500 0.907200
vn -0.014000 0.397000 0.917700
vn -0.457500 0.393100 0.797600
vn -0.020100 0.292000 0.956200
vn 0.201000 0.143200 0.969100
vn 0.261100 0.046600 0.964200
vn -0.011600 -0.079100 0.996800
vn -0.023500 0.044000 0.998800
vn -0.258600 0.437800 0.861100
vn -0.237200 0.409900 0.880700
vn -0.778900 0.230500 0.583300
vn -0.745300 0.236200 0.623500
vn -0.889900 0.006200 0.456100
vn -0.617100 0.301200 0.727000
vn -0.754800 0.192500 0.627100
vn -0.661800 0.150700 0.734400
vn -0.569000 0.114100 0.814400
vn -0.727500 0.176200 0.663100
vn -0.418200 0.521800 0.743500
vn -0.689000 0.364500 0.626400
vn -0.310800 0.670800 0.673400
vn -0.566700 0.139200 0.812100
vn -0.834500 0.240900 0.495600
vn -0.837800 0.003500 0.545900
vn -0.934400 -0.087200 0.345500
vn -0.857400 0.067500 0.510300
vn -0.831500 -0.433500 0.347400
vn -0.842200 -0.528900 0.104400
vn -0.642900 -0.764100 0.052900
vn -0.528700 -0.847100 0.053800
vn -0.442700 -0.840200 -0.313100
vn -0.627100 -0.256600 0.735400
vn -0.618500 -0.603700 0.502900
vn -0.375200 -0.556700 0.741200
vn -0.444900 -0.726500 0.523600
vn -0.304900 -0.952300 0.008400
vn -0.203500 -0.973500 -0.104700
vn -0.324700 -0.936300 -0.134200
vn -0.299900 -0.856900 0.419200
vn -0.000000 -0.999800 0.022000
vn -0.000900 -0.801300 0.598300
vn -0.355600 -0.257500 0.898500
vn -0.355400 -0.636100 0.684900
vn -0.540300 -0.801200 -0.257100
vn 0.298700 -0.856900 0.420100
vn 0.304900 -0.952300 0.009300
vn 0.443900 -0.726700 0.524400
vn 0.280600 -0.652500 0.703900
vn -0.001000 -0.738400 0.674400
vn -0.283700 -0.651500 0.703600
vn -0.321200 -0.759900 0.565100
vn -0.337000 -0.550700 0.763700
vn -0.000700 -0.889700 0.456500
vn -0.001000 -0.735000 0.678100
vn -0.426100 -0.384400 0.818900
vn -0.001400 -0.047600 0.998900
vn -0.408100 -0.081500 0.909300
vn 0.422100 -0.384900 0.820800
vn 0.403100 -0.081600 0.911500
vn 0.363900 -0.310200 0.878300
vn 0.317500 -0.760200 0.566900
vn 0.335500 -0.550800 0.764300
vn -0.365800 -0.311500 0.877000
vn -0.213300 -0.338700 0.916400
vn 0.216000 -0.339000 0.915600
vn -0.070600 -0.502500 0.861700
vn 0.077600 -0.498100 0.863600
vn -0.139400 -0.542700 0.828300
vn -0.120700 -0.755200 0.644300
vn 0.216500 -0.686100 0.694600
vn 0.120100 -0.857500 0.500300
vn 0.125600 -0.752200 0.646800
vn -0.217500 -0.682200 0.698100
vn -0.359200 -0.548100 0.755400
vn -0.127400 -0.856800 0.499600
vn -0.280800 -0.041000 0.958900
vn -0.459900 -0.194700 0.866400
vn -0.326800 0.001600 0.945100
vn -0.205700 0.549400 0.809900
vn -0.252400 0.465600 0.848300
vn -0.115700 0.793000 0.598200
vn -0.106100 0.821700 0.559900
vn -0.162600 0.862700 0.478900
vn -0.000900 0.799900 0.600100
vn -0.001400 0.149600 0.988700
vn 0.256400 0.437700 0.861800
vn 0.161600 0.862800 0.479000
vn -0.000600 0.911300 0.411800
vn 0.217900 0.744700 0.630800
vn 0.105100 0.822600 0.558800
vn 0.203200 0.550200 0.809900
vn 0.109000 0.794400 0.597600
vn 0.248200 0.465300 0.849700
vn -0.001400 0.050500 0.998700
vn 0.309100 0.670200 0.674800
vn 0.113200 0.830300 0.545700
vn 0.413100 0.517600 0.749300
vn 0.210900 0.509100 0.834500
vn 0.467600 -0.140200 0.872800
vn 0.296700 0.173100 0.939200
vn 0.524500 -0.590200 0.613600
vn -0.526100 -0.589800 0.612600
vn -0.299400 0.173000 0.938300
vn -0.219700 0.744700 0.630200
vn -0.946500 0.235700 0.220200
vn -0.954000 -0.290700 0.073300
vn -0.922900 0.383900 -0.029500
vn -0.925700 -0.265800 0.269100
vn -0.584300 0.810500 0.040700
vn -0.510400 -0.827200 0.234900
vn -0.413400 0.903600 -0.112100
vn 0.000000 0.999500 -0.030400
vn 0.000200 0.992500 -0.122500
vn -0.001700 0.998400 0.056900
vn -0.610100 0.788300 0.079800
vn -0.873400 0.310900 0.374800
vn -0.486600 0.715000 0.502000
vn 0.413700 0.903600 -0.110900
vn 0.610300 0.788500 0.076800
vn 0.584200 0.810500 0.042300
vn 0.483200 0.714500 0.505900
vn -0.006500 0.735200 0.677900
vn -0.504800 0.250400 0.826100
vn -0.569200 -0.275200 0.774800
vn -0.001500 0.246800 0.969100
vn -0.318100 -0.253400 0.913600
vn 0.924600 0.379900 -0.028900
vn 0.873900 0.309200 0.375000
vn 0.500300 0.247500 0.829700
vn 0.315500 -0.253400 0.914500
vn 0.567000 -0.275200 0.776400
vn 0.262200 -0.681000 0.683800
vn 0.945700 0.231300 0.228400
vn 0.953600 -0.291200 0.076900
vn 0.925200 -0.268900 0.267700
vn 0.511300 -0.826700 0.235000
vn 0.507900 -0.565900 0.649500
vn 0.911500 -0.351900 0.213000
vn 0.648400 -0.751300 0.123100
vn 0.461000 -0.850200 0.254400
vn 0.207000 -0.970000 0.127900
vn 0.163100 -0.950000 0.266400
vn 0.262400 -0.911600 0.316600
vn -0.461700 -0.850200 0.253000
vn -0.207400 -0.970000 0.127300
vn -0.645200 -0.754900 0.117900
vn -0.263300 -0.911500 0.315800
vn -0.912100 -0.357600 0.200500
vn -0.163800 -0.950000 0.266000
vn -0.264100 -0.681000 0.683000
vn -0.509700 -0.565900 0.648000
vn -0.001400 -0.301400 0.953500
vn -0.000500 -0.935300 0.354000
vn -0.423900 -0.798600 0.427400
vn -0.718300 -0.257300 0.646500
vn -0.824900 -0.560600 -0.072700
vn -0.989400 -0.014600 0.144700
vn -0.938900 0.029700 -0.342900
vn -0.898300 0.354100 -0.260100
vn -0.768900 0.327500 -0.549100
vn -0.815400 -0.006500 -0.578900
vn -0.700500 -0.458200 -0.547100
vn 0.443100 -0.795300 0.413800
vn 0.727800 -0.206700 0.653800
vn 0.982600 0.117100 0.144000
vn 0.930200 0.096000 -0.354200
vn 0.872900 0.417400 -0.252700
vn 0.319800 -0.936300 -0.144900
vn 0.211300 -0.971200 -0.110400
vn 0.768400 0.347200 -0.537500
vn 0.820600 0.029700 -0.570700
vn 0.000200 -0.987800 -0.155500
vn -0.600100 -0.124100 0.790300
vn -0.159000 -0.239700 0.957700
vn -0.029400 0.031700 0.999100
vn 0.116500 0.189200 0.975000
vn 0.408800 0.199100 0.890600
vn 0.275900 -0.343600 0.897700
vn 0.773600 0.206700 0.599000
vn 0.556400 0.370700 0.743600
vn 0.875200 0.220500 0.430600
vn 0.178000 0.519300 0.835900
vn 0.916700 0.103300 0.386000
vn 0.923000 0.096900 0.372300
vn 0.330000 -0.867700 0.371700
vn 0.417900 -0.809800 0.411800
vn -0.077600 -0.049700 0.995700
vn 0.664800 -0.408000 0.625700
vn 0.505500 0.546800 0.667400
vn 0.076700 0.918300 0.388300
vn 0.009400 0.929700 0.368100
vn -0.107400 0.918500 0.380500
vn -0.628500 0.536200 0.563400
vn -0.814200 -0.239800 0.528800
vn -0.544900 -0.704000 0.455500
vn -0.138900 -0.922700 0.359500
vn 0.018000 -0.941800 0.335600
vn 0.739800 0.634600 -0.223600
vn 0.666700 0.728700 -0.156600
vn 0.581100 0.809200 -0.086700
vn 0.189700 0.820800 -0.538800
vn 0.106400 0.963200 -0.246900
vn 0.354700 0.843000 -0.404400
vn 0.395600 0.725800 -0.562700
vn 0.374600 0.926300 0.040600
vn 0.508700 0.698000 -0.503900
vn 0.595200 0.799800 0.078100
vn 0.304200 0.855500 0.419000
vn 0.961100 0.233100 0.148000
vn 0.595200 0.799800 0.078000
vn 0.667400 -0.696400 -0.263800
vn 0.681800 -0.157600 -0.714400
vn 0.855900 -0.278300 -0.435900
vn 0.349600 -0.725400 -0.593000
vn 0.681800 -0.157600 -0.714300
vn 0.139200 0.926900 -0.348500
vn 0.205800 -0.773500 -0.599400
vn 0.139100 0.926900 -0.348500
vn 0.556600 0.557100 -0.616300
vn 0.047000 -0.933700 -0.354900
vn 0.050600 -0.848200 -0.527300
vn 0.019200 -0.934600 -0.355100
vn -0.160300 -0.803100 0.573900
vn 0.518600 -0.855000 0.007100
vn 0.040200 -0.988200 -0.148000
vn 0.888500 -0.438300 0.136000
vn -0.103700 -0.190900 0.976100
vn -0.160200 -0.803100 0.573900
vn -0.122600 -0.806600 0.578200
vn -0.013200 -0.987100 -0.159600
vn -0.200000 -0.162700 0.966200
vn 0.066700 0.676200 0.733700
vn -0.122600 -0.806600 0.578300
vn -0.239800 -0.174100 0.955100
vn 0.240100 0.966500 -0.090800
vn 0.066600 0.676200 0.733700
vn 0.304200 0.855500 0.418900
vn -0.313000 -0.067800 0.947300
vn -0.342100 0.879900 0.329600
vn -0.290500 0.956800 0.009600
vn -0.722300 0.667200 0.182000
vn -0.225700 0.974000 -0.021300
vn -0.892300 0.436700 0.114900
vn -0.975400 0.076800 0.206600
vn -0.781900 0.261200 0.566100
vn -0.572300 0.544100 0.613600
vn 0.022900 0.991500 -0.127900
vn -0.992700 0.000000 0.120800
vn -0.450600 0.272000 0.850300
vn -0.767000 0.068400 -0.637900
vn -0.592600 0.801600 0.079500
vn -0.128800 0.931900 -0.339200
vn -0.767000 0.068500 -0.637900
vn -0.661300 -0.701300 -0.266100
vn -0.856300 -0.280000 -0.434000
vn -0.961500 0.233100 0.145200
vn -0.592600 0.801600 0.079600
vn -0.374700 0.926300 0.039500
vn -0.337500 -0.731500 -0.592500
vn -0.202300 -0.774200 -0.599800
vn -0.045300 -0.933300 -0.356200
vn -0.047800 -0.846200 -0.530700
vn -0.014300 -0.934900 -0.354700
vn 0.159100 -0.803100 0.574300
vn -0.009600 -0.990500 -0.136800
vn 0.013600 -0.987100 -0.159600
vn 0.121000 -0.806600 0.578600
vn 0.159200 -0.803100 0.574200
vn -0.888900 -0.438300 0.133400
vn -0.305400 0.855500 0.418100
vn -0.352600 0.844200 -0.403700
vn 0.159100 -0.803100 0.574200
vn 0.101000 -0.190900 0.976400
vn -0.105700 0.963200 -0.247200
vn -0.374800 0.926300 0.039600
vn -0.188200 0.820800 -0.539400
vn -0.392200 0.726200 -0.564700
vn -0.503800 0.699100 -0.507400
vn -0.068600 0.676300 0.733500
vn 0.197200 -0.162700 0.966800
vn -0.068700 0.676200 0.733500
vn -0.239900 0.966500 -0.091500
vn 0.159200 -0.803000 0.574300
vn 0.237000 -0.174100 0.955800
vn 0.310300 -0.067900 0.948200
vn 0.159100 -0.803000 0.574300
vn -0.555200 0.567200 -0.608300
vn 0.341200 0.880000 0.330600
vn 0.570600 0.544100 0.615200
vn -0.022500 0.991500 -0.128000
vn 0.448200 0.272000 0.851600
vn 0.780300 0.261200 0.568300
vn 0.721800 0.667200 0.184100
vn 0.290400 0.956800 0.010300
vn 0.341100 0.879900 0.330600
vn 0.974800 0.076800 0.209300
vn 0.891900 0.436700 0.117400
vn 0.992300 0.000000 0.123600
vn 0.225800 0.973900 -0.020700
vn -0.748000 0.620900 -0.234500
vn -0.931600 -0.238200 0.274500
vn -0.979000 -0.162900 -0.122400
vn -0.985600 -0.072900 -0.152300
vn -0.852800 0.001000 0.522200
vn -0.782100 -0.304000 -0.544000
vn -0.582800 -0.332300 -0.741600
vn -0.570300 -0.518000 0.637600
vn -0.698500 -0.616200 0.363800
vn -0.929400 -0.353900 0.104900
vn -0.145200 -0.154100 0.977300
vn -0.370200 -0.816100 0.443700
vn 0.085500 -0.840500 0.535000
vn -0.161000 -0.879400 0.448100
vn -0.086400 -0.947200 0.308800
vn -0.230900 -0.969600 0.080800
vn 0.307100 -0.933400 0.185800
vn 0.864900 -0.344300 0.365300
vn 0.569500 -0.293200 0.767900
vn 0.684700 -0.108500 0.720700
vn -0.247300 -0.056900 0.967300
vn -0.878500 0.017400 0.477500
vn -0.992400 0.069200 -0.102100
vn -0.695700 0.137400 -0.705000
vn -0.037400 -0.058700 -0.997600
vn 0.129900 -0.445700 -0.885700
vn 0.722200 -0.041300 -0.690500
vn 0.758700 -0.314000 -0.570800
vn 0.159800 -0.837100 -0.523100
vn 0.596800 -0.738000 -0.314900
vn -0.246100 -0.958700 -0.142200
vn -0.111100 -0.896000 -0.430000
vn 0.059700 -0.731000 -0.679700
vn 0.059600 -0.775300 -0.628800
vn 0.000200 -0.558400 -0.829500
vn 0.147800 -0.603300 -0.783700
vn 0.911300 -0.272300 -0.308900
vn -0.190500 -0.647700 -0.737700
vn 0.964700 -0.039000 -0.260500
vn -0.395800 -0.462800 -0.793200
vn -0.688100 -0.260200 -0.677300
vn -0.266600 -0.398300 -0.877700
vn -0.000000 -0.555300 -0.831600
vn -0.947100 -0.166900 -0.274200
vn 0.829300 0.184100 -0.527600
vn 0.144200 0.401100 -0.904600
vn -0.614000 0.427100 -0.663800
vn 0.978000 0.024000 -0.207100
vn -0.973400 0.183400 -0.137200
vn -0.871800 -0.015100 0.489600
vn -0.205600 -0.176300 0.962600
vn 0.624200 -0.204800 0.753900
vn 0.129700 0.420400 -0.898000
vn -0.556200 0.403200 -0.726700
vn 0.075800 0.263800 -0.961600
vn 0.707800 0.111000 -0.697700
vn 0.832100 0.187100 -0.522100
vn 0.971800 -0.029200 -0.233900
vn 0.820500 0.121800 -0.558600
vn 0.965100 -0.101600 -0.241500
vn 0.982400 0.015800 -0.186100
vn 0.218700 0.264800 -0.939200
vn -0.667100 0.153700 -0.728900
vn -0.530200 0.316000 -0.786800
vn -0.986900 0.111700 -0.116100
vn -0.997000 0.018300 -0.075800
vn -0.822700 -0.255300 0.507900
vn -0.924100 -0.102700 0.368000
vn -0.321800 -0.375000 0.869400
vn -0.137500 -0.418700 0.897600
vn -0.958200 0.202400 -0.202200
vn 0.508900 -0.392500 0.766100
vn 0.603700 -0.335900 0.723000
vn -0.180100 -0.011200 0.983600
vn 0.641600 -0.071100 0.763700
vn 0.846400 -0.234400 0.478200
vn 0.964600 0.070900 0.253900
vn 0.726400 0.289200 0.623500
vn 0.932800 0.268600 0.240300
vn 0.936900 0.349400 -0.007500
vn 0.905100 0.413400 -0.099300
vn 0.861700 -0.254400 0.439000
vn 0.893300 -0.128400 0.430800
vn -0.787400 -0.035000 0.615500
vn -0.796100 0.444900 0.410200
vn -0.008400 0.599300 0.800500
vn 0.929600 0.291100 0.226300
vn 0.936000 0.321200 0.144100
vn 0.998300 0.012500 0.056900
vn 0.981800 -0.188200 -0.025100
vn 0.947000 -0.315400 -0.061300
vn 0.869500 -0.481300 -0.111000
vn 0.958300 -0.248200 0.141500
vn 0.794500 -0.562800 0.228300
vn 0.702700 -0.255500 0.664000
vn 0.447900 -0.576100 0.683700
vn 0.222500 -0.600500 0.768000
vn 0.823700 0.423500 0.377000
vn 0.523600 0.712700 0.466800
vn 0.386700 0.820600 0.420800
vn 0.441600 0.532300 0.722300
vn -0.244100 -0.181600 0.952600
vn -0.157400 -0.609000 0.777400
vn -0.719500 -0.502000 0.479900
vn -0.807500 -0.184600 0.560200
vn -0.200200 0.673000 0.712000
vn -0.745900 0.410700 0.524300
vn -0.442700 0.828100 0.343900
vn -0.026900 0.887200 0.460600
vn -0.862900 0.503700 0.042000
vn -0.561100 0.784700 0.263500
vn -0.871500 0.484600 -0.075100
vn -0.933100 0.005800 -0.359500
vn -0.992600 -0.121100 0.006700
vn -0.928500 -0.363100 -0.077100
vn -0.856800 -0.281200 -0.432200
vn -0.683400 -0.239100 -0.689800
vn -0.689300 0.135100 -0.711800
vn 0.058600 -0.207900 -0.976400
vn 0.192900 0.245800 -0.949900
vn 0.587900 -0.188000 -0.786800
vn 0.632900 0.330900 -0.700000
vn -0.628200 0.661100 -0.410400
vn 0.161900 0.809800 -0.563900
vn 0.519200 0.725800 -0.451200
vn -0.893400 0.448700 -0.022300
vn 0.138200 0.722300 -0.677700
vn 0.486000 0.593200 -0.641800
vn -0.609400 0.657300 -0.443400
vn -0.020700 0.883100 0.468700
vn 0.037000 -0.988200 -0.148600
vn 0.079400 -0.954500 -0.287500
vn 0.061000 -0.957200 -0.282800
vn 0.036200 -0.987400 -0.154400
vn 0.054000 -0.943300 -0.327400
vn 0.030900 -0.950000 -0.310700
vn 0.017700 -0.997300 -0.070700
vn 0.016100 -0.997600 -0.066800
vn 0.015300 -0.998000 -0.062100
vn 0.027900 -0.955000 -0.295400
vn 0.902600 -0.096100 0.419600
vn -0.768700 -0.249300 -0.589100
vn -0.955400 -0.257200 -0.145100
vn -0.955000 -0.218600 -0.200600
vn -0.290100 -0.187600 -0.938400
vn 0.719500 -0.314500 -0.619300
vn 0.727600 -0.261300 -0.634300
vn 0.549800 -0.410800 0.727400
vn 0.516300 -0.428900 0.741300
vn -0.167500 -0.239800 0.956300
vn -0.169700 -0.237800 0.956400
vn 0.000400 -1.000000 -0.003100
vn 0.000300 -1.000000 -0.003000
vn 0.000600 -1.000000 -0.003200
vn -0.221200 0.506000 0.833700
vn -0.331500 0.257400 0.907700
vn -0.115900 0.378900 0.918200
vn -0.122800 0.541000 0.832000
vn -0.566600 0.266300 0.779700
vn -0.369200 0.610200 0.701000
vn -0.171200 0.087300 0.981400
vn -0.378500 0.080100 0.922100
vn -0.651200 0.060000 0.756500
vn -0.846200 -0.028700 0.532000
vn -0.685400 0.232700 0.690000
vn -0.244000 0.638900 0.729600
vn -0.202100 0.517900 0.831200
vn -0.427000 0.591200 0.684200
vn -0.279300 0.797800 0.534300
vn -0.449300 0.567700 0.689800
vn -0.531400 0.421400 0.734900
vn -0.411100 0.033000 0.911000
vn -0.178300 0.039400 0.983200
vn -0.804600 0.043700 0.592200
vn -0.764500 0.142900 0.628500
vn -0.474800 0.119700 0.871900
vn -0.245300 0.118800 0.962100
vn -0.702700 0.333600 0.628400
vn -0.910800 0.321700 0.258700
vn -0.869300 0.492000 0.047100
vn -0.550000 0.413500 0.725700
vn -0.949400 0.209600 0.233800
vn -0.950900 0.042000 0.306700
vn -0.979800 0.160100 0.120000
vn -0.941600 0.304400 -0.143700
vn -0.957900 0.231900 -0.169500
vn -0.757200 0.345600 -0.554300
vn -0.937900 0.342200 -0.056800
vn -0.530300 0.320700 -0.784800
vn -0.718100 0.251800 -0.648700
vn -0.321000 0.404900 -0.856200
vn -0.273300 0.293300 -0.916100
vn -0.619800 0.199500 -0.759000
vn -0.180300 0.199500 -0.963200
vn -0.657100 0.418200 -0.627200
vn -0.926000 0.369100 0.079700
vn -0.954200 0.165900 -0.249100
vn -0.847700 0.365000 -0.384900
vn -0.946300 0.193000 -0.259400
vn -0.726100 0.186600 -0.661700
vn -0.759000 0.364400 -0.539500
vn -0.723600 0.183500 -0.665400
vn -0.840200 0.355200 -0.409700
vn -0.149600 0.441100 -0.884900
vn -0.321200 0.307400 -0.895700
vn -0.117100 0.374800 -0.919700
vn -0.338900 0.109300 -0.934500
vn -0.723900 0.337000 -0.602000
vn -0.487200 0.479000 -0.730100
vn -0.425000 0.548900 -0.719800
vn -0.392300 0.560700 -0.729200
vn -0.220700 0.492100 -0.842100
vn -0.817500 0.509400 -0.268700
vn -0.094500 0.320400 -0.942500
vn -0.092700 0.228900 -0.969000
vn -0.089800 0.350100 -0.932400
vn -0.351200 0.267900 -0.897200
vn -0.749300 0.058200 -0.659600
vn -0.012500 0.344100 -0.938900
vn -0.091800 0.469500 -0.878100
vn -0.209700 0.710800 -0.671400
vn -0.703000 -0.129800 -0.699300
vn -0.480300 0.576400 -0.661100
vn -0.583700 0.267700 -0.766600
vn -0.738400 0.560000 -0.375700
vn -0.531300 0.832500 -0.157200
vn -0.777200 0.620100 0.107000
vn -0.423300 0.899900 0.104600
vn -0.231900 0.972700 -0.012700
vn -0.242000 0.967600 0.071800
vn -0.971800 -0.069900 -0.225100
vn -0.984900 0.146500 -0.092100
vn -0.995100 0.093700 0.030400
vn -0.994300 0.081500 0.068400
vn -0.966600 0.172500 -0.189300
vn -0.972200 -0.035100 0.231400
vn -0.884200 -0.011700 0.466900
vn -0.993700 -0.070800 0.087300
vn -0.937100 -0.113000 0.330300
vn -0.868300 0.443500 -0.222000
vn -0.806500 0.486500 -0.336100
vn -0.872900 0.299900 0.384800
vn -0.823500 0.259000 0.504700
vn -0.768100 0.437800 0.467400
vn -0.250200 0.019400 0.968000
vn -0.387300 -0.230200 0.892800
vn 0.562200 -0.408300 0.719200
vn 0.441100 -0.551300 0.708200
vn -0.760100 0.556400 -0.335500
vn -0.294900 0.314000 -0.902500
vn -0.207100 0.393400 -0.895700
vn -0.527200 0.319500 -0.787400
vn -0.090200 -0.422300 -0.902000
vn 0.493700 -0.247400 -0.833700
vn 0.582300 -0.643000 -0.497400
vn 0.369300 -0.795900 -0.479700
vn 0.491400 -0.205700 0.846300
vn -0.131800 0.173800 0.975900
vn -0.706400 0.534000 0.464600
vn -0.814300 0.505600 -0.284900
vn -0.425800 0.255000 -0.868100
vn 0.760500 -0.581200 -0.289600
vn 0.944300 -0.317000 -0.088800
vn 0.548500 -0.018900 -0.835900
vn 0.881900 -0.315100 -0.350600
vn 0.864600 -0.359100 -0.351500
vn 0.435800 -0.130000 -0.890600
vn 0.906500 -0.360800 -0.219300
vn -0.100400 0.201100 0.974400
vn -0.743200 0.532300 0.405400
vn 0.217600 -0.249200 -0.943700
vn -0.481200 0.174100 -0.859200
vn 0.572400 -0.227000 0.787900
vn 0.569400 -0.190900 0.799600
vn -0.125200 0.276400 0.952900
vn 0.807500 -0.388100 0.444300
vn 0.825800 -0.419900 0.376500
vn 0.799400 -0.386700 0.459700
vn 0.792400 -0.419400 0.442900
vn 0.789900 -0.515900 0.331600
vn 0.357400 -0.635800 0.684200
vn 0.842100 -0.483300 0.239300
vn -0.326100 -0.436400 0.838500
vn -0.546300 -0.085100 0.833300
vn -0.042000 0.248900 0.967600
vn -0.704300 0.518100 0.485400
vn -0.726200 0.496300 0.475800
vn -0.854100 0.435900 -0.283600
vn -0.819700 0.444500 -0.361300
vn -0.506800 0.186700 -0.841600
vn 0.276300 -0.199600 -0.940100
vn 0.249300 -0.147700 -0.957100
vn -0.619100 0.236300 -0.748900
vn 0.773800 -0.415900 -0.477700
vn 0.801900 -0.403100 -0.440900
vn 0.881400 -0.454500 -0.128300
vn 0.884800 -0.426700 -0.187300
vn 0.884800 -0.459500 -0.077500
vn 0.857000 -0.409800 -0.312500
vn 0.871000 -0.489400 -0.044100
vn -0.873400 0.458800 -0.163300
vn 0.647200 -0.090400 0.757000
vn 0.187800 -0.225900 0.955900
vn 0.328800 -0.849400 0.412800
vn 0.787200 -0.574600 0.223700
vn 0.565700 -0.765000 -0.307700
vn 0.188200 -0.956100 -0.224500
vn 0.338600 -0.695700 -0.633600
vn 0.985100 -0.167500 -0.039700
vn 0.588200 -0.592200 -0.550800
vn 0.709300 0.372700 0.598400
vn 0.352900 0.411600 0.840300
vn 0.692700 -0.660500 0.289600
vn 0.910200 -0.289600 0.296100
vn 0.677900 0.097000 0.728700
vn 0.156700 -0.711900 -0.684600
vn -0.081400 -0.731900 -0.676500
vn 0.406100 0.351000 0.843800
vn 0.334200 0.145600 0.931200
vn 0.313200 0.533300 0.785800
vn 0.621900 -0.764300 0.170400
vn 0.872200 -0.486800 0.047400
vn 0.949900 -0.275600 0.147200
vn 0.517300 -0.053100 0.854200
vn 0.216800 -0.037100 0.975500
vn -0.001800 0.012300 0.999900
vn 0.714500 -0.667300 0.210400
vn 0.774200 -0.627900 -0.079600
vn 0.766700 -0.623100 -0.154400
vn 0.637700 -0.390400 -0.664000
vn 0.151200 -0.863600 -0.481000
vn 0.383100 -0.334800 -0.860900
vn -0.144400 -0.451200 0.880700
vn 0.831800 -0.416500 -0.366900
vn 0.548200 -0.477000 -0.687000
vn 0.915800 -0.390300 -0.094800
vn 0.694200 -0.566200 -0.444400
vn 0.498800 -0.728800 0.469100
vn 0.165700 -0.929500 -0.329500
vn 0.076300 -0.951400 0.298300
vn 0.005200 -0.528700 0.848800
vn 0.367900 -0.176900 0.912900
vn 0.547500 -0.376400 -0.747300
vn 0.300600 0.067100 0.951400
vn 0.951400 -0.286200 0.113400
vn 0.900800 -0.085400 -0.425700
vn 0.640300 -0.101500 -0.761400
vn 0.506100 -0.296700 -0.809800
vn 0.992300 -0.008600 -0.123600
vn 0.899300 -0.351900 -0.259700
vn 0.814900 -0.431300 -0.387200
vn 0.081900 -0.965600 -0.246600
vn 0.566300 -0.606800 0.557800
vn 0.363900 -0.829000 -0.424700
vn -0.324100 -0.920700 -0.217600
vn -0.030800 -0.967500 0.251200
vn 0.423500 -0.821600 0.381700
vn -0.047500 -0.743900 0.666600
vn 0.409300 -0.732000 0.544700
vn 0.935100 -0.335300 0.114500
vn 0.800900 -0.596300 -0.053500
vn -0.415600 -0.887400 0.199500
vn 0.876000 -0.214600 -0.432000
vn 0.890600 0.077100 -0.448100
vn 0.971100 0.126300 -0.202400
vn -0.594100 -0.802100 -0.060600
vn -0.566400 -0.785300 -0.250000
vn -0.597500 0.451000 0.663100
vn -0.468100 0.696500 0.543800
vn -0.948500 0.263300 0.176200
vn -0.232200 0.374300 0.897800
vn 0.016000 0.757300 0.652900
vn -0.972200 0.136700 0.189900
vn -0.913700 -0.310400 -0.262100
vn -0.994700 0.012000 0.102200
vn -0.578400 -0.594200 -0.558900
vn -0.827400 -0.345300 -0.442900
vn -0.640300 0.460300 0.614900
vn -0.164400 0.452500 0.876400
vn 0.120500 0.913800 0.387900
vn -0.523700 0.793500 0.310100
vn -0.841400 0.532100 0.094500
vn -0.971100 0.151000 -0.184600
vn -0.984100 -0.020800 -0.176300
vn -0.807100 0.163000 0.567400
vn -0.970100 -0.133100 -0.202800
vn -0.864400 0.387200 -0.320700
vn -0.691400 -0.199200 -0.694400
vn -0.922600 -0.385900 -0.000100
vn -0.771200 0.547600 -0.324600
vn -0.481600 0.266100 -0.835000
vn -0.360900 0.230300 -0.903700
vn -0.160200 0.073100 -0.984400
vn -0.112100 0.012100 -0.993600
vn -0.163400 0.102400 -0.981200
vn -0.946200 0.135700 -0.293900
vn -0.875500 -0.127200 0.466100
vn -0.930800 0.118400 -0.345900
vn -0.377900 0.057000 -0.924100
vn -0.064600 0.067300 -0.995600
vn -0.335300 0.217100 -0.916700
vn -0.926000 0.043100 -0.374900
vn -0.410600 0.055500 -0.910100
vn -0.913200 -0.019900 -0.406900
vn -0.881800 -0.172800 0.438800
vn -0.905200 -0.103300 0.412200
vn -0.658700 -0.211100 0.722100
vn -0.582400 -0.186800 0.791200
vn -0.830800 -0.301500 0.467800
vn -0.351800 0.079700 -0.932700
vn -0.037600 0.158600 -0.986600
vn -0.523300 -0.716500 0.461200
vn -0.738200 -0.607700 -0.292900
vn -0.509000 -0.839100 -0.192100
vn -0.143700 -0.600100 -0.786900
vn -0.393100 -0.100100 -0.914000
vn -0.053500 0.046400 -0.997500
vn -0.299900 -0.325800 -0.896600
vn -0.607100 -0.268800 -0.747800
vn -0.475800 -0.249000 -0.843600
vn -0.967900 -0.128800 -0.215600
vn -0.967900 0.005000 -0.251400
vn -0.865500 0.042800 0.499200
vn -0.380600 0.176400 0.907800
vn -0.593300 -0.309100 -0.743200
vn -0.907400 -0.368600 -0.202100
vn -0.490400 -0.606400 -0.625900
vn -0.848100 -0.508800 0.147600
vn -0.868500 -0.076200 0.489800
vn -0.612800 -0.187800 0.767600
vn -0.428200 0.223900 0.875500
vn -0.754100 0.130500 0.643700
vn -0.103500 -0.278400 -0.954900
vn -0.515400 0.045100 0.855700
vn 0.673000 -0.224900 -0.704600
vn 0.815200 -0.317300 -0.484400
vn 0.795900 -0.035700 -0.604400
vn 0.938400 -0.140000 -0.316000
vn 0.897900 -0.400800 0.182100
vn 0.860400 -0.507300 0.048200
vn 0.326700 -0.422900 0.845200
vn -0.146300 -0.320600 0.935800
vn 0.788200 -0.135500 -0.600300
vn 0.780600 -0.577800 0.238100
vn 0.847000 -0.420000 -0.325900
vn 0.604000 -0.720900 -0.339800
vn 0.468300 -0.855400 0.221300
vn 0.316200 -0.619000 0.719000
vn 0.193600 -0.701500 0.685900
vn -0.055100 -0.338700 0.939300
vn -0.638000 -0.514700 0.572800
vn -0.440000 -0.079900 0.894400
vn -0.685200 0.087600 0.723000
vn -0.881700 -0.408500 0.236100
vn -0.629400 -0.765100 -0.135800
vn -0.771400 -0.512700 -0.376900
vn -0.980700 -0.055500 0.187400
vn -0.732300 -0.516300 -0.444100
vn -0.626600 0.355000 0.693800
vn -0.448400 -0.593800 -0.668100
vn -0.369500 0.441000 0.817900
vn -0.997700 -0.001300 0.067800
vn -0.694400 -0.522400 -0.494800
vn -0.432600 -0.594000 -0.678200
vn -0.697800 0.304300 0.648500
vn -0.358300 0.499400 0.788800
vn -0.444100 -0.184100 0.876800
vn -0.678300 0.103900 0.727500
vn 0.052300 0.713000 0.699300
vn -0.234900 0.740800 0.629400
vn -0.695700 0.107300 0.710300
vn 0.379800 0.878300 0.290400
vn 0.351200 0.862800 0.363700
vn -0.214300 0.864100 0.455400
vn 0.309400 0.917900 0.248600
vn 0.508600 0.841600 0.181700
vn 0.388100 0.847800 0.361500
vn 0.656000 0.600800 0.456800
vn 0.164300 0.073500 0.983700
vn -0.085800 0.621900 0.778400
vn -0.677200 0.100700 0.728900
vn -0.450400 -0.371900 0.811700
vn -0.781200 0.194900 0.593100
vn -0.839100 -0.223000 0.496200
vn -0.816400 -0.242100 0.524300
vn 0.440600 0.807700 0.391700
vn 0.416500 0.849900 0.322800
vn -0.424200 0.356400 0.832500
vn -0.619500 0.485500 0.616900
vn 0.025300 0.428000 0.903400
vn 0.051300 0.441600 0.895700
vn 0.099800 0.654400 0.749500
vn -0.711100 0.563500 0.420600
vn 0.065000 0.141600 0.987800
vn 0.330100 0.136800 0.934000
vn -0.496500 0.243000 0.833300
vn -0.138000 0.431700 0.891400
vn -0.466700 0.284900 0.837300
vn -0.086700 0.692700 0.716000
vn -0.701200 0.516600 0.491300
vn -0.729000 0.224300 0.646700
vn -0.300100 0.213300 0.929700
vn -0.911100 0.192900 0.364400
vn -0.737200 0.665400 0.117400
vn -0.428400 0.641800 0.636100
vn -0.758500 0.627400 -0.176100
vn 0.102300 0.276400 0.955600
vn -0.937000 0.286800 0.199400
vn -0.949500 0.213300 0.230300
vn -0.798300 0.394800 0.454800
vn -0.715500 0.449900 0.534500
vn 0.717600 -0.317000 0.620100
vn 0.821000 -0.433000 0.372200
vn 0.930800 -0.238200 0.277100
vn 0.851400 0.001000 0.524600
vn 0.986100 -0.072900 -0.149500
vn 0.979400 -0.163000 -0.119600
vn 0.783600 -0.304000 -0.541700
vn 0.584900 -0.332300 -0.739900
vn 0.568400 -0.518000 0.639200
vn 0.697500 -0.616200 0.365800
vn 0.929100 -0.353800 0.107600
vn 0.142500 -0.154100 0.977700
vn 0.368900 -0.816100 0.444800
vn -0.087000 -0.840500 0.534700
vn 0.159700 -0.879400 0.448500
vn 0.085600 -0.947200 0.309000
vn 0.230700 -0.969600 0.081400
vn -0.307600 -0.933400 0.184900
vn -0.865900 -0.344300 0.362800
vn -0.571700 -0.293200 0.766300
vn -0.686800 -0.108500 0.718700
vn 0.244600 -0.056900 0.968000
vn 0.877100 0.017400 0.480000
vn 0.992600 0.069200 -0.099300
vn 0.697700 0.137400 -0.703000
vn 0.040200 -0.058700 -0.997500
vn -0.127400 -0.445800 -0.886000
vn -0.720200 -0.041300 -0.692500
vn -0.757100 -0.314000 -0.572900
vn -0.158300 -0.837100 -0.523600
vn -0.595900 -0.738000 -0.316700
vn 0.246500 -0.958700 -0.141500
vn 0.112300 -0.896000 -0.429700
vn -0.057800 -0.731000 -0.679900
vn -0.057800 -0.775300 -0.629000
vn 0.002200 -0.558400 -0.829500
vn -0.145600 -0.603300 -0.784100
vn -0.910400 -0.272300 -0.311500
vn 0.192600 -0.647700 -0.737200
vn -0.964000 -0.038900 -0.263200
vn 0.398000 -0.462800 -0.792100
vn 0.690000 -0.260200 -0.675400
vn 0.269100 -0.398300 -0.876900
vn 0.002400 -0.555300 -0.831600
vn 0.947900 -0.166900 -0.271500
vn -0.827800 0.184100 -0.529900
vn -0.977400 0.024000 -0.209800
vn -0.141700 0.401100 -0.905000
vn 0.615900 0.427100 -0.662000
vn 0.973800 0.183300 -0.134400
vn 0.870400 -0.015100 0.492000
vn 0.202900 -0.176300 0.963200
vn -0.626400 -0.204800 0.752100
vn -0.127100 0.420500 -0.898400
vn 0.558300 0.403200 -0.725100
vn -0.073100 0.263800 -0.961800
vn -0.705800 0.111000 -0.699700
vn -0.830600 0.187100 -0.524500
vn -0.971200 -0.029200 -0.236600
vn -0.818900 0.121800 -0.560900
vn -0.964400 -0.101600 -0.244200
vn -0.981900 0.015900 -0.188900
vn -0.216000 0.264800 -0.939800
vn 0.669200 0.153700 -0.727000
vn 0.532500 0.316000 -0.785300
vn 0.987300 0.111700 -0.113300
vn 0.997200 0.018300 -0.073000
vn 0.821300 -0.255300 0.510200
vn 0.923100 -0.102700 0.370700
vn 0.319400 -0.375000 0.870300
vn 0.135000 -0.418700 0.898000
vn 0.958800 0.202400 -0.199500
vn -0.511100 -0.392500 0.764700
vn -0.605700 -0.335900 0.721300
vn 0.177300 -0.011200 0.984100
vn -0.643800 -0.071200 0.761900
vn -0.847700 -0.234400 0.475800
vn -0.965300 0.070900 0.251200
vn -0.728200 0.289200 0.621400
vn -0.933500 0.268600 0.237700
vn -0.936900 0.349500 -0.010200
vn -0.904800 0.413500 -0.101900
vn -0.863000 -0.254400 0.436500
vn -0.894500 -0.128400 0.428200
vn 0.785600 -0.035000 0.617700
vn 0.795000 0.444900 0.412400
vn 0.006100 0.599300 0.800500
vn -0.930200 0.291100 0.223600
vn -0.936400 0.321200 0.141400
vn -0.998500 0.012500 0.054100
vn -0.981700 -0.188200 -0.027900
vn -0.946800 -0.315400 -0.064000
vn -0.869200 -0.481300 -0.113500
vn -0.958700 -0.248200 0.138700
vn -0.795100 -0.562800 0.226000
vn -0.704600 -0.255500 0.662000
vn -0.449900 -0.576100 0.682400
vn -0.224700 -0.600500 0.767400
vn -0.824800 0.423500 0.374600
vn -0.524900 0.712700 0.465300
vn -0.387900 0.820600 0.419700
vn -0.443600 0.532300 0.721000
vn 0.241300 -0.181600 0.953300
vn 0.155200 -0.609000 0.777800
vn 0.718100 -0.502000 0.482000
vn 0.805900 -0.184600 0.562500
vn 0.198200 0.673000 0.712600
vn 0.744400 0.410700 0.526500
vn 0.441700 0.828100 0.345200
vn 0.025600 0.887200 0.460700
vn 0.862700 0.503700 0.044400
vn 0.560400 0.784700 0.265100
vn 0.871700 0.484600 -0.072600
vn 0.934100 0.005800 -0.356900
vn 0.992600 -0.121100 0.009500
vn 0.928800 -0.363100 -0.074500
vn 0.858100 -0.281200 -0.429700
vn 0.685400 -0.239100 -0.687800
vn 0.691300 0.135100 -0.709800
vn -0.055800 -0.207900 -0.976500
vn -0.190200 0.245900 -0.950500
vn -0.585700 -0.188000 -0.788500
vn -0.630900 0.330900 -0.701800
vn 0.629300 0.661100 -0.408600
vn -0.160300 0.809800 -0.564300
vn -0.517900 0.725800 -0.452700
vn 0.893500 0.448700 -0.019700
vn -0.136200 0.722300 -0.678100
vn -0.484100 0.593200 -0.643200
vn 0.610600 0.657300 -0.441700
vn 0.019300 0.883100 0.468700
vn -0.036600 -0.988200 -0.148700
vn -0.035800 -0.987400 -0.154500
vn -0.060200 -0.957200 -0.282900
vn -0.078600 -0.954500 -0.287700
vn -0.053000 -0.943300 -0.327600
vn -0.030000 -0.950000 -0.310800
vn -0.017600 -0.997300 -0.070800
vn -0.015900 -0.997600 -0.066800
vn -0.015100 -0.998000 -0.062100
vn -0.027100 -0.955000 -0.295500
vn -0.903800 -0.096100 0.417000
vn 0.770300 -0.249300 -0.586900
vn 0.292800 -0.187600 -0.937600
vn 0.955500 -0.218700 -0.197900
vn 0.955800 -0.257200 -0.142400
vn -0.717700 -0.314400 -0.621300
vn -0.725800 -0.261300 -0.636300
vn -0.551800 -0.410800 0.725800
vn -0.518400 -0.428900 0.739800
vn 0.164800 -0.239800 0.956700
vn 0.167000 -0.237800 0.956900
vn -0.000400 -1.000000 -0.003100
vn -0.000500 -1.000000 -0.003200
vn -0.000300 -1.000000 -0.003000
vn 0.218800 0.506000 0.834300
vn 0.120400 0.541000 0.832300
vn 0.113200 0.378900 0.918500
vn 0.328900 0.257400 0.908600
vn 0.564400 0.266300 0.781400
vn 0.367200 0.610200 0.702000
vn 0.168400 0.087300 0.981800
vn 0.375800 0.080100 0.923200
vn 0.671200 0.051300 0.739500
vn 0.833900 -0.063700 0.548200
vn 0.683400 0.232700 0.691900
vn 0.242000 0.638900 0.730300
vn 0.199700 0.517900 0.831800
vn 0.425000 0.591200 0.685400
vn 0.277800 0.797800 0.535100
vn 0.447300 0.567700 0.691100
vn 0.529300 0.421400 0.736400
vn 0.408500 0.033000 0.912200
vn 0.175500 0.039500 0.983700
vn 0.816000 0.079300 0.572600
vn 0.762800 0.142900 0.630700
vn 0.472300 0.119700 0.873300
vn 0.242600 0.118900 0.962800
vn 0.700900 0.333600 0.630400
vn 0.910100 0.321700 0.261300
vn 0.869200 0.492000 0.049600
vn 0.547900 0.413400 0.727300
vn 0.948800 0.209600 0.236500
vn 0.933000 0.075900 0.351800
vn 0.942100 0.304400 -0.141000
vn 0.958300 0.231900 -0.167000
vn 0.758800 0.345600 -0.552100
vn 0.938100 0.342200 -0.054100
vn 0.532600 0.320700 -0.783300
vn 0.719900 0.251800 -0.646700
vn 0.323400 0.404900 -0.855300
vn 0.278000 0.293200 -0.914700
vn 0.421800 0.356400 0.833700
vn 0.658800 0.418200 -0.625300
vn 0.925700 0.369200 0.082300
vn 0.954900 0.165900 -0.246400
vn 0.848800 0.365000 -0.382500
vn 0.947000 0.192900 -0.256700
vn 0.728000 0.186600 -0.659700
vn 0.760600 0.364400 -0.537400
vn 0.725500 0.183500 -0.663300
vn 0.841400 0.355200 -0.407300
vn 0.152100 0.441100 -0.884500
vn 0.323800 0.307400 -0.894800
vn 0.119700 0.374800 -0.919400
vn 0.341500 0.109300 -0.933500
vn 0.725600 0.337000 -0.599900
vn 0.489300 0.479000 -0.728700
vn 0.427000 0.548900 -0.718600
vn 0.394300 0.560400 -0.728400
vn 0.223100 0.492100 -0.841500
vn 0.818300 0.509400 -0.266300
vn 0.097200 0.320500 -0.942300
vn 0.184500 0.199500 -0.962400
vn 0.095400 0.228900 -0.968800
vn 0.092500 0.350100 -0.932100
vn 0.353800 0.267900 -0.896100
vn 0.751100 0.058000 -0.657700
vn 0.015200 0.344200 -0.938800
vn 0.094300 0.469500 -0.877900
vn 0.211600 0.710800 -0.670800
vn 0.705000 -0.129800 -0.697300
vn 0.482200 0.576400 -0.659700
vn 0.585800 0.267600 -0.765000
vn 0.739500 0.560000 -0.373600
vn 0.531700 0.832500 -0.155700
vn 0.776900 0.620100 0.109200
vn 0.423000 0.899900 0.105800
vn 0.231900 0.972700 -0.012000
vn 0.241800 0.967600 0.072500
vn 0.972500 -0.070000 -0.222400
vn 0.985600 0.144300 -0.087900
vn 0.995000 0.094100 0.034600
vn 0.993900 0.083200 0.071700
vn 0.967200 0.172200 -0.186800
vn 0.978700 0.163500 0.124600
vn 0.958500 -0.048100 0.280900
vn 0.993400 -0.070800 0.090200
vn 0.936100 -0.113000 0.333000
vn 0.623500 0.199300 -0.756000
vn 0.869200 -0.010800 0.494300
vn 0.869000 0.443500 -0.219500
vn 0.822100 0.259000 0.507000
vn 0.871900 0.299900 0.387200
vn 0.807400 0.486500 -0.333800
vn 0.766700 0.437800 0.469600
vn 0.247500 0.019400 0.968700
vn 0.384800 -0.230200 0.893900
vn -0.564200 -0.408300 0.717600
vn -0.443100 -0.551300 0.707000
vn 0.761100 0.556400 -0.333400
vn 0.297500 0.314000 -0.901600
vn 0.209700 0.393400 -0.895100
vn 0.529400 0.319500 -0.785900
vn 0.092700 -0.422300 -0.901700
vn -0.491300 -0.247400 -0.835100
vn -0.580900 -0.643000 -0.499100
vn -0.368000 -0.795900 -0.480700
vn -0.493800 -0.205600 0.844900
vn 0.129000 0.173800 0.976300
vn 0.705100 0.534000 0.466600
vn 0.815100 0.505600 -0.282700
vn 0.428300 0.255000 -0.866900
vn -0.759700 -0.581200 -0.291800
vn -0.944000 -0.316900 -0.091500
vn -0.546100 -0.018900 -0.837500
vn -0.880900 -0.315100 -0.353100
vn -0.863600 -0.359100 -0.353900
vn -0.433200 -0.130000 -0.891900
vn -0.905800 -0.360800 -0.221900
vn 0.097600 0.201100 0.974700
vn 0.742000 0.532300 0.407500
vn -0.214900 -0.249300 -0.944300
vn 0.483600 0.174100 -0.857800
vn -0.574700 -0.227000 0.786300
vn -0.571600 -0.190900 0.798000
vn 0.122500 0.276300 0.953200
vn -0.808700 -0.388100 0.442000
vn -0.826900 -0.419900 0.374100
vn -0.800700 -0.386700 0.457500
vn -0.793700 -0.419400 0.440600
vn -0.790800 -0.515900 0.329300
vn -0.359300 -0.635800 0.683200
vn -0.842800 -0.483300 0.236900
vn 0.323800 -0.436400 0.839500
vn 0.543900 -0.085100 0.834800
vn 0.039200 0.248800 0.967800
vn 0.702900 0.518000 0.487400
vn 0.724800 0.496300 0.477800
vn 0.855000 0.435900 -0.281200
vn 0.820700 0.444500 -0.358900
vn 0.509200 0.186700 -0.840200
vn -0.273600 -0.199600 -0.940900
vn -0.246700 -0.147700 -0.957800
vn 0.621200 0.236300 -0.747100
vn -0.772400 -0.416000 -0.479900
vn -0.800700 -0.403100 -0.443200
vn -0.881100 -0.454500 -0.130800
vn -0.884300 -0.426700 -0.189800
vn -0.884600 -0.459500 -0.080000
vn -0.856100 -0.409800 -0.315000
vn -0.870900 -0.489300 -0.046600
vn 0.873900 0.458800 -0.160800
vn -0.649300 -0.090400 0.755100
vn -0.787900 -0.574600 0.221400
vn -0.330000 -0.849400 0.411900
vn -0.190500 -0.225900 0.955300
vn -0.564800 -0.765000 -0.309400
vn -0.187600 -0.956100 -0.225000
vn -0.336800 -0.695700 -0.634500
vn -0.985000 -0.167500 -0.042500
vn -0.586600 -0.592200 -0.552500
vn -0.711000 0.372700 0.596400
vn -0.355200 0.411600 0.839300
vn -0.693600 -0.660500 0.287600
vn -0.911000 -0.289600 0.293600
vn -0.680000 0.097000 0.726800
vn -0.154700 -0.711900 -0.685000
vn 0.083400 -0.731900 -0.676300
vn -0.408500 0.350900 0.842600
vn -0.336900 0.145700 0.930200
vn -0.315400 0.533300 0.784900
vn -0.622400 -0.764300 0.168600
vn -0.872400 -0.486800 0.044900
vn -0.950300 -0.275600 0.144500
vn -0.519700 -0.053200 0.852700
vn -0.219600 -0.037200 0.974900
vn -0.001100 0.012300 0.999900
vn -0.715100 -0.667300 0.208400
vn -0.774000 -0.627900 -0.081800
vn -0.766300 -0.623200 -0.156600
vn -0.635800 -0.390400 -0.665800
vn -0.149900 -0.863600 -0.481400
vn -0.380700 -0.334800 -0.862000
vn 0.141900 -0.451200 0.881100
vn -0.830800 -0.416500 -0.369200
vn -0.546300 -0.477000 -0.688500
vn -0.915500 -0.390300 -0.097400
vn -0.692900 -0.566200 -0.446400
vn -0.500100 -0.728800 0.467800
vn -0.164800 -0.929500 -0.330000
vn -0.077200 -0.951400 0.298100
vn -0.007600 -0.528700 0.848800
vn -0.370500 -0.176900 0.911800
vn -0.545400 -0.376400 -0.748900
vn -0.303400 0.067000 0.950500
vn -0.951700 -0.286200 0.110700
vn -0.899600 -0.085400 -0.428300
vn -0.638100 -0.101600 -0.763200
vn -0.503800 -0.296700 -0.811300
vn -0.991900 -0.008600 -0.126400
vn -0.898600 -0.351800 -0.262300
vn -0.813800 -0.431300 -0.389500
vn -0.081200 -0.965600 -0.246900
vn -0.567900 -0.606800 0.556200
vn -0.362700 -0.829000 -0.425700
vn 0.324700 -0.920700 -0.216700
vn 0.030100 -0.967400 0.251300
vn -0.424500 -0.821600 0.380500
vn 0.045600 -0.743900 0.666700
vn -0.410800 -0.732000 0.543500
vn -0.935400 -0.335300 0.111900
vn -0.800800 -0.596400 -0.055800
vn 0.415100 -0.887400 0.200700
vn -0.874700 -0.214600 -0.434500
vn -0.889400 0.077100 -0.450600
vn -0.970500 0.126300 -0.205200
vn 0.594300 -0.802100 -0.059000
vn 0.567100 -0.785300 -0.248400
vn 0.584100 0.482800 0.652500
vn 0.948000 0.263300 0.178900
vn 0.466600 0.696500 0.545200
vn 0.328700 0.394700 0.858000
vn -0.017900 0.757300 0.652800
vn 0.977000 0.108500 0.183600
vn 0.907000 -0.339400 -0.249400
vn 0.994400 0.012100 0.105100
vn 0.584300 -0.596100 -0.550700
vn 0.816800 -0.372400 -0.440500
vn 0.619100 0.484100 0.618300
vn 0.122900 0.489400 0.863300
vn -0.121600 0.913800 0.387600
vn 0.522800 0.793500 0.311600
vn 0.841100 0.532100 0.096900
vn 0.971700 0.151000 -0.181800
vn 0.984600 -0.020700 -0.173400
vn 0.805500 0.163100 0.569700
vn 0.983600 -0.082500 -0.160200
vn 0.865400 0.387200 -0.318200
vn 0.693400 -0.199200 -0.692500
vn 0.772100 0.547600 -0.322300
vn 0.484000 0.266100 -0.833600
vn 0.363500 0.230300 -0.902700
vn 0.163100 0.073100 -0.983900
vn 0.114900 0.012100 -0.993300
vn 0.166200 0.102400 -0.980800
vn 0.938900 0.172700 -0.297700
vn 0.851400 -0.093700 0.516000
vn 0.921800 0.114900 -0.370400
vn 0.380500 0.057200 -0.923000
vn 0.067400 0.067400 -0.995400
vn 0.979700 -0.022800 -0.198900
vn 0.914100 -0.116700 0.388300
vn 0.926000 0.047700 -0.374500
vn 0.337900 0.217300 -0.915700
vn 0.418900 0.170500 -0.891900
vn -0.027900 0.248700 -0.968200
vn 0.883900 -0.170100 0.435600
vn 0.923000 -0.007500 -0.384800
vn 0.319000 0.153300 -0.935300
vn 0.831100 -0.303400 0.466100
vn 0.580200 -0.186700 0.792800
vn 0.641200 -0.239900 0.728900
vn 0.522000 -0.716500 0.462700
vn 0.739000 -0.607700 -0.290800
vn 0.509500 -0.839100 -0.190700
vn 0.145900 -0.600100 -0.786500
vn 0.394100 -0.141700 -0.908100
vn -0.046300 -0.003800 -0.998900
vn 0.907200 -0.402000 0.123900
vn 0.303600 -0.327400 -0.894800
vn 0.610700 -0.267700 -0.745200
vn 0.482000 -0.247800 -0.840400
vn 0.959400 -0.120000 -0.255200
vn 0.597000 -0.309100 -0.740300
vn 0.907900 -0.368600 -0.199600
vn 0.492200 -0.606300 -0.624600
vn 0.847700 -0.508800 0.150000
vn 0.867100 -0.076200 0.492200
vn 0.610600 -0.187800 0.769400
vn 0.425700 0.223900 0.876700
vn 0.824400 0.072300 0.561400
vn 0.107700 -0.277500 -0.954700
vn 0.378000 0.176400 0.908900
vn 0.788700 0.110900 0.604700
vn 0.513000 0.045100 0.857200
vn -0.671000 -0.225000 -0.706500
vn -0.813900 -0.317300 -0.486800
vn -0.794200 -0.035700 -0.606600
vn -0.937500 -0.139900 -0.318600
vn -0.898400 -0.400800 0.179500
vn -0.860500 -0.507300 0.045700
vn -0.329200 -0.422900 0.844300
vn 0.143600 -0.320700 0.936300
vn -0.786500 -0.135500 -0.602600
vn -0.781300 -0.577900 0.236000
vn -0.846100 -0.419900 -0.328300
vn -0.603000 -0.720900 -0.341600
vn -0.468900 -0.855400 0.220000
vn -0.318200 -0.619000 0.718100
vn -0.195600 -0.701500 0.685300
vn 0.052300 -0.338700 0.939400
vn 0.636400 -0.514600 0.574600
vn 0.881000 -0.408500 0.238700
vn 0.683200 0.087600 0.725000
vn 0.437500 -0.079900 0.895700
vn 0.629800 -0.765100 -0.134000
vn 0.772500 -0.512700 -0.374700
vn 0.980200 -0.055500 0.190100
vn 0.733600 -0.516300 -0.442000
vn 0.624600 0.355000 0.695600
vn 0.450300 -0.593800 -0.666800
vn 0.367100 0.441000 0.819000
vn 0.998300 -0.006000 0.057900
vn 0.696500 -0.518700 -0.495900
vn 0.436400 -0.595100 -0.674800
vn 0.696000 0.292500 0.655700
vn 0.338400 0.486800 0.805300
vn 0.646300 -0.422900 0.635200
vn 0.766800 0.040300 0.640600
vn -0.042600 0.738100 0.673400
vn 0.224200 0.757700 0.612800
vn 0.669400 0.102800 0.735700
vn 0.781500 -0.313100 0.539700
vn -0.372800 0.879000 0.297200
vn -0.351200 0.865000 0.358300
vn 0.193200 0.865600 0.461900
vn -0.310200 0.917800 0.247700
vn -0.389100 0.847800 0.360400
vn -0.499400 0.845900 0.187400
vn -0.657300 0.600800 0.455000
vn -0.167100 0.073500 0.983200
vn 0.083600 0.621900 0.778600
vn 0.660200 0.107900 0.743300
vn 0.448000 -0.371900 0.813000
vn 0.775400 0.226400 0.589500
vn 0.838900 -0.222200 0.496900
vn -0.433200 0.805900 0.403600
vn -0.417400 0.849900 0.321600
vn -0.053900 0.441600 0.895600
vn -0.027800 0.428000 0.903300
vn 0.617700 0.485500 0.618700
vn -0.102000 0.654400 0.749200
vn 0.709900 0.563500 0.422600
vn -0.067800 0.141600 0.987600
vn -0.332800 0.136800 0.933000
vn 0.494200 0.243000 0.834700
vn 0.135500 0.431700 0.891800
vn 0.160600 0.213000 0.963800
vn 0.084700 0.692700 0.716200
vn 0.953200 0.299500 0.042600
vn 0.699800 0.516600 0.493300
vn 0.727200 0.224300 0.648800
vn 0.739000 0.254200 0.623900
vn 0.736900 0.665400 0.119500
vn 0.426600 0.641800 0.637200
vn 0.759000 0.627400 -0.173900
vn 0.936500 0.286800 0.202100
vn 0.948800 0.213400 0.233000
vn 0.797000 0.394800 0.457100
vn 0.713900 0.449900 0.536500
vn 0.297500 0.213300 0.930600
vn -0.719400 -0.317000 0.618000
vn -0.822000 -0.433000 0.369900
vn -0.214500 0.518300 0.827900
vn -0.468800 -0.141800 0.871900
vn -0.115700 0.831400 0.543600
vn 0.138500 -0.923300 0.358100
vn 0.547300 -0.705600 0.450200
vn 0.081700 -0.051900 0.995300
vn 0.819300 -0.239200 0.521100
vn 0.632300 0.538000 0.557500
vn 0.107300 0.918700 0.380100
vn -0.014800 0.928900 0.369900
vn -0.080100 0.917700 0.389100
vn -0.499600 0.546300 0.672300
vn -0.655100 -0.416600 0.630300
vn -0.412300 -0.812700 0.411800
vn -0.333700 -0.864500 0.375900
vn -0.018900 -0.941700 0.335800
vn 0.190500 -0.036900 0.981000
vn -0.167500 0.318500 0.933000
vn -0.326800 -0.139500 0.934700
vn -0.034500 -0.523900 0.851100
vn 0.462000 -0.431800 0.774700
vn 0.694800 0.066200 0.716100
vn 0.364000 0.420100 0.831300
vn -0.467800 0.123200 0.875200
vn -0.351400 0.427100 0.833100
vn -0.013800 0.612200 0.790600
vn -0.416500 -0.257700 0.871800
vn -0.334100 -0.514300 0.789900
vn -0.011900 -0.742100 0.670200
vn 0.308800 -0.709500 0.633400
vn 0.681900 -0.498300 0.535500
vn 0.763300 -0.254400 0.593800
vn 0.663100 0.397300 0.634400
vn 0.798300 0.161200 0.580300
vn 0.861800 -0.073900 0.501800
vn 0.316400 0.613100 0.723900
vn -0.194200 -0.038000 0.980200
vn 0.369400 -0.138900 0.918800
vn 0.196000 0.330400 0.923300
vn 0.057300 -0.527000 0.847900
vn -0.451600 -0.409100 0.792900
vn -0.664300 0.049400 0.745900
vn -0.345200 0.412300 0.843100
vn 0.536000 0.140800 0.832400
vn 0.410000 0.430500 0.804100
vn 0.051400 0.622500 0.781000
vn 0.500200 -0.263100 0.825000
vn 0.393400 -0.525900 0.754100
vn 0.069000 -0.754400 0.652800
vn -0.274400 -0.717700 0.640000
vn -0.654500 -0.470400 0.591900
vn -0.728200 -0.242500 0.641000
vn -0.631100 0.390100 0.670400
vn -0.755700 0.156500 0.636000
vn -0.813700 -0.094300 0.573600
vn -0.266800 0.614000 0.742900
vn -0.577700 0.811700 -0.085900
vn -0.485900 -0.651800 0.582400
vn -0.459500 -0.502300 0.732400
vn -0.375800 -0.721700 0.581200
vn -0.322000 -0.811900 0.486900
vn -0.142100 -0.822800 0.550300
vn -0.107700 -0.832100 0.544000
vn -0.040300 -0.806100 0.590400
vn -0.221800 -0.885500 0.408300
vn -0.234400 -0.864800 0.444100
vn 0.131600 -0.638600 0.758200
vn 0.135900 -0.599300 0.788900
vn 0.105900 -0.708300 0.697900
vn 0.089800 -0.742200 0.664100
vn 0.065500 -0.803100 0.592200
vn 0.057200 -0.803800 0.592200
vn 0.646400 -0.606200 0.463300
vn 0.542500 -0.787400 0.292800
vn 0.405800 -0.830000 0.382600
vn 0.263100 -0.908800 0.323800
vn 0.109300 -0.844400 0.524500
vn 0.387600 -0.757800 0.525000
vn 0.523700 -0.645200 0.556300
vn 0.251800 -0.799100 0.545900
vn 0.105200 -0.847400 0.520500
vn -0.030600 -0.832000 0.553900
vn -0.438300 -0.821800 0.364000
vn -0.186400 -0.724700 0.663400
vn 0.095700 -0.509700 0.855000
vn -0.426200 -0.845100 0.322700
vn 0.136200 -0.599200 0.789000
vn 0.106400 -0.708200 0.698000
vn 0.097200 -0.741300 0.664100
vn 0.076400 -0.802000 0.592400
vn 0.078300 -0.801900 0.592300
vn 0.257900 -0.958000 0.125200
vn -0.007600 -0.983200 0.182300
vn -0.102500 -0.905100 0.412700
vn -0.284400 -0.799200 0.529400
vn -0.264800 -0.574600 0.774400
vn -0.156300 -0.911000 0.381700
vn -0.425100 -0.815700 0.392400
vn -0.014700 -0.873900 0.485800
vn 0.195500 -0.843600 0.500100
vn 0.258200 -0.722900 0.640900
vn -0.240300 -0.938000 0.249700
vn -0.133200 -0.957900 0.254200
vn -0.294700 -0.954200 0.051500
vn -0.430900 -0.871700 0.233600
vn -0.104800 -0.790300 0.603700
vn -0.112100 -0.685800 0.719100
vn -0.111500 -0.696200 0.709100
vn -0.021700 -0.751500 0.659300
vn 0.024200 -0.780300 0.625000
vn 0.158600 -0.831400 0.532600
vn 0.280600 -0.417000 0.864500
vn 0.256500 -0.553900 0.792100
vn 0.246100 -0.596800 0.763700
vn 0.224900 -0.677000 0.700800
vn 0.223700 -0.676700 0.701500
vn 0.227800 -0.543000 0.808200
vn -0.091000 -0.276000 0.956900
vn 0.316900 -0.639600 0.700300
vn 0.478600 -0.736200 0.478400
vn 0.454100 -0.766700 0.453900
vn -0.294900 -0.834700 0.465200
vn -0.281000 -0.730200 0.622700
vn -0.360200 -0.895500 0.261500
vn -0.291300 -0.949800 0.114200
vn -0.122300 -0.590700 0.797600
vn 0.097500 -0.693600 0.713700
vn 0.086600 -0.743000 0.663600
vn 0.121200 -0.774400 0.621000
vn 0.132300 -0.810300 0.570900
vn 0.188800 -0.827600 0.528700
vn 0.494100 -0.262100 0.828900
vn 0.536400 -0.547200 0.642500
vn 0.460400 -0.635600 0.619800
vn 0.411500 -0.780100 0.471300
vn 0.299500 -0.777400 0.553200
vn 0.484000 -0.651800 0.583800
vn 0.374100 -0.721800 0.582400
vn 0.457200 -0.502400 0.733800
vn 0.320500 -0.812000 0.487900
vn 0.140600 -0.822800 0.550700
vn 0.106100 -0.832100 0.544300
vn 0.233200 -0.864800 0.444800
vn 0.220700 -0.885500 0.409000
vn 0.038700 -0.806100 0.590500
vn -0.133800 -0.638600 0.757800
vn -0.138000 -0.599400 0.788500
vn -0.091700 -0.742200 0.663900
vn -0.107900 -0.708300 0.697600
vn -0.067200 -0.803100 0.592000
vn -0.058800 -0.803800 0.592000
vn -0.647800 -0.606200 0.461500
vn -0.406900 -0.830000 0.381500
vn -0.543300 -0.787400 0.291200
vn -0.264100 -0.908800 0.323100
vn -0.110700 -0.844300 0.524300
vn -0.389100 -0.757800 0.523800
vn -0.253400 -0.799100 0.545100
vn -0.525300 -0.645300 0.554700
vn -0.106700 -0.847400 0.520200
vn 0.029100 -0.832000 0.554000
vn 0.425300 -0.845100 0.324000
vn 0.437200 -0.821900 0.365100
vn 0.184500 -0.724700 0.663900
vn -0.098200 -0.509700 0.854700
vn -0.138400 -0.599200 0.788500
vn -0.099100 -0.741300 0.663800
vn -0.108400 -0.708200 0.697700
vn -0.078100 -0.802000 0.592100
vn -0.080200 -0.801800 0.592100
vn -0.258300 -0.958000 0.124600
vn 0.101300 -0.905100 0.413000
vn 0.007100 -0.983200 0.182300
vn 0.282900 -0.799300 0.530200
vn 0.262500 -0.574700 0.775200
vn 0.155200 -0.911000 0.382200
vn 0.013400 -0.874000 0.485800
vn 0.424000 -0.815700 0.393500
vn -0.196900 -0.843600 0.499500
vn -0.260100 -0.722800 0.640200
vn 0.239600 -0.938000 0.250400
vn 0.430200 -0.871600 0.234800
vn 0.294600 -0.954200 0.052300
vn 0.132400 -0.957900 0.254600
vn 0.103200 -0.790200 0.604100
vn 0.110200 -0.685700 0.719500
vn 0.019800 -0.751500 0.659400
vn 0.109400 -0.696100 0.709500
vn -0.026000 -0.780300 0.624900
vn -0.160200 -0.831400 0.532100
vn -0.282800 -0.417100 0.863800
vn -0.248200 -0.596800 0.763000
vn -0.258600 -0.553900 0.791400
vn -0.226800 -0.676900 0.700200
vn -0.225800 -0.676700 0.700800
vn -0.230100 -0.543000 0.807600
vn -0.318800 -0.639600 0.699500
vn 0.088300 -0.275900 0.957100
vn -0.480000 -0.736200 0.477100
vn -0.455400 -0.766700 0.452600
vn 0.293600 -0.834700 0.466000
vn 0.291100 -0.949800 0.115000
vn 0.359500 -0.895500 0.262500
vn 0.279200 -0.730300 0.623500
vn 0.120100 -0.590600 0.798000
vn -0.099600 -0.693600 0.713400
vn -0.122900 -0.774300 0.620700
vn -0.088500 -0.743000 0.663400
vn -0.133900 -0.810300 0.570600
vn -0.190200 -0.827600 0.528200
vn -0.496600 -0.262000 0.827500
vn -0.462300 -0.635500 0.618400
vn -0.538400 -0.547100 0.640900
vn -0.412900 -0.780100 0.470100
vn -0.301100 -0.777400 0.552300
usemtl _smurfette
s 1
f 1/1/1 2/2/2 3/3/3
f 3/3/3 4/4/4 1/1/1
f 1/1/1 4/4/4 5/5/5
f 2/2/2 1/1/1 6/6/6
f 6/6/6 7/7/7 2/2/2
f 8/8/8 6/6/6 1/1/1
f 1/1/1 5/5/5 8/8/8
f 8/8/8 5/5/5 9/9/9
f 6/6/6 8/8/8 10/10/10
f 10/10/10 11/11/11 6/6/6
f 7/7/7 6/6/6 11/11/11
f 11/11/11 10/10/10 12/12/12
f 12/12/12 13/13/13 11/11/11
f 11/11/11 13/13/13 14/14/14
f 14/14/14 15/15/15 11/11/11
f 11/11/11 15/15/15 7/7/7
f 15/15/15 14/14/14 16/16/16
f 13/13/13 12/12/12 17/17/17
f 17/17/17 18/18/18 13/13/13
f 13/13/13 18/18/18 19/19/19
f 19/19/19 14/14/14 13/13/13
f 14/14/14 19/19/19 20/20/20
f 20/20/20 16/16/16 14/14/14
f 21/21/21 16/16/16 20/20/20
f 20/20/20 22/22/22 21/21/21
f 7/7/7 15/15/15 23/23/23
f 15/15/15 16/16/16 23/23/23
f 21/21/21 23/23/23 16/16/16
f 21/21/21 24/24/24 23/23/23
f 23/23/23 24/24/24 25/25/25
f 24/24/24 21/21/21 26/26/26
f 27/27/27 26/26/26 21/21/21
f 28/28/28 27/27/27 21/21/21
f 21/21/21 29/22/29 28/28/28
f 26/26/26 30/29/30 24/24/24
f 24/24/24 30/29/30 25/25/25
f 26/26/26 27/27/27 31/30/31
f 31/30/31 32/31/32 26/26/26
f 33/32/33 32/31/32 31/30/31
f 31/30/31 34/33/34 33/32/33
f 27/27/27 28/28/28 35/34/35
f 35/34/35 31/30/31 27/27/27
f 34/33/34 31/30/31 35/34/35
f 35/34/35 36/35/36 34/33/34
f 37/36/37 34/33/34 36/35/36
f 36/35/36 38/37/38 37/36/37
f 34/33/34 39/38/39 33/32/33
f 37/36/37 39/38/39 34/33/34
f 33/32/33 40/39/40 32/31/32
f 40/39/40 30/29/30 26/26/26
f 26/26/26 32/31/32 40/39/40
f 30/29/30 40/39/40 41/40/41
f 39/38/39 42/41/42 33/32/33
f 41/40/41 40/39/40 42/41/42
f 33/32/33 42/41/42 40/39/40
f 43/42/43 41/40/41 42/41/42
f 41/40/41 43/42/43 44/43/44
f 44/43/44 45/44/45 41/40/41
f 25/25/25 41/40/41 45/44/45
f 45/44/45 2/2/2 25/25/25
f 45/44/45 44/43/44 46/45/46
f 46/45/46 47/46/47 45/44/45
f 2/2/2 45/44/45 47/46/47
f 47/46/47 3/3/3 2/2/2
f 30/29/30 41/40/41 25/25/25
f 25/25/25 2/2/2 7/7/7
f 25/25/25 7/7/7 23/23/23
f 48/47/48 9/9/9 49/48/49
f 50/49/50 49/48/49 9/9/9
f 9/9/9 5/5/5 50/49/50
f 5/5/5 4/4/4 50/49/50
f 48/47/48 51/50/51 9/9/9
f 52/51/52 51/50/51 48/47/48
f 8/8/8 9/9/9 51/50/51
f 51/50/51 10/10/10 8/8/8
f 51/50/51 12/12/12 10/10/10
f 51/50/51 53/51/53 12/12/12
f 12/12/12 53/51/53 17/17/17
f 54/1/54 55/52/55 56/3/56
f 56/3/56 57/2/57 54/1/54
f 54/1/54 58/5/58 55/52/55
f 59/6/59 54/1/54 57/2/57
f 57/2/57 60/7/60 59/6/59
f 61/8/61 58/5/58 54/1/54
f 54/1/54 59/6/59 61/8/61
f 61/8/61 62/9/62 58/5/58
f 63/10/63 61/8/61 59/6/59
f 59/6/59 64/11/64 63/10/63
f 64/11/64 59/6/59 60/7/60
f 65/12/65 63/10/63 64/11/64
f 64/11/64 66/13/66 65/12/65
f 67/14/67 66/13/66 64/11/64
f 64/11/64 68/15/68 67/14/67
f 60/7/60 68/15/68 64/11/64
f 68/15/68 69/16/69 67/14/67
f 70/17/70 65/12/65 66/13/66
f 66/13/66 71/18/71 70/17/70
f 66/13/66 67/14/67 72/19/72
f 72/19/72 71/18/71 66/13/66
f 67/14/67 69/16/69 73/20/73
f 73/20/73 72/19/72 67/14/67
f 73/20/73 69/16/69 74/21/74
f 74/21/74 75/22/75 73/20/73
f 60/7/60 76/23/76 68/15/68
f 68/15/68 76/23/76 69/16/69
f 74/21/74 69/16/69 76/23/76
f 74/21/74 76/23/76 77/24/77
f 76/23/76 78/25/78 77/24/77
f 79/26/79 74/21/74 77/24/77
f 80/27/80 74/21/74 79/26/79
f 74/21/74 80/27/80 81/28/81
f 81/28/81 82/22/82 74/21/74
f 77/24/77 83/29/83 79/26/79
f 77/24/77 78/25/78 83/29/83
f 84/30/84 80/27/80 79/26/79
f 79/26/79 85/31/85 84/30/84
f 84/30/84 85/31/85 86/32/86
f 86/32/86 87/33/87 84/30/84
f 80/27/80 84/30/84 88/34/88
f 88/34/88 81/28/81 80/27/80
f 88/34/88 84/30/84 87/33/87
f 87/33/87 89/35/89 88/34/88
f 89/35/89 87/33/87 90/36/90
f 90/36/90 91/37/91 89/35/89
f 87/33/87 86/32/86 92/38/92
f 90/36/90 87/33/87 92/38/92
f 86/32/86 85/31/85 93/39/93
f 93/39/93 85/31/85 79/26/79
f 79/26/79 83/29/83 93/39/93
f 83/29/83 94/40/94 93/39/93
f 93/39/93 95/41/95 86/32/86
f 92/38/92 86/32/86 95/41/95
f 95/41/95 93/39/93 94/40/94
f 96/42/96 95/41/95 94/40/94
f 97/43/97 96/42/96 94/40/94
f 94/40/94 98/44/98 97/43/97
f 98/44/98 94/40/94 78/25/78
f 78/25/78 57/2/57 98/44/98
f 99/45/99 97/43/97 98/44/98
f 98/44/98 100/53/100 99/45/99
f 100/53/100 98/44/98 57/2/57
f 57/2/57 56/3/56 100/53/100
f 78/25/78 60/7/60 57/2/57
f 83/29/83 78/25/78 94/40/94
f 78/25/78 76/23/76 60/7/60
f 101/47/101 102/48/102 62/9/62
f 62/9/62 102/48/102 103/49/103
f 103/49/103 58/5/58 62/9/62
f 58/5/58 103/49/103 55/52/55
f 101/47/101 62/9/62 104/50/104
f 105/51/105 101/47/101 104/50/104
f 104/50/104 62/9/62 61/8/61
f 61/8/61 63/10/63 104/50/104
f 104/50/104 63/10/63 65/12/65
f 104/50/104 65/12/65 106/51/106
f 65/12/65 70/17/70 106/51/106
f 107/54/107 108/55/108 109/56/109
f 110/57/110 109/56/109 108/55/108
f 108/55/108 111/58/111 110/57/110
f 112/59/112 110/57/110 111/58/111
f 112/59/112 111/58/111 113/60/113
f 112/59/112 113/60/113 114/61/114
f 107/54/107 115/62/115 108/55/108
f 116/63/116 114/61/114 113/60/113
f 116/63/116 113/60/113 117/64/117
f 117/64/117 118/65/118 116/63/116
f 117/64/117 119/66/119 118/65/118
f 119/66/119 117/64/117 120/67/120
f 119/66/119 120/67/120 121/68/121
f 122/69/122 121/68/121 120/67/120
f 108/55/108 115/62/115 123/70/123
f 108/55/108 123/70/123 124/71/124
f 108/55/108 124/71/124 111/58/111
f 115/62/115 125/72/125 123/70/123
f 126/73/126 124/71/124 123/70/123
f 123/70/123 125/72/125 126/73/126
f 125/72/125 127/74/127 126/73/126
f 126/73/126 127/74/127 128/75/128
f 126/73/126 128/75/128 129/76/129
f 126/73/126 129/76/129 124/71/124
f 124/71/124 129/76/129 130/77/130
f 129/76/129 128/75/128 130/77/130
f 124/71/124 130/77/130 131/78/131
f 131/78/131 130/77/130 132/79/132
f 133/80/133 118/65/118 119/66/119
f 134/81/134 133/80/133 119/66/119
f 119/66/119 121/68/121 134/81/134
f 135/82/135 134/81/134 121/68/121
f 122/69/122 135/82/135 121/68/121
f 136/83/136 135/82/135 122/69/122
f 135/82/135 137/84/137 134/81/134
f 137/84/137 133/80/133 134/81/134
f 125/72/125 138/85/138 127/74/127
f 138/85/138 139/86/139 127/74/127
f 138/85/138 140/87/140 139/86/139
f 138/85/138 141/88/141 140/87/140
f 140/87/140 142/89/142 139/86/139
f 135/82/135 136/83/136 143/90/143
f 135/82/135 143/90/143 137/84/137
f 143/90/143 136/83/136 144/91/144
f 144/91/144 136/83/136 145/92/145
f 144/91/144 145/92/145 146/93/146
f 147/94/147 146/93/146 145/92/145
f 145/92/145 148/95/148 147/94/147
f 148/95/148 145/92/145 122/69/122
f 122/69/122 145/92/145 136/83/136
f 148/95/148 122/69/122 149/96/149
f 148/95/148 149/96/149 150/97/150
f 151/98/151 148/95/148 150/97/150
f 151/98/151 147/94/147 148/95/148
f 147/94/147 151/98/151 152/99/152
f 152/99/152 153/100/153 147/94/147
f 146/93/146 147/94/147 153/100/153
f 154/101/154 152/99/152 151/98/151
f 151/98/151 155/102/155 154/101/154
f 150/97/150 155/102/155 151/98/151
f 156/103/156 154/101/154 155/102/155
f 155/102/155 157/104/157 156/103/156
f 157/104/157 155/102/155 158/105/158
f 159/106/159 155/102/155 150/97/150
f 158/105/158 155/102/155 159/106/159
f 159/106/159 160/107/160 158/105/158
f 160/107/160 159/106/159 150/97/150
f 160/107/160 132/79/132 158/105/158
f 161/108/161 150/97/150 149/96/149
f 150/97/150 161/108/161 160/107/160
f 161/108/161 162/109/162 160/107/160
f 162/109/162 161/108/161 120/67/120
f 161/108/161 149/96/149 120/67/120
f 154/101/154 156/103/156 163/110/163
f 163/110/163 164/111/164 154/101/154
f 165/112/165 153/100/153 152/99/152
f 152/99/152 166/113/166 165/112/165
f 164/111/164 166/113/166 154/101/154
f 167/114/167 165/112/165 166/113/166
f 166/113/166 168/115/168 167/114/167
f 164/111/164 168/115/168 166/113/166
f 169/116/169 164/111/164 163/110/163
f 169/116/169 168/115/168 164/111/164
f 163/110/163 170/117/170 169/116/169
f 169/116/169 170/117/170 171/118/171
f 171/118/171 170/117/170 172/119/172
f 165/112/165 167/114/167 173/120/173
f 171/118/171 174/121/174 169/116/169
f 174/121/174 168/115/168 169/116/169
f 167/114/167 168/115/168 174/121/174
f 167/114/167 174/121/174 175/122/175
f 175/122/175 174/121/174 176/123/176
f 167/114/167 175/122/175 177/124/177
f 173/120/173 167/114/167 177/124/177
f 178/125/178 175/122/175 176/123/176
f 177/124/177 175/122/175 178/125/178
f 176/123/176 179/126/179 178/125/178
f 179/126/179 176/123/176 180/127/180
f 179/126/179 180/127/180 181/128/181
f 176/123/176 182/129/182 180/127/180
f 182/129/182 174/121/174 171/118/171
f 174/121/174 182/129/182 176/123/176
f 183/130/183 180/127/180 182/129/182
f 183/130/183 181/128/181 180/127/180
f 183/130/183 182/129/182 184/131/184
f 184/131/184 182/129/182 171/118/171
f 184/131/184 171/118/171 172/119/172
f 185/132/185 184/131/184 172/119/172
f 186/133/186 184/131/184 185/132/185
f 184/131/184 186/133/186 183/130/183
f 185/132/185 187/134/187 186/133/186
f 187/134/187 185/132/185 188/135/188
f 188/135/188 189/136/189 187/134/187
f 188/135/188 190/137/190 189/136/189
f 188/135/188 191/138/191 190/137/190
f 188/135/188 172/119/172 191/138/191
f 188/135/188 185/132/185 172/119/172
f 172/119/172 192/139/192 191/138/191
f 191/138/191 193/140/193 190/137/190
f 191/138/191 192/139/192 193/140/193
f 194/141/194 179/126/179 181/128/181
f 181/128/181 195/142/195 194/141/194
f 179/126/179 194/141/194 196/143/196
f 196/143/196 178/125/178 179/126/179
f 178/125/178 196/143/196 197/144/197
f 197/144/197 177/124/177 178/125/178
f 177/124/177 197/144/197 198/145/198
f 198/145/198 173/120/173 177/124/177
f 173/120/173 198/145/198 199/146/199
f 199/146/199 200/147/200 173/120/173
f 200/147/200 199/146/199 201/148/201
f 201/148/201 146/93/146 200/147/200
f 153/100/153 200/147/200 146/93/146
f 153/100/153 173/120/173 200/147/200
f 165/112/165 173/120/173 153/100/153
f 146/93/146 201/148/201 144/91/144
f 201/148/201 202/149/202 144/91/144
f 202/149/202 201/148/201 199/146/199
f 198/145/198 197/144/197 203/150/203
f 203/150/203 197/144/197 196/143/196
f 199/146/199 198/145/198 203/150/203
f 194/141/194 203/150/203 196/143/196
f 199/146/199 204/151/204 202/149/202
f 203/150/203 204/151/204 199/146/199
f 205/149/205 204/151/204 206/152/206
f 207/150/207 206/152/206 204/151/204
f 144/91/144 208/149/208 143/90/143
f 113/60/113 209/153/209 210/154/210
f 113/60/113 111/58/111 209/153/209
f 113/60/113 210/154/210 117/64/117
f 162/109/162 117/64/117 210/154/210
f 209/153/209 160/107/160 210/154/210
f 162/109/162 210/154/210 160/107/160
f 209/153/209 131/78/131 160/107/160
f 209/153/209 111/58/111 124/71/124
f 124/71/124 131/78/131 209/153/209
f 160/107/160 131/78/131 132/79/132
f 117/64/117 162/109/162 120/67/120
f 122/69/122 120/67/120 149/96/149
f 130/77/130 211/155/211 132/79/132
f 128/75/128 211/155/211 130/77/130
f 107/54/107 212/156/212 141/88/141
f 141/88/141 115/62/115 107/54/107
f 212/156/212 213/157/213 141/88/141
f 115/62/115 141/88/141 125/72/125
f 213/157/213 214/158/214 141/88/141
f 213/157/213 215/159/215 214/158/214
f 214/158/214 215/159/215 216/160/216
f 214/158/214 216/160/216 140/87/140
f 141/88/141 214/158/214 140/87/140
f 140/87/140 216/160/216 142/89/142
f 141/88/141 138/85/138 125/72/125
f 217/152/217 218/149/218 219/149/219
f 220/90/220 219/149/219 218/149/218
f 218/149/218 221/90/221 220/90/220
f 222/84/222 220/90/220 221/90/221
f 223/151/223 224/150/224 225/150/225
f 226/141/226 225/150/225 224/150/224
f 224/150/224 227/141/227 226/141/226
f 172/119/172 170/117/170 192/139/192
f 154/101/154 166/113/166 152/99/152
f 228/161/228 229/162/229 230/163/230
f 230/163/230 231/164/231 228/161/228
f 232/165/232 229/162/229 228/161/228
f 228/161/228 233/166/233 232/165/232
f 234/167/234 232/165/232 233/166/233
f 235/168/235 233/166/233 228/161/228
f 234/167/234 233/166/233 235/168/235
f 228/161/228 236/169/236 235/168/235
f 237/170/237 236/169/236 228/161/228
f 228/161/228 231/164/231 237/170/237
f 231/164/231 230/163/230 238/171/238
f 237/170/237 231/164/231 238/171/238
f 234/167/234 235/168/235 239/172/239
f 238/171/238 230/163/230 240/173/240
f 240/173/240 241/174/241 238/171/238
f 230/163/230 229/162/229 242/175/242
f 242/175/242 240/173/240 230/163/230
f 242/175/242 229/162/229 232/165/232
f 237/170/237 238/171/238 243/176/243
f 244/177/244 232/165/232 234/167/234
f 232/165/232 244/177/244 242/175/242
f 245/178/245 242/175/242 244/177/244
f 242/175/242 245/178/245 240/173/240
f 245/178/245 244/177/244 246/179/246
f 246/179/246 244/177/244 247/180/247
f 234/167/234 247/180/247 244/177/244
f 247/180/247 248/181/248 246/179/246
f 248/181/248 249/182/249 246/179/246
f 250/183/250 246/179/246 249/182/249
f 250/183/250 245/178/245 246/179/246
f 250/183/250 251/184/251 245/178/245
f 240/173/240 245/178/245 251/184/251
f 241/174/241 240/173/240 251/184/251
f 249/182/249 252/185/252 250/183/250
f 250/183/250 252/185/252 253/186/253
f 250/183/250 253/186/253 251/184/251
f 253/186/253 254/187/254 251/184/251
f 251/184/251 254/187/254 241/174/241
f 248/181/248 247/180/247 255/188/255
f 248/181/248 255/188/255 256/189/256
f 249/182/249 248/181/248 256/189/256
f 249/182/249 256/189/256 257/190/257
f 257/190/257 258/191/258 249/182/249
f 256/189/256 259/192/259 257/190/257
f 256/189/256 260/193/260 259/192/259
f 256/189/256 261/194/261 260/193/260
f 256/189/256 255/188/255 261/194/261
f 260/193/260 261/194/261 262/195/262
f 260/193/260 262/195/262 263/196/263
f 261/194/261 264/197/264 262/195/262
f 261/194/261 265/198/265 264/197/264
f 266/199/266 260/193/260 263/196/263
f 263/196/263 267/200/267 266/199/266
f 263/196/263 268/201/268 267/200/267
f 267/200/267 269/202/269 266/199/266
f 267/200/267 270/203/270 269/202/269
f 267/200/267 268/201/268 270/203/270
f 266/199/266 269/202/269 271/204/271
f 269/202/269 272/205/272 271/204/271
f 266/199/266 271/204/271 273/206/273
f 260/193/260 266/199/266 273/206/273
f 260/193/260 273/206/273 259/192/259
f 269/202/269 274/207/274 272/205/272
f 272/205/272 274/207/274 275/208/275
f 275/208/275 276/209/276 272/205/272
f 277/210/277 268/201/268 263/196/263
f 263/196/263 278/211/278 277/210/277
f 279/212/279 277/210/277 278/211/278
f 277/210/277 280/213/280 268/201/268
f 279/212/279 280/213/280 277/210/277
f 280/213/280 279/212/279 281/214/281
f 279/212/279 282/215/282 281/214/281
f 276/209/276 275/208/275 283/216/283
f 284/217/284 276/209/276 283/216/283
f 276/209/276 284/217/284 285/218/285
f 285/218/285 272/205/272 276/209/276
f 283/216/283 286/219/286 284/217/284
f 287/220/287 284/217/284 286/219/286
f 286/219/286 288/221/288 287/220/287
f 289/222/289 287/220/287 288/221/288
f 288/221/288 290/223/290 289/222/289
f 291/224/291 287/220/287 289/222/289
f 284/217/284 287/220/287 291/224/291
f 292/225/292 288/221/288 286/219/286
f 288/221/288 292/225/292 293/226/293
f 293/226/293 294/223/294 288/221/288
f 286/219/286 295/227/295 292/225/292
f 295/227/295 286/219/286 283/216/283
f 293/226/293 292/225/292 296/228/296
f 296/228/296 297/229/297 293/226/293
f 297/229/297 296/228/296 298/230/298
f 296/228/296 299/231/299 298/230/298
f 299/231/299 296/228/296 292/225/292
f 292/225/292 295/227/295 299/231/299
f 298/230/298 300/232/300 297/229/297
f 301/233/301 299/231/299 295/227/295
f 299/231/299 301/233/301 298/230/298
f 301/233/301 302/234/302 298/230/298
f 303/235/303 302/234/302 301/233/301
f 304/236/304 302/234/302 303/235/303
f 303/235/303 305/237/305 304/236/304
f 306/238/306 304/236/304 305/237/305
f 305/237/305 307/239/307 306/238/306
f 301/233/301 308/240/308 303/235/303
f 308/240/308 301/233/301 309/241/309
f 295/227/295 309/241/309 301/233/301
f 309/241/309 310/242/310 308/240/308
f 309/241/309 311/243/311 310/242/310
f 304/236/304 306/238/306 312/244/312
f 313/245/313 312/244/312 306/238/306
f 306/238/306 314/246/314 313/245/313
f 312/244/312 315/247/315 304/236/304
f 316/248/316 312/244/312 313/245/313
f 315/247/315 312/244/312 316/248/316
f 313/245/313 317/249/317 316/248/316
f 318/250/318 316/248/316 317/249/317
f 319/251/319 316/248/316 318/250/318
f 316/248/316 319/251/319 315/247/315
f 318/250/318 320/252/320 319/251/319
f 319/251/319 320/252/320 321/253/321
f 321/253/321 322/254/322 319/251/319
f 322/254/322 315/247/315 319/251/319
f 323/255/323 322/254/322 321/253/321
f 317/249/317 324/256/324 318/250/318
f 325/257/325 317/249/317 313/245/313
f 317/249/317 325/257/325 326/258/326
f 327/259/327 326/258/326 325/257/325
f 326/258/326 328/256/328 317/249/317
f 327/259/327 325/257/325 329/260/329
f 313/245/313 329/260/329 325/257/325
f 330/261/330 329/260/329 313/245/313
f 331/262/331 329/260/329 330/261/330
f 330/261/330 332/263/332 331/262/331
f 333/264/333 331/262/331 332/263/332
f 332/263/332 334/265/334 333/264/333
f 335/266/335 333/264/333 334/265/334
f 334/265/334 336/267/336 335/266/335
f 332/263/332 337/268/337 334/265/334
f 334/265/334 338/269/338 336/267/336
f 337/268/337 338/269/338 334/265/334
f 337/268/337 339/270/339 338/269/338
f 340/271/340 337/268/337 332/263/332
f 339/270/339 341/272/341 338/269/338
f 339/270/339 342/273/342 341/272/341
f 342/273/342 343/274/343 341/272/341
f 344/275/344 341/272/341 343/274/343
f 343/274/343 345/276/345 344/275/344
f 346/277/346 338/269/338 341/272/341
f 338/269/338 346/277/346 336/267/336
f 347/278/347 346/277/346 341/272/341
f 344/275/344 347/278/347 341/272/341
f 348/279/348 346/277/346 347/278/347
f 349/280/349 347/278/347 344/275/344
f 349/280/349 344/275/344 350/281/350
f 351/282/351 350/281/350 344/275/344
f 344/275/344 352/283/352 351/282/351
f 344/275/344 345/276/345 352/283/352
f 349/280/349 350/281/350 353/284/353
f 350/281/350 354/285/354 353/284/353
f 354/285/354 355/286/355 353/284/353
f 348/279/348 356/287/356 346/277/346
f 349/280/349 357/288/357 347/278/347
f 357/288/357 348/279/348 347/278/347
f 358/289/358 343/274/343 342/273/342
f 343/274/343 358/289/358 345/276/345
f 355/286/355 354/285/354 359/290/359
f 354/285/354 360/291/360 359/290/359
f 360/291/360 361/292/361 359/290/359
f 278/211/278 361/292/361 360/291/360
f 262/195/262 361/292/361 278/211/278
f 361/292/361 362/293/362 359/290/359
f 355/286/355 359/290/359 362/293/362
f 362/293/362 363/294/363 355/286/355
f 364/295/364 353/284/353 355/286/355
f 355/286/355 363/294/363 364/295/364
f 365/296/365 364/295/364 363/294/363
f 366/297/366 364/295/364 365/296/365
f 363/294/363 367/298/367 365/296/365
f 365/296/365 367/298/367 368/299/368
f 368/299/368 369/300/369 365/296/365
f 369/300/369 368/299/368 370/169/370
f 370/169/370 371/301/371 369/300/369
f 370/169/370 368/299/368 372/302/372
f 372/302/372 373/303/373 370/169/370
f 372/302/372 374/304/374 373/303/373
f 368/299/368 367/298/367 375/305/375
f 375/305/375 372/302/372 368/299/368
f 375/305/375 374/304/374 372/302/372
f 375/305/375 367/298/367 363/294/363
f 363/294/363 362/293/362 375/305/375
f 375/305/375 376/306/376 374/304/374
f 376/306/376 375/305/375 362/293/362
f 361/292/361 376/306/376 362/293/362
f 366/297/366 349/280/349 364/295/364
f 349/280/349 353/284/353 364/295/364
f 377/307/377 365/296/365 369/300/369
f 366/297/366 365/296/365 377/307/377
f 377/307/377 369/300/369 371/301/371
f 377/307/377 371/301/371 378/308/378
f 376/306/376 265/198/265 374/304/374
f 265/198/265 376/306/376 264/197/264
f 376/306/376 361/292/361 264/197/264
f 264/197/264 361/292/361 262/195/262
f 374/304/374 379/309/379 373/303/373
f 374/304/374 380/310/380 379/309/379
f 265/198/265 380/310/380 374/304/374
f 377/307/377 378/308/378 381/311/381
f 382/312/382 377/307/377 381/311/381
f 383/313/383 380/310/380 265/198/265
f 384/314/384 383/313/383 265/198/265
f 383/313/383 239/172/239 380/310/380
f 239/172/239 379/309/379 380/310/380
f 239/172/239 383/313/383 385/315/385
f 383/313/383 384/314/384 385/315/385
f 234/167/234 239/172/239 385/315/385
f 234/167/234 385/315/385 247/180/247
f 385/315/385 255/188/255 247/180/247
f 384/314/384 255/188/255 385/315/385
f 384/314/384 261/194/261 255/188/255
f 261/194/261 384/314/384 265/198/265
f 382/312/382 381/311/381 386/316/386
f 387/317/387 382/312/382 386/316/386
f 387/317/387 348/279/348 382/312/382
f 348/279/348 387/317/387 388/318/388
f 388/318/388 387/317/387 389/319/389
f 387/317/387 386/316/386 389/319/389
f 388/318/388 389/319/389 241/174/241
f 388/318/388 241/174/241 254/187/254
f 254/187/254 356/287/356 388/318/388
f 348/279/348 388/318/388 356/287/356
f 356/287/356 254/187/254 253/186/253
f 390/320/390 356/287/356 253/186/253
f 253/186/253 391/321/391 390/320/390
f 390/320/390 392/322/392 356/287/356
f 393/323/393 392/322/392 390/320/390
f 346/277/346 356/287/356 392/322/392
f 336/267/336 346/277/346 392/322/392
f 392/322/392 394/324/394 336/267/336
f 393/323/393 394/324/394 392/322/392
f 393/323/393 395/325/395 394/324/394
f 396/326/396 395/325/395 393/323/393
f 397/327/397 396/326/396 393/323/393
f 397/327/397 323/255/323 396/326/396
f 394/324/394 395/325/395 335/266/335
f 394/324/394 335/266/335 336/267/336
f 323/255/323 397/327/397 398/328/398
f 399/329/399 323/255/323 398/328/398
f 400/330/400 399/329/399 398/328/398
f 401/331/401 400/330/400 398/328/398
f 401/331/401 398/328/398 402/332/402
f 402/332/402 398/328/398 397/327/397
f 402/332/402 403/333/403 401/331/401
f 401/331/401 404/334/404 400/330/400
f 400/330/400 298/230/298 399/329/399
f 401/331/401 405/335/405 404/334/404
f 405/335/405 401/331/401 403/333/403
f 406/336/406 404/334/404 405/335/405
f 406/336/406 405/335/405 407/337/407
f 405/335/405 259/192/259 407/337/407
f 298/230/298 408/338/408 399/329/399
f 399/329/399 408/338/408 322/254/322
f 323/255/323 399/329/399 322/254/322
f 302/234/302 322/254/322 408/338/408
f 302/234/302 408/338/408 298/230/298
f 302/234/302 304/236/304 322/254/322
f 304/236/304 315/247/315 322/254/322
f 406/336/406 407/337/407 409/339/409
f 410/340/410 406/336/406 409/339/409
f 407/337/407 273/206/273 409/339/409
f 407/337/407 259/192/259 273/206/273
f 409/339/409 273/206/273 271/204/271
f 271/204/271 411/341/411 409/339/409
f 412/342/412 409/339/409 411/341/411
f 412/342/412 410/340/410 409/339/409
f 412/342/412 411/341/411 285/218/285
f 285/218/285 413/224/413 412/342/412
f 413/224/413 285/218/285 284/217/284
f 411/341/411 271/204/271 272/205/272
f 272/205/272 285/218/285 411/341/411
f 405/335/405 257/190/257 259/192/259
f 257/190/257 405/335/405 414/343/414
f 258/191/258 257/190/257 414/343/414
f 414/343/414 405/335/405 403/333/403
f 258/191/258 415/344/415 249/182/249
f 249/182/249 415/344/415 252/185/252
f 252/185/252 416/345/416 253/186/253
f 253/186/253 416/345/416 391/321/391
f 417/346/417 390/320/390 391/321/391
f 417/346/417 393/323/393 390/320/390
f 418/347/418 393/323/393 417/346/417
f 418/347/418 397/327/397 393/323/393
f 397/327/397 418/347/418 402/332/402
f 419/348/419 420/349/420 421/350/421
f 422/351/422 421/350/421 420/349/420
f 419/348/419 421/350/421 423/352/423
f 420/349/420 424/353/424 422/351/422
f 421/350/421 425/354/425 423/352/423
f 426/355/426 423/352/423 425/354/425
f 425/354/425 427/356/427 426/355/426
f 428/357/428 427/356/427 425/354/425
f 425/354/425 429/358/429 428/357/428
f 429/358/429 425/354/425 421/350/421
f 421/350/421 430/359/430 429/358/429
f 422/351/422 430/359/430 421/350/421
f 430/359/430 431/360/431 429/358/429
f 428/357/428 429/358/429 431/360/431
f 432/361/432 427/356/427 428/357/428
f 426/355/426 427/356/427 432/361/432
f 428/357/428 433/362/433 432/361/432
f 432/361/432 434/363/434 426/355/426
f 435/364/435 433/362/433 428/357/428
f 428/357/428 436/365/436 435/364/435
f 431/360/431 436/365/436 428/357/428
f 436/365/436 431/360/431 437/366/437
f 430/359/430 437/366/437 431/360/431
f 430/359/430 438/367/438 437/366/437
f 437/366/437 439/368/439 436/365/436
f 439/368/439 437/366/437 440/369/440
f 437/366/437 438/367/438 440/369/440
f 441/370/441 432/361/432 433/362/433
f 432/361/432 441/370/441 434/363/434
f 433/362/433 442/371/442 441/370/441
f 442/371/442 433/362/433 435/364/435
f 443/372/443 442/371/442 435/364/435
f 436/365/436 439/368/439 443/372/443
f 443/372/443 435/364/435 436/365/436
f 443/372/443 439/368/439 444/373/444
f 445/374/445 442/371/442 443/372/443
f 445/374/445 443/372/443 444/373/444
f 444/373/444 446/375/446 445/374/445
f 441/370/441 447/376/447 434/363/434
f 448/377/448 447/376/447 441/370/441
f 441/370/441 449/378/449 448/377/448
f 441/370/441 442/371/442 449/378/449
f 445/374/445 449/378/449 442/371/442
f 450/379/450 448/377/448 449/378/449
f 450/379/450 449/378/449 451/380/451
f 446/375/446 450/379/450 451/380/451
f 449/378/449 445/374/445 451/380/451
f 446/375/446 451/380/451 445/374/445
f 448/377/448 452/381/452 447/376/447
f 453/382/453 452/381/452 448/377/448
f 450/379/450 453/382/453 448/377/448
f 453/382/453 454/383/454 452/381/452
f 455/384/455 454/383/454 453/382/453
f 455/384/455 453/382/453 450/379/450
f 456/385/456 455/384/455 450/379/450
f 446/375/446 456/385/456 450/379/450
f 455/384/455 457/386/457 454/383/454
f 458/387/458 459/388/459 460/389/460
f 460/389/460 459/388/459 424/353/424
f 458/387/458 461/390/461 459/388/459
f 462/391/462 458/387/458 460/389/460
f 462/391/462 460/389/460 420/349/420
f 420/349/420 460/389/460 424/353/424
f 419/348/419 462/391/462 420/349/420
f 459/388/459 463/392/463 424/353/424
f 424/353/424 463/392/463 464/393/464
f 424/353/424 464/393/464 465/394/465
f 464/393/464 438/367/438 465/394/465
f 422/351/422 465/394/465 438/367/438
f 422/351/422 424/353/424 465/394/465
f 430/359/430 422/351/422 438/367/438
f 464/393/464 440/369/440 438/367/438
f 466/395/466 467/396/467 468/397/468
f 468/397/468 469/398/469 466/395/466
f 469/398/469 468/397/468 470/399/470
f 470/399/470 471/400/471 469/398/469
f 471/400/471 470/399/470 472/401/472
f 472/401/472 473/402/473 471/400/471
f 474/403/474 473/402/473 472/401/472
f 472/401/472 475/404/475 474/403/474
f 472/401/472 476/405/476 475/404/475
f 470/399/470 476/405/476 472/401/472
f 470/399/470 345/276/345 476/405/476
f 345/276/345 358/289/358 476/405/476
f 477/406/477 467/396/467 466/395/466
f 466/395/466 478/407/478 477/406/477
f 282/215/282 477/406/477 478/407/478
f 478/407/478 479/408/479 282/215/282
f 480/409/480 282/215/282 479/408/479
f 479/408/479 481/410/481 480/409/480
f 477/406/477 282/215/282 482/411/482
f 482/411/482 483/412/483 477/406/477
f 480/409/480 481/410/481 484/413/484
f 484/413/484 485/414/485 480/409/480
f 281/214/281 480/409/480 485/414/485
f 480/409/480 281/214/281 282/215/282
f 282/215/282 279/212/279 482/411/482
f 467/396/467 477/406/477 483/412/483
f 483/412/483 486/415/486 467/396/467
f 486/415/486 483/412/483 360/291/360
f 360/291/360 354/285/354 486/415/486
f 467/396/467 486/415/486 351/282/351
f 351/282/351 468/397/468 467/396/467
f 468/397/468 351/282/351 352/283/352
f 352/283/352 470/399/470 468/397/468
f 278/211/278 360/291/360 483/412/483
f 483/412/483 482/411/482 278/211/278
f 279/212/279 278/211/278 482/411/482
f 486/415/486 354/285/354 350/281/350
f 350/281/350 351/282/351 486/415/486
f 345/276/345 470/399/470 352/283/352
f 263/196/263 262/195/262 278/211/278
f 330/261/330 314/246/314 487/416/487
f 332/263/332 330/261/330 487/416/487
f 340/271/340 332/263/332 487/416/487
f 313/245/313 314/246/314 330/261/330
f 306/238/306 488/417/488 314/246/314
f 488/417/488 306/238/306 307/239/307
f 489/418/489 488/417/488 307/239/307
f 305/237/305 489/418/489 307/239/307
f 303/235/303 489/418/489 305/237/305
f 308/240/308 489/418/489 303/235/303
f 310/242/310 489/418/489 308/240/308
f 490/419/490 489/418/489 310/242/310
f 311/243/311 490/419/490 310/242/310
f 491/420/491 490/419/490 311/243/311
f 311/243/311 492/421/492 491/420/491
f 492/421/492 311/243/311 309/241/309
f 283/216/283 492/421/492 309/241/309
f 283/216/283 309/241/309 295/227/295
f 491/420/491 492/421/492 275/208/275
f 275/208/275 492/421/492 283/216/283
f 275/208/275 493/422/493 491/420/491
f 494/423/494 491/420/491 493/422/493
f 494/423/494 493/422/493 495/424/495
f 494/423/494 496/425/496 491/420/491
f 491/420/491 496/425/496 490/419/490
f 493/422/493 275/208/275 497/426/497
f 495/424/495 493/422/493 497/426/497
f 498/427/498 495/424/495 497/426/497
f 274/207/274 498/427/498 497/426/497
f 274/207/274 497/426/497 275/208/275
f 490/419/490 496/425/496 489/418/489
f 269/202/269 498/427/498 274/207/274
f 270/203/270 498/427/498 269/202/269
f 499/256/499 500/258/500 501/428/501
f 500/258/500 502/259/502 501/428/501
f 502/259/502 503/429/503 501/428/501
f 503/429/503 504/430/504 501/428/501
f 504/430/504 505/325/505 501/428/501
f 505/325/505 506/326/506 501/428/501
f 506/326/506 507/255/507 501/428/501
f 507/255/507 508/253/508 501/428/501
f 508/253/508 509/252/509 501/428/501
f 509/252/509 510/250/510 501/428/501
f 510/250/510 511/256/511 501/428/501
f 512/431/512 513/432/513 514/433/513
f 515/434/514 514/433/513 513/432/513
f 516/435/515 517/436/516 518/434/517
f 518/434/517 519/437/518 516/435/515
f 520/438/519 518/434/517 517/436/516
f 521/432/520 519/437/518 518/434/517
f 522/439/521 518/434/517 523/438/522
f 520/438/519 524/440/523 522/439/524
f 525/441/525 522/439/524 524/440/523
f 526/431/526 527/439/527 525/441/525
f 526/431/526 525/441/525 528/442/528
f 526/431/529 529/433/530 522/439/524
f 528/442/528 530/443/531 526/431/526
f 529/433/532 518/434/517 531/439/533
f 525/441/525 532/444/534 528/442/528
f 528/442/528 532/444/534 530/443/531
f 533/445/535 530/443/531 532/444/534
f 532/444/534 534/446/536 533/445/535
f 534/446/536 532/444/534 535/447/537
f 532/444/534 525/441/525 536/448/538
f 537/448/539 535/447/537 532/444/534
f 538/440/540 536/448/538 525/441/525
f 539/449/541 535/447/542 523/438/522
f 535/447/542 540/449/543 541/446/544
f 542/438/545 543/450/546 540/449/547
f 544/440/548 542/438/545 535/447/542
f 545/436/549 543/450/550 523/438/551
f 535/447/542 546/448/552 547/440/552
f 548/451/553 549/452/554 550/453/555
f 550/453/555 549/452/554 551/454/556
f 551/454/556 552/455/557 550/453/555
f 553/456/558 550/453/555 552/455/557
f 550/453/555 553/456/558 554/457/559
f 554/457/559 555/458/560 550/453/555
f 556/453/561 555/458/560 548/451/553
f 552/455/557 557/459/562 553/456/558
f 555/458/560 554/457/559 558/460/563
f 558/460/563 548/451/553 555/458/560
f 559/461/564 560/439/565 561/433/566
f 559/461/567 562/441/568 563/439/569
f 564/440/570 560/439/571 562/441/568
f 560/439/571 564/440/570 565/438/572
f 559/461/567 566/462/573 562/441/568
f 559/461/567 567/443/574 566/462/573
f 566/462/573 568/444/575 562/441/568
f 567/443/574 568/444/575 566/462/573
f 568/444/575 567/443/574 569/463/576
f 569/463/576 570/446/577 568/444/575
f 571/447/578 568/444/575 570/446/577
f 568/444/575 571/447/578 572/448/579
f 572/448/579 562/441/568 568/444/575
f 573/446/580 574/449/581 571/447/582
f 562/441/568 575/448/583 576/440/583
f 577/438/584 578/434/585 560/439/571
f 577/438/584 571/447/586 579/449/587
f 580/436/588 578/434/585 565/438/589
f 578/434/585 580/436/588 581/435/590
f 581/435/590 582/437/591 578/434/585
f 578/434/585 582/437/591 583/464/592
f 574/449/581 584/450/593 585/438/594
f 577/438/584 584/450/595 586/436/596
f 571/447/597 585/438/594 587/440/598
f 588/440/599 589/448/599 571/447/600
f 590/439/601 578/434/585 561/433/566
f 591/451/602 592/458/603 593/453/604
f 592/458/603 591/451/602 594/460/605
f 594/460/605 595/457/606 592/458/603
f 596/453/607 592/458/603 595/457/606
f 596/453/607 597/452/608 591/451/609
f 595/457/606 598/456/610 596/453/607
f 599/455/611 596/453/607 598/456/610
f 598/456/610 600/459/612 599/455/611
f 596/453/607 599/455/611 601/454/613
f 601/454/613 597/452/608 596/453/607
f 559/461/567 602/433/614 603/464/614
f 604/465/615 605/466/616 606/467/617
f 606/467/617 607/468/618 604/465/615
f 606/467/617 605/466/616 608/469/619
f 608/469/619 609/470/620 606/467/617
f 610/471/621 604/465/615 607/468/618
f 604/465/615 610/471/621 611/472/622
f 611/472/622 612/473/623 604/465/615
f 605/466/616 604/465/615 612/473/623
f 607/468/618 613/474/624 610/471/621
f 610/471/621 614/475/625 611/472/622
f 615/476/626 614/475/625 610/471/621
f 615/476/626 610/471/621 613/474/624
f 616/477/627 614/475/625 615/476/626
f 615/476/626 617/478/628 616/477/627
f 618/479/629 617/478/628 615/476/626
f 615/476/626 619/480/630 618/479/629
f 620/481/631 619/480/630 615/476/626
f 615/476/626 621/482/632 620/481/631
f 613/474/624 621/482/632 615/476/626
f 622/483/633 621/482/632 613/474/624
f 620/481/631 621/482/632 622/483/633
f 613/474/624 623/484/634 622/483/633
f 623/484/634 613/474/624 607/468/618
f 607/468/618 624/485/635 623/484/634
f 624/485/635 607/468/618 606/467/617
f 606/467/617 625/486/636 624/485/635
f 626/487/637 625/486/636 606/467/617
f 606/467/617 609/470/620 626/487/637
f 627/488/638 626/487/637 609/470/620
f 609/470/620 628/489/639 627/488/638
f 629/490/640 627/488/638 628/489/639
f 628/489/639 630/491/641 629/490/640
f 631/492/642 630/491/641 628/489/639
f 630/491/641 631/492/642 632/493/643
f 633/494/644 632/493/643 631/492/642
f 631/492/642 634/495/645 633/494/644
f 635/496/646 634/495/645 631/492/642
f 631/492/642 636/497/647 635/496/646
f 635/496/646 636/497/647 637/498/648
f 637/498/648 638/499/649 635/496/646
f 632/493/643 639/500/650 630/491/641
f 629/490/640 630/491/641 639/500/650
f 628/489/639 640/501/651 631/492/642
f 640/501/651 628/489/639 609/470/620
f 636/497/647 640/501/651 637/498/648
f 636/497/647 631/492/642 640/501/651
f 639/500/650 641/502/652 629/490/640
f 609/470/620 608/469/619 640/501/651
f 642/503/653 640/501/651 608/469/619
f 637/498/648 640/501/651 642/503/653
f 642/503/653 608/469/619 643/504/654
f 642/503/653 644/505/655 637/498/648
f 642/503/653 643/504/654 644/505/655
f 645/506/656 638/499/649 637/498/648
f 637/498/648 644/505/655 645/506/656
f 646/507/657 643/504/654 608/469/619
f 608/469/619 605/466/616 646/507/657
f 612/473/623 646/507/657 605/466/616
f 647/508/658 629/490/640 641/502/652
f 629/490/640 647/508/658 648/509/659
f 648/509/659 627/488/638 629/490/640
f 626/487/637 627/488/638 648/509/659
f 648/509/659 649/510/660 626/487/637
f 641/502/652 650/511/661 647/508/658
f 626/487/637 649/510/660 651/512/662
f 651/512/662 625/486/636 626/487/637
f 625/486/636 651/512/662 652/513/663
f 652/513/663 624/485/635 625/486/636
f 624/485/635 652/513/663 653/514/664
f 653/514/664 623/484/634 624/485/635
f 623/484/634 653/514/664 654/515/665
f 654/515/665 622/483/633 623/484/634
f 649/510/660 648/509/659 655/516/666
f 655/516/666 656/517/667 649/510/660
f 656/517/667 655/516/666 657/518/668
f 658/519/669 657/518/668 655/516/666
f 655/516/666 659/520/670 658/519/669
f 660/521/671 658/519/669 659/520/670
f 661/522/672 658/519/669 660/521/671
f 660/521/671 662/523/673 661/522/672
f 659/520/670 663/524/674 660/521/671
f 664/525/675 657/518/668 658/519/669
f 658/519/669 661/522/672 664/525/675
f 665/526/676 657/518/668 664/525/675
f 657/518/668 665/526/676 656/517/667
f 664/525/675 666/527/677 665/526/676
f 665/526/676 666/527/677 667/528/678
f 667/528/678 668/529/679 665/526/676
f 669/530/680 668/529/679 667/528/678
f 668/529/679 669/530/680 670/531/681
f 671/532/682 670/531/681 669/530/680
f 669/530/680 672/533/683 671/532/682
f 670/531/681 673/534/684 668/529/679
f 665/526/676 668/529/679 673/534/684
f 674/535/685 671/532/682 672/533/683
f 672/533/683 675/536/686 674/535/685
f 675/536/686 672/533/683 676/537/687
f 676/537/687 677/538/688 675/536/686
f 678/539/689 675/536/686 677/538/688
f 677/538/688 679/540/690 678/539/689
f 679/540/690 677/538/688 680/541/691
f 680/541/691 681/542/692 679/540/690
f 679/540/690 681/542/692 682/543/693
f 682/543/693 683/544/694 679/540/690
f 675/536/686 678/539/689 684/545/695
f 684/545/695 674/535/685 675/536/686
f 654/515/665 674/535/685 684/545/695
f 684/545/695 685/546/696 654/515/665
f 686/547/697 676/537/687 672/533/683
f 676/537/687 686/547/697 687/548/698
f 687/548/698 688/549/699 676/537/687
f 688/549/699 680/541/691 677/538/688
f 677/538/688 676/537/687 688/549/699
f 681/542/692 680/541/691 689/550/700
f 689/550/700 690/551/701 681/542/692
f 681/542/692 690/551/701 682/543/693
f 690/551/701 689/550/700 691/552/702
f 691/552/702 689/550/700 692/553/703
f 693/554/704 691/552/702 692/553/703
f 692/553/703 694/555/705 693/554/704
f 694/555/705 692/553/703 695/556/706
f 692/553/703 689/550/700 695/556/706
f 695/556/706 696/557/707 694/555/705
f 696/557/707 695/556/706 697/558/708
f 697/558/708 698/559/709 696/557/707
f 698/559/709 697/558/708 699/560/710
f 695/556/706 689/550/700 700/561/711
f 700/561/711 697/558/708 695/556/706
f 700/561/711 689/550/700 701/562/712
f 701/562/712 702/563/713 700/561/711
f 702/563/713 703/564/714 700/561/711
f 703/564/714 697/558/708 700/561/711
f 704/560/715 697/558/708 703/564/714
f 704/560/715 705/565/716 698/559/709
f 706/566/717 705/565/716 704/560/715
f 704/560/715 707/567/718 706/566/717
f 703/564/714 708/568/719 704/560/715
f 707/567/718 704/560/715 709/569/720
f 709/569/720 704/560/715 708/568/719
f 710/570/721 709/569/720 708/568/719
f 708/568/719 711/571/722 710/570/721
f 703/564/714 702/563/713 711/571/722
f 711/571/722 708/568/719 703/564/714
f 710/570/721 712/572/723 709/569/720
f 712/572/723 710/570/721 713/573/724
f 713/573/724 714/574/725 712/572/723
f 712/572/723 714/574/725 715/575/726
f 715/575/726 716/576/727 712/572/723
f 709/569/720 712/572/723 716/576/727
f 716/576/727 707/567/718 709/569/720
f 706/566/717 707/567/718 716/576/727
f 717/577/728 706/566/717 716/576/727
f 718/578/729 717/577/728 716/576/727
f 716/576/727 715/575/726 718/578/729
f 719/579/730 718/578/729 715/575/726
f 715/575/726 720/580/731 719/579/730
f 720/580/731 715/575/726 714/574/725
f 721/581/732 719/579/730 720/580/731
f 720/580/731 722/582/733 721/581/732
f 723/583/734 721/581/732 722/582/733
f 722/582/733 724/584/735 723/583/734
f 722/582/733 720/580/731 725/585/736
f 714/574/725 725/585/736 720/580/731
f 725/585/736 726/586/737 722/582/733
f 724/584/735 722/582/733 726/586/737
f 726/586/737 727/587/738 724/584/735
f 714/574/725 713/573/724 687/548/698
f 687/548/698 728/588/739 714/574/725
f 714/574/725 728/588/739 725/585/736
f 727/587/738 726/586/737 729/589/740
f 729/589/740 730/590/741 727/587/738
f 730/590/741 729/589/740 664/525/675
f 664/525/675 661/522/672 730/590/741
f 726/586/737 725/585/736 731/591/742
f 731/591/742 729/589/740 726/586/737
f 725/585/736 728/588/739 731/591/742
f 729/589/740 731/591/742 666/527/677
f 666/527/677 664/525/675 729/589/740
f 667/528/678 728/588/739 687/548/698
f 731/591/742 728/588/739 667/528/678
f 667/528/678 666/527/677 731/591/742
f 687/548/698 686/547/697 667/528/678
f 667/528/678 686/547/697 669/530/680
f 672/533/683 669/530/680 686/547/697
f 688/549/699 687/548/698 713/573/724
f 713/573/724 732/592/743 688/549/699
f 732/592/743 713/573/724 710/570/721
f 710/570/721 711/571/722 732/592/743
f 732/592/743 711/571/722 702/563/713
f 702/563/713 701/562/712 732/592/743
f 688/549/699 732/592/743 701/562/712
f 701/562/712 680/541/691 688/549/699
f 689/550/700 680/541/691 701/562/712
f 733/593/744 734/594/745 735/595/746
f 735/595/746 736/596/747 733/593/744
f 735/595/746 734/594/745 737/597/748
f 737/597/748 738/598/749 735/595/746
f 733/593/744 736/596/747 739/599/750
f 739/599/750 740/600/751 733/593/744
f 739/599/750 741/601/752 740/600/751
f 738/598/749 737/597/748 742/602/753
f 622/483/633 743/603/754 620/481/631
f 685/546/696 743/603/754 622/483/633
f 622/483/633 654/515/665 685/546/696
f 674/535/685 654/515/665 653/514/664
f 653/514/664 671/532/682 674/535/685
f 671/532/682 653/514/664 652/513/663
f 652/513/663 670/531/681 671/532/682
f 670/531/681 652/513/663 651/512/662
f 651/512/662 673/534/684 670/531/681
f 673/534/684 651/512/662 649/510/660
f 649/510/660 656/517/667 673/534/684
f 673/534/684 656/517/667 665/526/676
f 648/509/659 647/508/658 659/520/670
f 659/520/670 655/516/666 648/509/659
f 659/520/670 647/508/658 650/511/661
f 650/511/661 663/524/674 659/520/670
f 744/604/755 745/605/756 746/606/757
f 746/606/757 747/607/758 744/604/755
f 748/608/759 744/604/755 747/607/758
f 747/607/758 749/609/760 748/608/759
f 748/608/759 749/609/760 750/610/761
f 750/610/761 751/611/762 748/608/759
f 752/612/763 751/611/762 750/610/761
f 750/610/761 753/613/764 752/612/763
f 754/604/765 755/608/766 756/614/765
f 756/614/765 757/615/767 754/604/765
f 758/616/768 759/617/769 760/618/770
f 760/618/770 761/619/771 758/616/768
f 762/620/772 759/617/769 758/616/768
f 758/616/768 763/621/773 762/620/772
f 764/622/774 760/618/770 759/617/769
f 759/617/769 765/623/775 764/622/774
f 766/624/776 765/623/775 759/617/769
f 762/620/772 766/624/776 759/617/769
f 767/625/777 766/624/776 762/620/772
f 768/626/778 767/625/777 762/620/772
f 769/627/779 758/616/768 761/619/771
f 769/627/779 763/621/773 758/616/768
f 761/619/771 770/628/780 769/627/779
f 762/620/772 763/621/773 771/629/781
f 762/620/772 771/629/781 768/626/778
f 771/629/781 763/621/773 772/630/782
f 763/621/773 769/627/779 772/630/782
f 771/629/781 772/630/782 773/631/783
f 773/631/783 768/626/778 771/629/781
f 773/631/783 774/632/784 768/626/778
f 764/622/774 765/623/775 775/633/785
f 775/633/785 765/623/775 766/624/776
f 775/633/785 776/634/786 764/622/774
f 766/624/776 777/635/787 775/633/785
f 775/633/785 777/635/787 778/636/788
f 778/636/788 779/637/789 775/633/785
f 775/633/785 779/637/789 780/638/790
f 780/638/790 776/634/786 775/633/785
f 779/637/789 778/636/788 781/639/791
f 782/640/792 781/639/791 778/636/788
f 781/639/791 782/640/792 783/641/793
f 783/641/793 784/642/794 781/639/791
f 778/636/788 785/643/795 782/640/792
f 785/643/795 778/636/788 777/635/787
f 785/643/795 777/635/787 786/644/796
f 787/645/797 785/643/795 786/644/796
f 788/646/798 782/640/792 785/643/795
f 785/643/795 789/647/799 788/646/798
f 789/647/799 785/643/795 787/645/797
f 790/648/800 788/646/798 789/647/799
f 791/649/801 788/646/798 790/648/800
f 790/648/800 792/650/802 791/649/801
f 789/647/799 793/651/803 790/648/800
f 794/652/804 790/648/800 793/651/803
f 793/651/803 795/653/805 794/652/804
f 795/653/805 793/651/803 796/654/806
f 796/654/806 797/655/807 795/653/805
f 791/649/801 792/650/802 798/656/808
f 798/656/808 799/657/809 791/649/801
f 800/658/810 788/646/798 791/649/801
f 801/659/811 788/646/798 800/658/810
f 802/660/812 800/658/810 791/649/801
f 791/649/801 799/657/809 802/660/812
f 801/659/811 800/658/810 802/660/812
f 790/648/800 803/661/813 792/650/802
f 790/648/800 804/662/814 803/661/813
f 804/662/814 790/648/800 794/652/804
f 805/663/815 803/661/813 804/662/814
f 805/663/815 798/656/808 792/650/802
f 792/650/802 803/661/813 805/663/815
f 804/662/814 806/664/816 805/663/815
f 794/652/804 807/665/817 804/662/814
f 794/652/804 808/666/818 807/665/817
f 809/667/819 807/665/817 808/666/818
f 809/667/819 806/664/816 804/662/814
f 804/662/814 807/665/817 809/667/819
f 808/666/818 810/668/820 809/667/819
f 811/669/821 810/668/820 808/666/818
f 808/666/818 812/670/822 811/669/821
f 813/671/823 811/669/821 812/670/822
f 812/670/822 814/672/824 813/671/823
f 812/670/822 815/673/825 814/672/824
f 794/652/804 812/670/822 808/666/818
f 812/670/822 794/652/804 815/673/825
f 802/660/812 816/674/826 801/659/811
f 817/675/827 815/673/825 794/652/804
f 794/652/804 795/653/805 817/675/827
f 817/675/827 795/653/805 797/655/807
f 797/655/807 818/676/828 817/675/827
f 818/676/828 797/655/807 819/677/829
f 820/678/830 819/677/829 797/655/807
f 797/655/807 821/679/831 820/678/830
f 819/677/829 822/680/832 818/676/828
f 823/681/833 822/680/832 819/677/829
f 819/677/829 824/682/834 823/681/833
f 824/682/834 819/677/829 820/678/830
f 821/679/831 825/683/835 820/678/830
f 826/684/836 824/682/834 820/678/830
f 820/678/830 827/685/837 826/684/836
f 825/683/835 827/685/837 820/678/830
f 827/685/837 828/686/838 826/684/836
f 826/684/836 828/686/838 829/687/839
f 824/682/834 826/684/836 829/687/839
f 829/687/839 828/686/838 830/688/840
f 830/688/840 831/689/841 829/687/839
f 832/690/842 829/687/839 831/689/841
f 832/690/842 824/682/834 829/687/839
f 831/689/841 833/691/843 832/690/842
f 834/692/844 825/683/835 821/679/831
f 835/693/845 834/692/844 821/679/831
f 836/694/846 834/692/844 835/693/845
f 835/693/845 837/695/847 836/694/846
f 837/695/847 835/693/845 838/696/848
f 838/696/848 787/645/797 837/695/847
f 839/697/849 837/695/847 787/645/797
f 787/645/797 786/644/796 839/697/849
f 840/698/850 839/697/849 786/644/796
f 839/697/849 841/699/851 837/695/847
f 841/699/851 836/694/846 837/695/847
f 842/700/852 841/699/851 839/697/849
f 842/700/852 839/697/849 767/625/777
f 840/698/850 767/625/777 839/697/849
f 768/626/778 842/700/852 767/625/777
f 787/645/797 838/696/848 789/647/799
f 793/651/803 789/647/799 838/696/848
f 838/696/848 796/654/806 793/651/803
f 838/696/848 835/693/845 821/679/831
f 821/679/831 796/654/806 838/696/848
f 796/654/806 821/679/831 797/655/807
f 786/644/796 777/635/787 840/698/850
f 777/635/787 766/624/776 840/698/850
f 840/698/850 766/624/776 767/625/777
f 843/701/853 844/702/854 845/703/855
f 845/703/855 846/704/856 843/701/853
f 847/705/857 845/703/855 844/702/854
f 845/703/855 847/705/857 848/706/858
f 848/706/858 849/707/859 845/703/855
f 849/707/859 846/704/856 845/703/855
f 849/707/859 848/706/858 850/708/860
f 850/708/860 851/709/861 849/707/859
f 844/702/854 852/710/862 847/705/857
f 852/710/862 844/702/854 853/711/863
f 853/711/863 854/712/864 852/710/862
f 844/702/854 843/701/853 855/713/865
f 855/713/865 853/711/863 844/702/854
f 853/711/863 855/713/865 856/714/866
f 856/714/866 857/715/867 853/711/863
f 858/716/868 857/715/867 856/714/866
f 856/714/866 859/717/869 858/716/868
f 860/718/870 850/708/860 848/706/858
f 848/706/858 861/719/871 860/718/870
f 861/719/871 848/706/858 847/705/857
f 862/720/872 847/705/857 852/710/862
f 847/705/857 862/720/872 861/719/871
f 852/710/862 863/721/873 862/720/872
f 852/710/862 854/712/864 864/722/874
f 864/722/874 863/721/873 852/710/862
f 865/723/875 858/716/868 859/717/869
f 859/717/869 866/724/876 865/723/875
f 853/711/863 857/715/867 867/725/877
f 867/725/877 854/712/864 853/711/863
f 857/715/867 858/716/868 868/726/878
f 868/726/878 867/725/877 857/715/867
f 867/725/877 868/726/878 869/727/879
f 869/727/879 870/728/880 867/725/877
f 858/716/868 865/723/875 871/729/881
f 871/729/881 868/726/878 858/716/868
f 872/730/882 861/719/871 862/720/872
f 862/720/872 873/731/883 872/730/882
f 873/731/883 862/720/872 863/721/873
f 864/722/874 870/728/880 874/732/884
f 874/732/884 875/733/885 864/722/874
f 863/721/873 864/722/874 875/733/885
f 876/734/886 860/718/870 861/719/871
f 877/735/887 876/734/886 872/730/882
f 872/730/882 878/736/888 877/735/887
f 878/736/888 872/730/882 873/731/883
f 879/737/889 876/734/886 877/735/887
f 877/735/887 880/738/890 879/737/889
f 861/719/871 872/730/882 876/734/886
f 881/739/891 860/718/870 876/734/886
f 876/734/886 879/737/889 881/739/891
f 850/708/860 860/718/870 881/739/891
f 881/739/891 882/740/892 850/708/860
f 850/708/860 882/740/892 883/741/893
f 883/741/893 851/709/861 850/708/860
f 884/742/894 851/709/861 883/741/893
f 883/741/893 885/743/895 884/742/894
f 849/707/859 851/709/861 884/742/894
f 849/707/859 884/742/894 886/744/896
f 887/745/897 849/707/859 886/744/896
f 849/707/859 887/745/897 846/704/856
f 877/735/887 878/736/888 888/746/898
f 888/746/898 878/736/888 889/747/899
f 889/747/899 890/748/900 888/746/898
f 873/731/883 889/747/899 878/736/888
f 891/749/901 889/747/899 873/731/883
f 873/731/883 892/750/902 891/749/901
f 893/751/903 891/749/901 892/750/902
f 892/750/902 875/733/885 893/751/903
f 863/721/873 892/750/902 873/731/883
f 875/733/885 892/750/902 863/721/873
f 894/752/904 893/751/903 875/733/885
f 893/751/903 894/752/904 895/753/905
f 895/753/905 896/754/906 893/751/903
f 891/749/901 893/751/903 896/754/906
f 875/733/885 874/732/884 894/752/904
f 894/752/904 874/732/884 897/755/907
f 897/755/907 898/756/908 894/752/904
f 895/753/905 894/752/904 898/756/908
f 897/755/907 874/732/884 870/728/880
f 870/728/880 869/727/879 897/755/907
f 899/757/909 897/755/907 869/727/879
f 898/756/908 897/755/907 899/757/909
f 869/727/879 900/758/910 899/757/909
f 900/758/910 869/727/879 868/726/878
f 868/726/878 871/729/881 900/758/910
f 899/757/909 901/759/911 898/756/908
f 902/760/912 898/756/908 901/759/911
f 898/756/908 902/760/912 895/753/905
f 901/759/911 903/761/913 902/760/912
f 870/728/880 864/722/874 854/712/864
f 854/712/864 867/725/877 870/728/880
f 896/754/906 904/762/914 891/749/901
f 889/747/899 891/749/901 904/762/914
f 904/762/914 890/748/900 889/747/899
f 905/763/915 906/764/916 907/765/917
f 907/765/917 908/766/918 905/763/915
f 909/767/919 908/766/918 907/765/917
f 907/765/917 910/768/920 909/767/919
f 910/768/920 911/769/921 909/767/919
f 912/770/922 908/766/918 909/767/919
f 905/763/915 908/766/918 912/770/922
f 909/767/919 913/771/923 912/770/922
f 911/769/921 913/771/923 909/767/919
f 912/770/922 914/772/924 905/763/915
f 914/772/924 915/773/925 905/763/915
f 915/773/925 906/764/916 905/763/915
f 912/770/922 913/771/923 916/774/926
f 916/774/926 917/775/927 912/770/922
f 914/772/924 912/770/922 917/775/927
f 917/775/927 918/776/928 914/772/924
f 916/774/926 913/771/923 919/777/929
f 911/769/921 919/777/929 913/771/923
f 919/777/929 920/778/930 916/774/926
f 914/772/924 918/776/928 921/779/931
f 921/779/931 918/776/928 922/780/932
f 921/779/931 923/781/933 914/772/924
f 914/772/924 923/781/933 915/773/925
f 917/775/927 916/774/926 924/782/934
f 924/782/934 916/774/926 925/783/935
f 926/784/936 925/783/935 916/774/926
f 916/774/926 927/785/937 926/784/936
f 928/786/938 927/785/937 916/774/926
f 916/774/926 929/778/939 928/786/938
f 930/787/940 925/783/935 926/784/936
f 931/788/941 925/783/935 930/787/940
f 925/783/935 931/788/941 924/782/934
f 930/787/940 932/789/942 931/788/941
f 926/784/936 933/790/943 930/787/940
f 934/791/944 930/787/940 933/790/943
f 933/790/943 935/792/945 934/791/944
f 930/787/940 934/791/944 936/793/946
f 931/788/941 932/789/942 937/794/947
f 932/789/942 938/795/948 937/794/947
f 937/794/947 939/796/949 931/788/941
f 940/797/950 933/790/943 926/784/936
f 926/784/936 941/798/951 940/797/950
f 941/798/951 926/784/936 927/785/937
f 942/799/952 940/797/950 941/798/951
f 941/798/951 943/800/953 942/799/952
f 944/801/954 943/800/953 941/798/951
f 941/798/951 945/802/955 944/801/954
f 942/799/952 946/803/956 940/797/950
f 946/803/956 933/790/943 940/797/950
f 946/803/956 935/792/945 933/790/943
f 927/785/937 945/802/955 941/798/951
f 927/785/937 947/804/957 945/802/955
f 947/804/957 944/801/954 945/802/955
f 948/805/958 939/796/949 937/794/947
f 937/794/947 949/806/959 948/805/958
f 950/807/960 949/806/959 937/794/947
f 937/794/947 951/808/961 950/807/960
f 937/794/947 938/795/948 951/808/961
f 927/785/937 928/786/938 947/804/957
f 939/796/949 948/805/958 952/809/962
f 953/810/963 939/796/949 952/809/962
f 931/788/941 939/796/949 953/810/963
f 953/810/963 924/782/934 931/788/941
f 924/782/934 953/810/963 954/811/964
f 954/811/964 955/812/965 924/782/934
f 955/812/965 956/780/966 924/782/934
f 955/812/965 954/811/964 957/813/967
f 957/813/967 958/814/968 955/812/965
f 959/815/969 958/814/968 957/813/967
f 957/813/967 960/816/970 959/815/969
f 961/817/971 959/815/969 960/816/970
f 960/816/970 962/818/972 961/817/971
f 963/819/973 962/818/972 960/816/970
f 960/816/970 964/820/974 963/819/973
f 964/820/974 960/816/970 957/813/967
f 961/817/971 965/821/975 959/815/969
f 965/821/975 958/814/968 959/815/969
f 957/813/967 966/822/976 964/820/974
f 963/819/973 964/820/974 966/822/976
f 957/813/967 954/811/964 966/822/976
f 967/823/977 966/822/976 954/811/964
f 966/822/976 967/823/977 963/819/973
f 954/811/964 968/824/978 967/823/977
f 954/811/964 953/810/963 968/824/978
f 965/821/975 969/825/979 958/814/968
f 969/825/979 970/780/980 958/814/968
f 955/812/965 958/814/968 970/780/980
f 968/824/978 953/810/963 952/809/962
f 971/826/981 972/827/982 973/828/983
f 972/827/982 971/826/981 974/829/984
f 975/830/985 972/827/982 974/829/984
f 971/826/981 973/828/983 976/831/986
f 976/831/986 973/828/983 977/832/987
f 977/832/987 973/828/983 978/833/988
f 979/834/989 977/832/987 978/833/988
f 977/832/987 980/835/990 976/831/986
f 977/832/987 979/834/989 980/835/990
f 976/831/986 981/836/991 971/826/981
f 971/826/981 982/837/992 974/829/984
f 982/837/992 971/826/981 981/836/991
f 975/830/985 983/838/993 972/827/982
f 972/827/982 983/838/993 984/839/994
f 984/839/994 985/840/995 972/827/982
f 972/827/982 985/840/995 973/828/983
f 973/828/983 985/840/995 978/833/988
f 978/833/988 985/840/995 986/841/996
f 978/833/988 986/841/996 987/842/997
f 987/842/997 988/843/998 978/833/988
f 987/842/997 986/841/996 989/844/999
f 989/844/999 986/841/996 990/845/1000
f 985/840/995 990/845/1000 986/841/996
f 989/844/999 991/846/1001 987/842/997
f 989/844/999 992/847/1002 991/846/1001
f 993/848/1003 990/845/1000 985/840/995
f 985/840/995 984/839/994 993/848/1003
f 994/849/1004 990/845/1000 993/848/1003
f 993/848/1003 995/850/1005 994/849/1004
f 996/851/1006 994/849/1004 995/850/1005
f 996/851/1006 997/852/1007 994/849/1004
f 995/850/1005 998/853/1008 996/851/1006
f 990/845/1000 994/849/1004 999/854/1009
f 989/844/999 990/845/1000 999/854/1009
f 1000/855/1010 989/844/999 999/854/1009
f 992/847/1002 989/844/999 1000/855/1010
f 999/854/1009 1001/856/1011 1000/855/1010
f 994/849/1004 1002/857/1012 999/854/1009
f 997/852/1007 1002/857/1012 994/849/1004
f 1001/856/1011 999/854/1009 1002/857/1012
f 1003/858/1013 1002/857/1012 997/852/1007
f 1002/857/1012 1003/858/1013 1004/859/1014
f 1002/857/1012 1004/859/1014 1001/856/1011
f 1005/860/1015 1001/856/1011 1004/859/1014
f 1004/859/1014 1006/861/1016 1005/860/1015
f 1007/862/1017 1005/860/1015 1006/861/1016
f 1005/860/1015 1007/862/1017 1008/863/1018
f 1008/863/1018 1009/864/1019 1005/860/1015
f 1001/856/1011 1005/860/1015 1009/864/1019
f 1009/864/1019 1000/855/1010 1001/856/1011
f 1010/865/1020 1000/855/1010 1009/864/1019
f 1010/865/1020 1009/864/1019 1008/863/1018
f 1011/866/1021 1010/865/1020 1008/863/1018
f 1008/863/1018 1012/867/1022 1011/866/1021
f 1012/867/1022 1008/863/1018 1007/862/1017
f 1006/861/1016 1013/868/1023 1007/862/1017
f 1006/861/1016 1014/869/1024 1013/868/1023
f 1003/858/1013 1014/869/1024 1004/859/1014
f 1014/869/1024 1006/861/1016 1004/859/1014
f 1012/867/1022 1015/870/1025 1011/866/1021
f 1015/870/1025 1012/867/1022 1016/871/1026
f 1007/862/1017 1016/871/1026 1012/867/1022
f 1016/871/1026 1017/872/1027 1015/870/1025
f 1018/873/1028 1017/872/1027 1016/871/1026
f 1016/871/1026 1019/874/1029 1018/873/1028
f 1019/874/1029 1016/871/1026 1007/862/1017
f 1007/862/1017 1013/868/1023 1019/874/1029
f 1020/875/1030 1018/873/1028 1019/874/1029
f 1020/875/1030 1019/874/1029 1013/868/1023
f 1013/868/1023 1014/869/1024 1020/875/1030
f 1010/865/1020 992/847/1002 1000/855/1010
f 992/847/1002 1021/876/1031 991/846/1001
f 1021/876/1031 1022/877/1032 991/846/1001
f 1022/877/1032 1021/876/1031 1023/878/1033
f 1022/877/1032 1023/878/1033 1024/879/1034
f 1024/879/1034 1025/880/1035 1022/877/1032
f 991/846/1001 1022/877/1032 1025/880/1035
f 1025/880/1035 987/842/997 991/846/1001
f 988/843/998 987/842/997 1025/880/1035
f 1025/880/1035 1026/881/1036 988/843/998
f 1026/881/1036 1025/880/1035 1024/879/1034
f 1027/882/1037 988/843/998 1026/881/1036
f 1024/879/1034 1023/878/1033 1028/883/1038
f 1028/883/1038 1029/884/1039 1024/879/1034
f 1029/884/1039 1028/883/1038 1030/885/1040
f 1030/885/1040 1031/886/1041 1029/884/1039
f 1032/887/1042 1029/884/1039 1031/886/1041
f 1024/879/1034 1029/884/1039 1032/887/1042
f 1031/886/1041 1033/888/1043 1032/887/1042
f 1033/888/1043 1034/889/1044 1032/887/1042
f 1032/887/1042 1035/890/1045 1024/879/1034
f 1034/889/1044 1027/882/1037 1035/890/1045
f 1035/890/1045 1032/887/1042 1034/889/1044
f 1024/879/1034 1035/890/1045 1026/881/1036
f 1027/882/1037 1026/881/1036 1035/890/1045
f 1036/891/1046 1030/885/1040 1028/883/1038
f 1036/891/1046 1028/883/1038 1023/878/1033
f 1027/882/1037 1037/834/1047 988/843/998
f 1037/834/1047 978/833/988 988/843/998
f 1023/878/1033 1021/876/1031 1036/891/1046
f 1038/892/1048 938/795/948 1039/893/1049
f 1040/894/1050 1038/892/1048 1039/893/1049
f 1039/893/1049 1041/895/1051 1040/894/1050
f 1042/896/1052 1041/895/1051 1039/893/1049
f 1039/893/1049 1043/897/1053 1042/896/1052
f 1042/896/1052 1043/897/1053 930/787/940
f 930/787/940 1044/898/1054 1042/896/1052
f 1045/793/1055 1044/898/1054 930/787/940
f 1039/893/1049 932/789/942 1043/897/1053
f 932/789/942 930/787/940 1043/897/1053
f 1039/893/1049 938/795/948 932/789/942
f 1046/899/1056 1040/894/1050 1041/895/1051
f 1041/895/1051 1042/896/1052 1047/900/1057
f 1047/900/1057 1042/896/1052 1044/898/1054
f 1047/900/1057 1048/901/1058 1041/895/1051
f 1041/895/1051 1048/901/1058 1046/899/1056
f 1049/902/1059 1048/901/1058 1047/900/1057
f 1048/901/1058 1049/902/1059 1046/899/1056
f 1047/900/1057 1050/903/1060 1049/902/1059
f 1050/903/1060 1047/900/1057 1051/904/1061
f 1044/898/1054 1051/904/1061 1047/900/1057
f 1051/904/1061 1052/905/1062 1050/903/1060
f 1044/898/1054 1053/906/1063 1051/904/1061
f 1053/906/1063 1052/905/1062 1051/904/1061
f 1044/898/1054 1045/793/1055 1053/906/1063
f 1054/907/1064 1055/908/1065 1056/909/1066
f 1056/909/1066 1057/910/1067 1054/907/1064
f 1058/911/1068 1054/907/1064 1057/910/1067
f 1057/910/1067 1059/912/1069 1058/911/1068
f 1059/912/1069 1057/910/1067 1060/913/1070
f 1060/913/1070 1057/910/1067 1056/909/1066
f 1060/913/1070 1061/914/1071 1059/912/1069
f 1056/909/1066 1062/915/1072 1060/913/1070
f 1063/916/1073 1058/911/1068 1059/912/1069
f 1063/916/1073 1059/912/1069 1061/914/1071
f 1056/909/1066 1055/908/1065 1064/917/1074
f 1062/915/1072 1056/909/1066 1064/917/1074
f 1061/914/1071 1060/913/1070 1065/918/1075
f 1065/918/1075 1066/919/1076 1061/914/1071
f 1066/919/1076 1067/920/1077 1061/914/1071
f 1061/914/1071 1067/920/1077 1063/916/1073
f 980/835/990 1066/919/1076 1065/918/1075
f 1067/920/1077 1066/919/1076 980/835/990
f 1065/918/1075 976/831/986 980/835/990
f 1068/921/1078 1065/918/1075 1060/913/1070
f 1060/913/1070 1062/915/1072 1068/921/1078
f 1068/921/1078 1062/915/1072 1069/922/1079
f 1064/917/1074 1069/922/1079 1062/915/1072
f 981/836/991 1068/921/1078 1069/922/1079
f 1065/918/1075 1068/921/1078 981/836/991
f 981/836/991 976/831/986 1065/918/1075
f 1069/922/1079 982/837/992 981/836/991
f 979/834/989 1067/920/1077 980/835/990
f 974/829/984 982/837/992 1070/923/1080
f 974/829/984 1070/923/1080 1071/924/1081
f 974/829/984 1071/924/1081 1072/925/1082
f 1073/926/1083 1072/925/1082 1071/924/1081
f 1071/924/1081 1074/927/1084 1073/926/1083
f 1075/928/1085 1072/925/1082 1073/926/1083
f 1073/926/1083 1076/929/1086 1075/928/1085
f 1076/929/1086 1073/926/1083 1077/930/1087
f 1077/930/1087 1078/931/1088 1076/929/1086
f 1079/932/1089 1075/928/1085 1076/929/1086
f 1079/932/1089 1076/929/1086 1078/931/1088
f 1079/932/1089 1078/931/1088 1080/933/1090
f 1080/933/1090 1078/931/1088 1077/930/1087
f 1080/933/1090 1081/934/1091 1079/932/1089
f 1082/935/1092 1081/934/1091 1080/933/1090
f 1080/933/1090 1083/936/1093 1082/935/1092
f 1077/930/1087 1083/936/1093 1080/933/1090
f 1082/935/1092 1083/936/1093 1084/937/1094
f 1084/937/1094 1083/936/1093 1077/930/1087
f 1084/937/1094 1085/938/1095 1082/935/1092
f 1077/930/1087 1086/939/1096 1084/937/1094
f 1073/926/1083 1074/927/1084 1086/939/1096
f 1086/939/1096 1077/930/1087 1073/926/1083
f 1087/940/1097 1084/937/1094 1086/939/1096
f 1087/940/1097 1085/938/1095 1084/937/1094
f 1086/939/1096 1088/941/1098 1087/940/1097
f 1086/939/1096 1074/927/1084 1088/941/1098
f 1088/941/1098 1074/927/1084 1071/924/1081
f 1070/923/1080 1088/941/1098 1071/924/1081
f 1079/932/1089 1089/942/1099 1075/928/1085
f 983/838/993 975/830/985 1089/942/1099
f 1089/942/1099 1090/943/1100 983/838/993
f 1089/942/1099 975/830/985 1072/925/1082
f 1072/925/1082 975/830/985 974/829/984
f 1072/925/1082 1075/928/1085 1089/942/1099
f 924/782/934 956/780/966 917/775/927
f 917/775/927 956/780/966 918/776/928
f 1091/944/1101 1092/945/1102 1093/946/1103
f 1093/946/1103 1094/947/1104 1091/944/1101
f 1095/948/1105 1093/946/1103 1092/945/1102
f 1092/945/1102 1096/949/1106 1095/948/1105
f 1094/947/1104 1093/946/1103 1097/950/1107
f 1098/951/1108 1097/950/1107 1093/946/1103
f 1093/946/1103 1095/948/1105 1098/951/1108
f 1092/945/1102 1091/944/1101 1099/952/1109
f 1091/944/1101 1100/953/1110 1099/952/1109
f 1101/954/1111 1099/952/1109 1100/953/1110
f 1101/954/1111 1096/949/1106 1092/945/1102
f 1092/945/1102 1099/952/1109 1101/954/1111
f 1100/953/1110 1102/955/1112 1101/954/1111
f 1103/956/1113 1100/953/1110 1091/944/1101
f 1102/955/1112 1100/953/1110 1103/956/1113
f 1091/944/1101 781/639/791 1103/956/1113
f 1103/956/1113 781/639/791 1104/957/1114
f 781/639/791 1091/944/1101 779/637/789
f 780/638/790 779/637/789 1091/944/1101
f 1091/944/1101 1105/947/1115 780/638/790
f 1103/956/1113 1104/957/1114 1106/958/1116
f 1106/958/1116 1107/959/1117 1103/956/1113
f 1103/956/1113 1107/959/1117 1102/955/1112
f 1104/957/1114 781/639/791 784/642/794
f 1106/958/1116 1104/957/1114 784/642/794
f 1108/960/1118 784/642/794 783/641/793
f 783/641/793 1109/961/1119 1108/960/1118
f 784/642/794 1108/960/1118 1110/958/1120
f 1111/962/1121 1109/961/1119 783/641/793
f 783/641/793 1112/963/1122 1111/962/1121
f 1111/962/1121 1112/963/1122 1113/964/1123
f 782/640/792 1113/964/1123 1112/963/1122
f 782/640/792 1112/963/1122 783/641/793
f 1113/964/1123 1114/965/1124 1111/962/1121
f 801/659/811 1113/964/1123 782/640/792
f 782/640/792 788/646/798 801/659/811
f 816/674/826 1114/965/1124 1113/964/1123
f 1113/964/1123 801/659/811 816/674/826
f 888/746/898 1115/966/1125 877/735/887
f 880/738/890 877/735/887 1115/966/1125
f 1115/966/1125 1116/967/1126 880/738/890
f 1117/465/1127 1118/468/1128 1119/467/1129
f 1119/467/1129 1120/466/1130 1117/465/1127
f 1121/469/1131 1120/466/1130 1119/467/1129
f 1119/467/1129 1122/470/1132 1121/469/1131
f 1118/468/1128 1117/465/1127 1123/471/1133
f 1124/472/1134 1123/471/1133 1117/465/1127
f 1117/465/1127 1125/473/1135 1124/472/1134
f 1125/473/1135 1117/465/1127 1120/466/1130
f 1123/471/1133 1126/474/1136 1118/468/1128
f 1123/471/1133 1124/472/1134 1127/475/1137
f 1128/476/1138 1123/471/1133 1127/475/1137
f 1126/474/1136 1123/471/1133 1128/476/1138
f 1128/476/1138 1127/475/1137 1129/477/1139
f 1129/477/1139 1130/478/1140 1128/476/1138
f 1128/476/1138 1130/478/1140 1131/479/1141
f 1131/479/1141 1132/480/1142 1128/476/1138
f 1128/476/1138 1132/480/1142 1133/481/1143
f 1133/481/1143 1134/482/1144 1128/476/1138
f 1128/476/1138 1134/482/1144 1126/474/1136
f 1126/474/1136 1134/482/1144 1135/483/1145
f 1135/483/1145 1134/482/1144 1133/481/1143
f 1135/483/1145 1136/484/1146 1126/474/1136
f 1118/468/1128 1126/474/1136 1136/484/1146
f 1136/484/1146 1137/485/1147 1118/468/1128
f 1119/467/1129 1118/468/1128 1137/485/1147
f 1137/485/1147 1138/486/1148 1119/467/1129
f 1119/467/1129 1138/486/1148 1139/487/1149
f 1139/487/1149 1122/470/1132 1119/467/1129
f 1122/470/1132 1139/487/1149 1140/488/1150
f 1140/488/1150 1141/489/1151 1122/470/1132
f 1141/489/1151 1140/488/1150 1142/490/1152
f 1142/490/1152 1143/491/1153 1141/489/1151
f 1141/489/1151 1143/491/1153 1144/492/1154
f 1145/493/1155 1144/492/1154 1143/491/1153
f 1144/492/1154 1145/493/1155 1146/494/1156
f 1146/494/1156 1147/495/1157 1144/492/1154
f 1144/492/1154 1147/495/1157 1148/496/1158
f 1148/496/1158 1149/497/1159 1144/492/1154
f 1150/498/1160 1149/497/1159 1148/496/1158
f 1148/496/1158 1151/499/1161 1150/498/1160
f 1143/491/1153 1152/500/1162 1145/493/1155
f 1152/500/1162 1143/491/1153 1142/490/1152
f 1144/492/1154 1153/501/1163 1141/489/1151
f 1122/470/1132 1141/489/1151 1153/501/1163
f 1149/497/1159 1150/498/1160 1153/501/1163
f 1149/497/1159 1153/501/1163 1144/492/1154
f 1142/490/1152 1154/502/1164 1152/500/1162
f 1153/501/1163 1121/469/1131 1122/470/1132
f 1155/503/1165 1121/469/1131 1153/501/1163
f 1150/498/1160 1155/503/1165 1153/501/1163
f 1155/503/1165 1156/504/1166 1121/469/1131
f 1155/503/1165 1150/498/1160 1157/505/1167
f 1155/503/1165 1157/505/1167 1156/504/1166
f 1158/506/1168 1157/505/1167 1150/498/1160
f 1150/498/1160 1151/499/1161 1158/506/1168
f 1121/469/1131 1156/504/1166 1159/507/1169
f 1159/507/1169 1120/466/1130 1121/469/1131
f 1120/466/1130 1159/507/1169 1125/473/1135
f 1160/508/1170 1161/511/1171 1154/502/1164
f 1154/502/1164 1142/490/1152 1160/508/1170
f 1162/509/1172 1160/508/1170 1142/490/1152
f 1142/490/1152 1140/488/1150 1162/509/1172
f 1162/509/1172 1140/488/1150 1139/487/1149
f 1139/487/1149 1163/510/1173 1162/509/1172
f 1164/512/1174 1163/510/1173 1139/487/1149
f 1139/487/1149 1138/486/1148 1164/512/1174
f 1165/513/1175 1164/512/1174 1138/486/1148
f 1138/486/1148 1137/485/1147 1165/513/1175
f 1166/514/1176 1165/513/1175 1137/485/1147
f 1137/485/1147 1136/484/1146 1166/514/1176
f 1167/515/1177 1166/514/1176 1136/484/1146
f 1136/484/1146 1135/483/1145 1167/515/1177
f 1168/516/1178 1162/509/1172 1163/510/1173
f 1163/510/1173 1169/517/1179 1168/516/1178
f 1170/518/1180 1168/516/1178 1169/517/1179
f 1168/516/1178 1170/518/1180 1171/519/1181
f 1171/519/1181 1172/520/1182 1168/516/1178
f 1172/520/1182 1171/519/1181 1173/521/1183
f 1173/521/1183 1171/519/1181 1174/522/1184
f 1174/522/1184 1175/523/1185 1173/521/1183
f 1173/521/1183 1176/524/1186 1172/520/1182
f 1177/525/1187 1174/522/1184 1171/519/1181
f 1171/519/1181 1170/518/1180 1177/525/1187
f 1177/525/1187 1170/518/1180 1178/526/1188
f 1169/517/1179 1178/526/1188 1170/518/1180
f 1178/526/1188 1179/527/1189 1177/525/1187
f 1180/528/1190 1179/527/1189 1178/526/1188
f 1178/526/1188 1181/529/1191 1180/528/1190
f 1180/528/1190 1181/529/1191 1182/530/1192
f 1183/531/1193 1182/530/1192 1181/529/1191
f 1182/530/1192 1183/531/1193 1184/532/1194
f 1184/532/1194 1185/533/1195 1182/530/1192
f 1181/529/1191 1186/534/1196 1183/531/1193
f 1186/534/1196 1181/529/1191 1178/526/1188
f 1185/533/1195 1184/532/1194 1187/535/1197
f 1187/535/1197 1188/536/1198 1185/533/1195
f 1189/537/1199 1185/533/1195 1188/536/1198
f 1188/536/1198 1190/538/1200 1189/537/1199
f 1190/538/1200 1188/536/1198 1191/539/1201
f 1191/539/1201 1192/540/1202 1190/538/1200
f 1193/541/1203 1190/538/1200 1192/540/1202
f 1192/540/1202 1194/542/1204 1193/541/1203
f 1195/543/1205 1194/542/1204 1192/540/1202
f 1192/540/1202 1196/544/1206 1195/543/1205
f 1188/536/1198 1187/535/1197 1197/545/1207
f 1197/545/1207 1191/539/1201 1188/536/1198
f 1197/545/1207 1187/535/1197 1167/515/1177
f 1167/515/1177 1198/546/1208 1197/545/1207
f 1185/533/1195 1189/537/1199 1199/547/1209
f 1200/548/1210 1199/547/1209 1189/537/1199
f 1189/537/1199 1201/549/1211 1200/548/1210
f 1201/549/1211 1189/537/1199 1190/538/1200
f 1190/538/1200 1193/541/1203 1201/549/1211
f 1202/550/1212 1193/541/1203 1194/542/1204
f 1194/542/1204 1203/551/1213 1202/550/1212
f 1194/542/1204 1195/543/1205 1203/551/1213
f 1203/551/1213 1204/552/1214 1202/550/1212
f 1204/552/1214 1205/553/1215 1202/550/1212
f 1205/553/1215 1204/552/1214 1206/554/1216
f 1206/554/1216 1207/555/1217 1205/553/1215
f 1208/556/1218 1205/553/1215 1207/555/1217
f 1205/553/1215 1208/556/1218 1202/550/1212
f 1207/555/1217 1209/557/1219 1208/556/1218
f 1210/558/1220 1208/556/1218 1209/557/1219
f 1209/557/1219 1211/559/1221 1210/558/1220
f 1212/560/1222 1210/558/1220 1211/559/1221
f 1208/556/1218 1213/561/1223 1202/550/1212
f 1213/561/1223 1208/556/1218 1210/558/1220
f 1214/562/1224 1202/550/1212 1213/561/1223
f 1213/561/1223 1215/563/1225 1214/562/1224
f 1215/563/1225 1213/561/1223 1216/564/1226
f 1216/564/1226 1213/561/1223 1210/558/1220
f 1216/564/1226 1210/558/1220 1217/560/1227
f 1211/559/1221 1218/565/1228 1217/560/1227
f 1217/560/1227 1218/565/1228 1219/566/1229
f 1219/566/1229 1220/567/1230 1217/560/1227
f 1217/560/1227 1221/568/1231 1216/564/1226
f 1220/567/1230 1222/569/1232 1217/560/1227
f 1222/569/1232 1221/568/1231 1217/560/1227
f 1221/568/1231 1222/569/1232 1223/570/1233
f 1223/570/1233 1224/571/1234 1221/568/1231
f 1216/564/1226 1221/568/1231 1224/571/1234
f 1224/571/1234 1215/563/1225 1216/564/1226
f 1223/570/1233 1222/569/1232 1225/572/1235
f 1226/573/1236 1223/570/1233 1225/572/1235
f 1225/572/1235 1227/574/1237 1226/573/1236
f 1228/575/1238 1227/574/1237 1225/572/1235
f 1225/572/1235 1229/576/1239 1228/575/1238
f 1222/569/1232 1220/567/1230 1229/576/1239
f 1229/576/1239 1225/572/1235 1222/569/1232
f 1219/566/1229 1229/576/1239 1220/567/1230
f 1230/577/1240 1229/576/1239 1219/566/1229
f 1231/578/1241 1228/575/1238 1229/576/1239
f 1229/576/1239 1230/577/1240 1231/578/1241
f 1228/575/1238 1231/578/1241 1232/579/1242
f 1232/579/1242 1233/580/1243 1228/575/1238
f 1227/574/1237 1228/575/1238 1233/580/1243
f 1233/580/1243 1232/579/1242 1234/581/1244
f 1234/581/1244 1235/582/1245 1233/580/1243
f 1235/582/1245 1234/581/1244 1236/583/1246
f 1236/583/1246 1237/584/1247 1235/582/1245
f 1238/585/1248 1233/580/1243 1235/582/1245
f 1233/580/1243 1238/585/1248 1227/574/1237
f 1235/582/1245 1239/586/1249 1238/585/1248
f 1239/586/1249 1235/582/1245 1237/584/1247
f 1237/584/1247 1240/587/1250 1239/586/1249
f 1200/548/1210 1226/573/1236 1227/574/1237
f 1227/574/1237 1241/588/1251 1200/548/1210
f 1241/588/1251 1227/574/1237 1238/585/1248
f 1242/589/1252 1239/586/1249 1240/587/1250
f 1240/587/1250 1243/590/1253 1242/589/1252
f 1177/525/1187 1242/589/1252 1243/590/1253
f 1243/590/1253 1174/522/1184 1177/525/1187
f 1239/586/1249 1242/589/1252 1244/591/1254
f 1244/591/1254 1238/585/1248 1239/586/1249
f 1238/585/1248 1244/591/1254 1241/588/1251
f 1242/589/1252 1177/525/1187 1179/527/1189
f 1179/527/1189 1244/591/1254 1242/589/1252
f 1200/548/1210 1241/588/1251 1180/528/1190
f 1244/591/1254 1179/527/1189 1180/528/1190
f 1180/528/1190 1241/588/1251 1244/591/1254
f 1180/528/1190 1199/547/1209 1200/548/1210
f 1182/530/1192 1199/547/1209 1180/528/1190
f 1199/547/1209 1182/530/1192 1185/533/1195
f 1226/573/1236 1200/548/1210 1201/549/1211
f 1201/549/1211 1245/592/1255 1226/573/1236
f 1223/570/1233 1226/573/1236 1245/592/1255
f 1245/592/1255 1224/571/1234 1223/570/1233
f 1215/563/1225 1224/571/1234 1245/592/1255
f 1245/592/1255 1214/562/1224 1215/563/1225
f 1214/562/1224 1245/592/1255 1201/549/1211
f 1201/549/1211 1193/541/1203 1214/562/1224
f 1202/550/1212 1214/562/1224 1193/541/1203
f 1246/593/1256 1247/596/1257 1248/595/1258
f 1248/595/1258 1249/594/1259 1246/593/1256
f 1250/597/1260 1249/594/1259 1248/595/1258
f 1248/595/1258 1251/598/1261 1250/597/1260
f 1252/599/1262 1247/596/1257 1246/593/1256
f 1246/593/1256 1253/600/1263 1252/599/1262
f 1252/599/1262 1253/600/1263 1254/601/1264
f 1251/598/1261 1255/602/1265 1250/597/1260
f 1133/481/1143 1256/603/1266 1135/483/1145
f 1135/483/1145 1256/603/1266 1198/546/1208
f 1198/546/1208 1167/515/1177 1135/483/1145
f 1166/514/1176 1167/515/1177 1187/535/1197
f 1187/535/1197 1184/532/1194 1166/514/1176
f 1165/513/1175 1166/514/1176 1184/532/1194
f 1184/532/1194 1183/531/1193 1165/513/1175
f 1164/512/1174 1165/513/1175 1183/531/1193
f 1183/531/1193 1186/534/1196 1164/512/1174
f 1163/510/1173 1164/512/1174 1186/534/1196
f 1186/534/1196 1169/517/1179 1163/510/1173
f 1178/526/1188 1169/517/1179 1186/534/1196
f 1162/509/1172 1168/516/1178 1172/520/1182
f 1172/520/1182 1160/508/1170 1162/509/1172
f 1161/511/1171 1160/508/1170 1172/520/1182
f 1172/520/1182 1176/524/1186 1161/511/1171
f 1257/604/1267 1258/607/1268 1259/606/1269
f 1259/606/1269 1260/605/1270 1257/604/1267
f 1258/607/1268 1257/604/1267 1261/608/1271
f 1261/608/1271 1262/609/1272 1258/607/1268
f 1263/610/1273 1262/609/1272 1261/608/1271
f 1261/608/1271 1264/611/1274 1263/610/1273
f 1263/610/1273 1264/611/1274 1265/612/1275
f 1265/612/1275 1266/613/1276 1263/610/1273
f 1267/604/1277 1268/615/1278 1269/614/1277
f 1269/614/1277 1270/608/1279 1267/604/1277
f 1271/616/1280 1272/619/1281 1273/618/1282
f 1273/618/1282 1274/617/1283 1271/616/1280
f 1271/616/1280 1274/617/1283 1275/620/1284
f 1275/620/1284 1276/621/1285 1271/616/1280
f 1274/617/1283 1273/618/1282 1277/622/1286
f 1277/622/1286 1278/623/1287 1274/617/1283
f 1279/624/1288 1274/617/1283 1278/623/1287
f 1275/620/1284 1274/617/1283 1279/624/1288
f 1280/625/1289 1275/620/1284 1279/624/1288
f 1281/626/1290 1275/620/1284 1280/625/1289
f 1272/619/1281 1271/616/1280 1282/627/1291
f 1282/627/1291 1271/616/1280 1276/621/1285
f 1282/627/1291 1283/628/1292 1272/619/1281
f 1275/620/1284 1284/629/1293 1276/621/1285
f 1275/620/1284 1281/626/1290 1284/629/1293
f 1284/629/1293 1285/630/1294 1276/621/1285
f 1276/621/1285 1285/630/1294 1282/627/1291
f 1284/629/1293 1286/631/1295 1285/630/1294
f 1286/631/1295 1284/629/1293 1281/626/1290
f 1286/631/1295 1281/626/1290 1287/632/1296
f 1288/633/1297 1278/623/1287 1277/622/1286
f 1279/624/1288 1278/623/1287 1288/633/1297
f 1277/622/1286 1289/634/1298 1288/633/1297
f 1288/633/1297 1290/635/1299 1279/624/1288
f 1291/636/1300 1290/635/1299 1288/633/1297
f 1288/633/1297 1292/637/1301 1291/636/1300
f 1288/633/1297 1289/634/1298 1293/638/1302
f 1293/638/1302 1292/637/1301 1288/633/1297
f 1294/639/1303 1291/636/1300 1292/637/1301
f 1291/636/1300 1294/639/1303 1295/640/1304
f 1296/641/1305 1295/640/1304 1294/639/1303
f 1294/639/1303 1297/642/1306 1296/641/1305
f 1295/640/1304 1298/643/1307 1291/636/1300
f 1298/643/1307 1290/635/1299 1291/636/1300
f 1298/643/1307 1299/644/1308 1290/635/1299
f 1298/643/1307 1295/640/1304 1300/646/1309
f 1300/646/1309 1301/647/1310 1298/643/1307
f 1301/647/1310 1300/646/1309 1302/648/1311
f 1302/648/1311 1300/646/1309 1303/649/1312
f 1303/649/1312 1304/650/1313 1302/648/1311
f 1302/648/1311 1305/651/1314 1301/647/1310
f 1305/651/1314 1302/648/1311 1306/652/1315
f 1306/652/1315 1307/653/1316 1305/651/1314
f 1292/637/1301 1308/944/1317 1294/639/1303
f 1308/944/1317 1292/637/1301 1293/638/1302
f 1309/656/1318 1304/650/1313 1303/649/1312
f 1303/649/1312 1310/657/1319 1309/656/1318
f 1311/658/1320 1303/649/1312 1300/646/1309
f 1312/659/1321 1311/658/1320 1300/646/1309
f 1313/660/1322 1310/657/1319 1303/649/1312
f 1303/649/1312 1311/658/1320 1313/660/1322
f 1313/660/1322 1311/658/1320 1312/659/1321
f 1302/648/1311 1304/650/1313 1314/661/1323
f 1302/648/1311 1314/661/1323 1315/662/1324
f 1306/652/1315 1302/648/1311 1315/662/1324
f 1315/662/1324 1314/661/1323 1316/663/1325
f 1316/663/1325 1314/661/1323 1304/650/1313
f 1304/650/1313 1309/656/1318 1316/663/1325
f 1316/663/1325 1317/664/1326 1315/662/1324
f 1315/662/1324 1318/665/1327 1306/652/1315
f 1306/652/1315 1318/665/1327 1319/666/1328
f 1319/666/1328 1318/665/1327 1320/667/1329
f 1320/667/1329 1318/665/1327 1315/662/1324
f 1315/662/1324 1317/664/1326 1320/667/1329
f 1320/667/1329 1321/668/1330 1319/666/1328
f 1319/666/1328 1321/668/1330 1322/669/1331
f 1322/669/1331 1323/670/1332 1319/666/1328
f 1323/670/1332 1322/669/1331 1324/671/1333
f 1324/671/1333 1325/672/1334 1323/670/1332
f 1323/670/1332 1325/672/1334 1326/673/1335
f 1306/652/1315 1319/666/1328 1323/670/1332
f 1323/670/1332 1326/673/1335 1306/652/1315
f 1312/659/1321 1327/674/1336 1313/660/1322
f 1306/652/1315 1326/673/1335 1328/675/1337
f 1328/675/1337 1307/653/1316 1306/652/1315
f 1329/655/1338 1307/653/1316 1328/675/1337
f 1328/675/1337 1330/676/1339 1329/655/1338
f 1331/677/1340 1329/655/1338 1330/676/1339
f 1329/655/1338 1331/677/1340 1332/678/1341
f 1332/678/1341 1333/679/1342 1329/655/1338
f 1330/676/1339 1334/680/1343 1331/677/1340
f 1331/677/1340 1334/680/1343 1335/681/1344
f 1335/681/1344 1336/682/1345 1331/677/1340
f 1336/682/1345 1332/678/1341 1331/677/1340
f 1333/679/1342 1332/678/1341 1337/683/1346
f 1338/684/1347 1332/678/1341 1336/682/1345
f 1332/678/1341 1338/684/1347 1339/685/1348
f 1337/683/1346 1332/678/1341 1339/685/1348
f 1339/685/1348 1338/684/1347 1340/686/1349
f 1338/684/1347 1341/687/1350 1340/686/1349
f 1336/682/1345 1341/687/1350 1338/684/1347
f 1342/688/1351 1340/686/1349 1341/687/1350
f 1341/687/1350 1343/689/1352 1342/688/1351
f 1343/689/1352 1341/687/1350 1344/690/1353
f 1344/690/1353 1341/687/1350 1336/682/1345
f 1344/690/1353 1345/691/1354 1343/689/1352
f 1346/692/1355 1333/679/1342 1337/683/1346
f 1346/692/1355 1347/968/1356 1333/679/1342
f 1347/968/1356 1346/692/1355 1348/694/1357
f 1348/694/1357 1349/969/1358 1347/968/1356
f 1350/970/1359 1347/968/1356 1349/969/1358
f 1349/969/1358 1351/971/1360 1350/970/1359
f 1352/697/1361 1351/971/1360 1349/969/1358
f 1349/969/1358 1353/699/1362 1352/697/1361
f 1349/969/1358 1348/694/1357 1353/699/1362
f 1299/644/1308 1351/971/1360 1352/697/1361
f 1354/700/1363 1352/697/1361 1353/699/1362
f 1354/700/1363 1280/625/1289 1352/697/1361
f 1281/626/1290 1280/625/1289 1354/700/1363
f 1347/968/1356 1350/970/1359 1333/679/1342
f 1333/679/1342 1350/970/1359 1355/972/1364
f 1333/679/1342 1355/972/1364 1329/655/1338
f 1299/644/1308 1298/643/1307 1351/971/1360
f 1351/971/1360 1298/643/1307 1301/647/1310
f 1301/647/1310 1350/970/1359 1351/971/1360
f 1350/970/1359 1301/647/1310 1305/651/1314
f 1305/651/1314 1355/972/1364 1350/970/1359
f 1355/972/1364 1305/651/1314 1307/653/1316
f 1307/653/1316 1329/655/1338 1355/972/1364
f 1299/644/1308 1352/697/1361 1356/973/1365
f 1352/697/1361 1280/625/1289 1356/973/1365
f 1290/635/1299 1299/644/1308 1356/973/1365
f 1290/635/1299 1356/973/1365 1279/624/1288
f 1280/625/1289 1279/624/1288 1356/973/1365
f 1357/701/1366 1358/704/1367 1359/703/1368
f 1359/703/1368 1360/702/1369 1357/701/1366
f 1360/702/1369 1359/703/1368 1361/705/1370
f 1362/706/1371 1361/705/1370 1359/703/1368
f 1359/703/1368 1363/707/1372 1362/706/1371
f 1363/707/1372 1359/703/1368 1358/704/1367
f 1364/708/1373 1362/706/1371 1363/707/1372
f 1363/707/1372 1365/709/1374 1364/708/1373
f 1361/705/1370 1366/710/1375 1360/702/1369
f 1367/711/1376 1360/702/1369 1366/710/1375
f 1366/710/1375 1368/712/1377 1367/711/1376
f 1360/702/1369 1367/711/1376 1369/713/1378
f 1369/713/1378 1357/701/1366 1360/702/1369
f 1370/714/1379 1369/713/1378 1367/711/1376
f 1367/711/1376 1371/715/1380 1370/714/1379
f 1370/714/1379 1371/715/1380 1372/716/1381
f 1372/716/1381 1373/717/1382 1370/714/1379
f 1362/706/1371 1364/708/1373 1374/718/1383
f 1374/718/1383 1375/719/1384 1362/706/1371
f 1361/705/1370 1362/706/1371 1375/719/1384
f 1366/710/1375 1361/705/1370 1376/720/1385
f 1375/719/1384 1376/720/1385 1361/705/1370
f 1376/720/1385 1377/721/1386 1366/710/1375
f 1366/710/1375 1377/721/1386 1378/722/1387
f 1378/722/1387 1368/712/1377 1366/710/1375
f 1373/717/1382 1372/716/1381 1379/723/1388
f 1379/723/1388 1380/724/1389 1373/717/1382
f 1367/711/1376 1368/712/1377 1381/725/1390
f 1381/725/1390 1371/715/1380 1367/711/1376
f 1371/715/1380 1381/725/1390 1382/726/1391
f 1382/726/1391 1372/716/1381 1371/715/1380
f 1383/727/1392 1382/726/1391 1381/725/1390
f 1381/725/1390 1384/728/1393 1383/727/1392
f 1372/716/1381 1382/726/1391 1385/729/1394
f 1385/729/1394 1379/723/1388 1372/716/1381
f 1376/720/1385 1375/719/1384 1386/730/1395
f 1386/730/1395 1387/731/1396 1376/720/1385
f 1377/721/1386 1376/720/1385 1387/731/1396
f 1388/732/1397 1384/728/1393 1378/722/1387
f 1378/722/1387 1389/733/1398 1388/732/1397
f 1389/733/1398 1378/722/1387 1377/721/1386
f 1390/734/1399 1386/730/1395 1375/719/1384
f 1386/730/1395 1390/734/1399 1391/735/1400
f 1391/735/1400 1392/736/1401 1386/730/1395
f 1387/731/1396 1386/730/1395 1392/736/1401
f 1391/735/1400 1390/734/1399 1393/737/1402
f 1393/737/1402 1394/738/1403 1391/735/1400
f 1395/739/1404 1393/737/1402 1390/734/1399
f 1390/734/1399 1374/718/1383 1395/739/1404
f 1395/739/1404 1374/718/1383 1364/708/1373
f 1364/708/1373 1396/740/1405 1395/739/1404
f 1397/741/1406 1396/740/1405 1364/708/1373
f 1364/708/1373 1365/709/1374 1397/741/1406
f 1397/741/1406 1365/709/1374 1398/742/1407
f 1398/742/1407 1399/743/1408 1397/741/1406
f 1363/707/1372 1398/742/1407 1365/709/1374
f 1363/707/1372 1400/744/1409 1398/742/1407
f 1401/745/1410 1400/744/1409 1363/707/1372
f 1363/707/1372 1358/704/1367 1401/745/1410
f 1402/746/1411 1392/736/1401 1391/735/1400
f 1403/747/1412 1392/736/1401 1402/746/1411
f 1402/746/1411 1404/748/1413 1403/747/1412
f 1392/736/1401 1403/747/1412 1387/731/1396
f 1387/731/1396 1403/747/1412 1405/749/1414
f 1405/749/1414 1406/750/1415 1387/731/1396
f 1406/750/1415 1405/749/1414 1407/751/1416
f 1407/751/1416 1389/733/1398 1406/750/1415
f 1387/731/1396 1406/750/1415 1377/721/1386
f 1377/721/1386 1406/750/1415 1389/733/1398
f 1389/733/1398 1407/751/1416 1408/752/1417
f 1409/753/1418 1408/752/1417 1407/751/1416
f 1407/751/1416 1410/754/1419 1409/753/1418
f 1410/754/1419 1407/751/1416 1405/749/1414
f 1408/752/1417 1388/732/1397 1389/733/1398
f 1411/755/1420 1388/732/1397 1408/752/1417
f 1408/752/1417 1412/756/1421 1411/755/1420
f 1412/756/1421 1408/752/1417 1409/753/1418
f 1384/728/1393 1388/732/1397 1411/755/1420
f 1411/755/1420 1383/727/1392 1384/728/1393
f 1383/727/1392 1411/755/1420 1413/757/1422
f 1413/757/1422 1411/755/1420 1412/756/1421
f 1413/757/1422 1414/758/1423 1383/727/1392
f 1382/726/1391 1383/727/1392 1414/758/1423
f 1414/758/1423 1385/729/1394 1382/726/1391
f 1412/756/1421 1415/759/1424 1413/757/1422
f 1415/759/1424 1412/756/1421 1416/760/1425
f 1409/753/1418 1416/760/1425 1412/756/1421
f 1416/760/1425 1417/761/1426 1415/759/1424
f 1384/728/1393 1381/725/1390 1368/712/1377
f 1368/712/1377 1378/722/1387 1384/728/1393
f 1405/749/1414 1418/762/1427 1410/754/1419
f 1418/762/1427 1405/749/1414 1403/747/1412
f 1403/747/1412 1404/748/1413 1418/762/1427
f 1419/763/1428 1420/766/1429 1421/765/1430
f 1421/765/1430 1422/764/1431 1419/763/1428
f 1421/765/1430 1420/766/1429 1423/767/1432
f 1423/767/1432 1424/768/1433 1421/765/1430
f 1424/768/1433 1423/767/1432 1425/769/1434
f 1423/767/1432 1420/766/1429 1426/770/1435
f 1426/770/1435 1420/766/1429 1419/763/1428
f 1426/770/1435 1427/771/1436 1423/767/1432
f 1425/769/1434 1423/767/1432 1427/771/1436
f 1419/763/1428 1428/772/1437 1426/770/1435
f 1428/772/1437 1419/763/1428 1429/773/1438
f 1429/773/1438 1419/763/1428 1422/764/1431
f 1430/774/1439 1427/771/1436 1426/770/1435
f 1426/770/1435 1431/775/1440 1430/774/1439
f 1431/775/1440 1426/770/1435 1428/772/1437
f 1428/772/1437 1432/776/1441 1431/775/1440
f 1433/777/1442 1427/771/1436 1430/774/1439
f 1425/769/1434 1427/771/1436 1433/777/1442
f 1430/774/1439 1434/778/1443 1433/777/1442
f 1435/779/1444 1432/776/1441 1428/772/1437
f 1435/779/1444 1436/780/1445 1432/776/1441
f 1428/772/1437 1437/781/1446 1435/779/1444
f 1428/772/1437 1429/773/1438 1437/781/1446
f 1438/782/1447 1430/774/1439 1431/775/1440
f 1439/783/1448 1430/774/1439 1438/782/1447
f 1430/774/1439 1439/783/1448 1440/784/1449
f 1440/784/1449 1441/785/1450 1430/774/1439
f 1430/774/1439 1441/785/1450 1442/786/1451
f 1442/786/1451 1443/778/1452 1430/774/1439
f 1440/784/1449 1439/783/1448 1444/787/1453
f 1444/787/1453 1439/783/1448 1445/788/1454
f 1438/782/1447 1445/788/1454 1439/783/1448
f 1445/788/1454 1446/789/1455 1444/787/1453
f 1444/787/1453 1447/790/1456 1440/784/1449
f 1447/790/1456 1444/787/1453 1448/791/1457
f 1448/791/1457 1449/792/1458 1447/790/1456
f 1450/793/1459 1448/791/1457 1444/787/1453
f 1451/794/1460 1446/789/1455 1445/788/1454
f 1446/789/1455 1451/794/1460 1452/795/1461
f 1445/788/1454 1453/796/1462 1451/794/1460
f 1440/784/1449 1447/790/1456 1454/797/1463
f 1454/797/1463 1455/798/1464 1440/784/1449
f 1441/785/1450 1440/784/1449 1455/798/1464
f 1455/798/1464 1454/797/1463 1456/799/1465
f 1456/799/1465 1457/800/1466 1455/798/1464
f 1455/798/1464 1457/800/1466 1458/801/1467
f 1458/801/1467 1459/802/1468 1455/798/1464
f 1456/799/1465 1454/797/1463 1460/803/1469
f 1460/803/1469 1454/797/1463 1447/790/1456
f 1460/803/1469 1447/790/1456 1449/792/1458
f 1455/798/1464 1459/802/1468 1441/785/1450
f 1441/785/1450 1459/802/1468 1461/804/1470
f 1461/804/1470 1459/802/1468 1458/801/1467
f 1451/794/1460 1453/796/1462 1462/805/1471
f 1462/805/1471 1463/806/1472 1451/794/1460
f 1451/794/1460 1463/806/1472 1464/807/1473
f 1464/807/1473 1465/808/1474 1451/794/1460
f 1451/794/1460 1465/808/1474 1452/795/1461
f 1441/785/1450 1461/804/1470 1442/786/1451
f 1453/796/1462 1466/809/1475 1462/805/1471
f 1467/810/1476 1466/809/1475 1453/796/1462
f 1467/810/1476 1453/796/1462 1445/788/1454
f 1445/788/1454 1438/782/1447 1467/810/1476
f 1468/811/1477 1467/810/1476 1438/782/1447
f 1438/782/1447 1469/812/1478 1468/811/1477
f 1469/812/1478 1438/782/1447 1470/780/1479
f 1469/812/1478 1471/813/1480 1468/811/1477
f 1471/813/1480 1469/812/1478 1472/814/1481
f 1471/813/1480 1472/814/1481 1473/815/1482
f 1473/815/1482 1474/816/1483 1471/813/1480
f 1474/816/1483 1473/815/1482 1475/817/1484
f 1475/817/1484 1476/818/1485 1474/816/1483
f 1474/816/1483 1476/818/1485 1477/819/1486
f 1477/819/1486 1478/820/1487 1474/816/1483
f 1471/813/1480 1474/816/1483 1478/820/1487
f 1475/817/1484 1473/815/1482 1479/821/1488
f 1479/821/1488 1473/815/1482 1472/814/1481
f 1478/820/1487 1480/822/1489 1471/813/1480
f 1480/822/1489 1478/820/1487 1477/819/1486
f 1471/813/1480 1480/822/1489 1468/811/1477
f 1468/811/1477 1480/822/1489 1481/823/1490
f 1477/819/1486 1481/823/1490 1480/822/1489
f 1481/823/1490 1482/824/1491 1468/811/1477
f 1468/811/1477 1482/824/1491 1467/810/1476
f 1479/821/1488 1472/814/1481 1483/825/1492
f 1483/825/1492 1472/814/1481 1484/780/1493
f 1469/812/1478 1484/780/1493 1472/814/1481
f 1482/824/1491 1466/809/1475 1467/810/1476
f 1485/826/1494 1486/828/1495 1487/827/1496
f 1487/827/1496 1488/829/1497 1485/826/1494
f 1489/830/1498 1488/829/1497 1487/827/1496
f 1490/831/1499 1486/828/1495 1485/826/1494
f 1491/832/1500 1486/828/1495 1490/831/1499
f 1491/832/1500 1492/833/1501 1486/828/1495
f 1493/834/1502 1492/833/1501 1491/832/1500
f 1490/831/1499 1494/835/1503 1491/832/1500
f 1493/834/1502 1491/832/1500 1494/835/1503
f 1485/826/1494 1495/836/1504 1490/831/1499
f 1485/826/1494 1496/837/1505 1495/836/1504
f 1485/826/1494 1488/829/1497 1496/837/1505
f 1489/830/1498 1487/827/1496 1497/838/1506
f 1498/839/1507 1497/838/1506 1487/827/1496
f 1487/827/1496 1499/840/1508 1498/839/1507
f 1486/828/1495 1499/840/1508 1487/827/1496
f 1492/833/1501 1499/840/1508 1486/828/1495
f 1492/833/1501 1500/841/1509 1499/840/1508
f 1501/842/1510 1500/841/1509 1492/833/1501
f 1492/833/1501 1502/843/1511 1501/842/1510
f 1503/844/1512 1500/841/1509 1501/842/1510
f 1503/844/1512 1504/845/1513 1500/841/1509
f 1500/841/1509 1504/845/1513 1499/840/1508
f 1501/842/1510 1505/846/1514 1503/844/1512
f 1506/848/1515 1498/839/1507 1499/840/1508
f 1499/840/1508 1504/845/1513 1506/848/1515
f 1506/848/1515 1504/845/1513 1507/849/1516
f 1507/849/1516 1508/850/1517 1506/848/1515
f 1508/850/1517 1507/849/1516 1509/851/1518
f 1509/851/1518 1507/849/1516 1510/852/1519
f 1509/851/1518 1511/853/1520 1508/850/1517
f 1504/845/1513 1512/854/1521 1507/849/1516
f 1503/844/1512 1512/854/1521 1504/845/1513
f 1512/854/1521 1503/844/1512 1513/855/1522
f 1513/855/1522 1514/856/1523 1512/854/1521
f 1507/849/1516 1512/854/1521 1515/857/1524
f 1510/852/1519 1507/849/1516 1515/857/1524
f 1515/857/1524 1512/854/1521 1514/856/1523
f 1516/858/1525 1510/852/1519 1515/857/1524
f 1517/880/1526 1501/842/1510 1502/843/1511
f 1505/846/1514 1501/842/1510 1517/880/1526
f 1514/856/1523 1513/855/1522 1518/864/1527
f 1518/864/1527 1519/860/1528 1514/856/1523
f 1520/859/1529 1514/856/1523 1519/860/1528
f 1514/856/1523 1520/859/1529 1515/857/1524
f 1516/858/1525 1515/857/1524 1520/859/1529
f 1519/860/1528 1521/861/1530 1520/859/1529
f 1520/859/1529 1522/869/1531 1516/858/1525
f 1520/859/1529 1521/861/1530 1522/869/1531
f 1519/860/1528 1518/864/1527 1523/863/1532
f 1523/863/1532 1524/862/1533 1519/860/1528
f 1521/861/1530 1519/860/1528 1524/862/1533
f 1524/862/1533 1525/868/1534 1521/861/1530
f 1521/861/1530 1525/868/1534 1522/869/1531
f 1524/862/1533 1523/863/1532 1526/867/1535
f 1527/866/1536 1526/867/1535 1523/863/1532
f 1523/863/1532 1528/865/1537 1527/866/1536
f 1523/863/1532 1518/864/1527 1528/865/1537
f 1526/867/1535 1527/866/1536 1529/870/1538
f 1530/871/1539 1526/867/1535 1529/870/1538
f 1526/867/1535 1530/871/1539 1524/862/1533
f 1529/870/1538 1531/872/1540 1530/871/1539
f 1530/871/1539 1531/872/1540 1532/873/1541
f 1532/873/1541 1533/874/1542 1530/871/1539
f 1524/862/1533 1530/871/1539 1533/874/1542
f 1533/874/1542 1525/868/1534 1524/862/1533
f 1534/875/1543 1533/874/1542 1532/873/1541
f 1525/868/1534 1533/874/1542 1534/875/1543
f 1534/875/1543 1522/869/1531 1525/868/1534
f 1528/865/1537 1513/855/1522 1535/847/1544
f 1528/865/1537 1518/864/1527 1513/855/1522
f 1513/855/1522 1503/844/1512 1535/847/1544
f 1535/847/1544 1503/844/1512 1505/846/1514
f 1536/876/1545 1535/847/1544 1505/846/1514
f 1505/846/1514 1537/877/1546 1536/876/1545
f 1537/877/1546 1538/878/1547 1536/876/1545
f 1539/879/1548 1538/878/1547 1537/877/1546
f 1537/877/1546 1517/880/1526 1539/879/1548
f 1517/880/1526 1537/877/1546 1505/846/1514
f 1540/883/1549 1538/878/1547 1539/879/1548
f 1539/879/1548 1541/884/1550 1540/883/1549
f 1542/885/1551 1540/883/1549 1541/884/1550
f 1541/884/1550 1543/886/1552 1542/885/1551
f 1543/886/1552 1541/884/1550 1544/887/1553
f 1544/887/1553 1541/884/1550 1539/879/1548
f 1544/887/1553 1545/888/1554 1543/886/1552
f 1545/888/1554 1544/887/1553 1546/889/1555
f 1539/879/1548 1547/890/1556 1544/887/1553
f 1546/889/1555 1544/887/1553 1547/890/1556
f 1547/890/1556 1539/879/1548 1517/880/1526
f 1548/891/1557 1540/883/1549 1542/885/1551
f 1538/878/1547 1540/883/1549 1548/891/1557
f 1548/891/1557 1536/876/1545 1538/878/1547
f 1547/890/1556 1549/882/1558 1546/889/1555
f 1517/880/1526 1550/881/1559 1547/890/1556
f 1547/890/1556 1550/881/1559 1549/882/1558
f 1502/843/1511 1550/881/1559 1517/880/1526
f 1549/882/1558 1550/881/1559 1502/843/1511
f 1549/882/1558 1502/843/1511 1551/834/1560
f 1502/843/1511 1492/833/1501 1551/834/1560
f 1552/892/1561 1553/893/1562 1452/795/1461
f 1553/893/1562 1552/892/1561 1554/894/1563
f 1554/894/1563 1555/895/1564 1553/893/1562
f 1553/893/1562 1555/895/1564 1556/896/1565
f 1556/896/1565 1557/897/1566 1553/893/1562
f 1444/787/1453 1557/897/1566 1556/896/1565
f 1556/896/1565 1558/898/1567 1444/787/1453
f 1444/787/1453 1558/898/1567 1559/793/1568
f 1553/893/1562 1557/897/1566 1446/789/1455
f 1446/789/1455 1557/897/1566 1444/787/1453
f 1553/893/1562 1446/789/1455 1452/795/1461
f 1560/899/1569 1555/895/1564 1554/894/1563
f 1561/900/1570 1556/896/1565 1555/895/1564
f 1558/898/1567 1556/896/1565 1561/900/1570
f 1555/895/1564 1562/901/1571 1561/900/1570
f 1555/895/1564 1560/899/1569 1562/901/1571
f 1561/900/1570 1562/901/1571 1563/902/1572
f 1562/901/1571 1560/899/1569 1563/902/1572
f 1563/902/1572 1564/903/1573 1561/900/1570
f 1565/904/1574 1561/900/1570 1564/903/1573
f 1561/900/1570 1565/904/1574 1558/898/1567
f 1564/903/1573 1566/905/1575 1565/904/1574
f 1558/898/1567 1565/904/1574 1567/906/1576
f 1567/906/1576 1565/904/1574 1566/905/1575
f 1558/898/1567 1567/906/1576 1559/793/1568
f 1568/907/1577 1569/910/1578 1570/909/1579
f 1570/909/1579 1571/908/1580 1568/907/1577
f 1569/910/1578 1568/907/1577 1572/911/1581
f 1572/911/1581 1573/912/1582 1569/910/1578
f 1574/913/1583 1569/910/1578 1573/912/1582
f 1570/909/1579 1569/910/1578 1574/913/1583
f 1573/912/1582 1575/914/1584 1574/913/1583
f 1574/913/1583 1576/915/1585 1570/909/1579
f 1577/916/1586 1573/912/1582 1572/911/1581
f 1575/914/1584 1573/912/1582 1577/916/1586
f 1570/909/1579 1578/917/1587 1571/908/1580
f 1578/917/1587 1570/909/1579 1576/915/1585
f 1579/918/1588 1574/913/1583 1575/914/1584
f 1575/914/1584 1580/919/1589 1579/918/1588
f 1580/919/1589 1575/914/1584 1581/920/1590
f 1577/916/1586 1581/920/1590 1575/914/1584
f 1494/835/1503 1580/919/1589 1581/920/1590
f 1579/918/1588 1580/919/1589 1494/835/1503
f 1494/835/1503 1490/831/1499 1579/918/1588
f 1574/913/1583 1579/918/1588 1582/921/1591
f 1582/921/1591 1576/915/1585 1574/913/1583
f 1582/921/1591 1583/922/1592 1576/915/1585
f 1576/915/1585 1583/922/1592 1578/917/1587
f 1495/836/1504 1582/921/1591 1579/918/1588
f 1579/918/1588 1490/831/1499 1495/836/1504
f 1583/922/1592 1582/921/1591 1495/836/1504
f 1496/837/1505 1583/922/1592 1495/836/1504
f 1581/920/1590 1493/834/1502 1494/835/1503
f 1488/829/1497 1584/923/1593 1496/837/1505
f 1584/923/1593 1488/829/1497 1585/924/1594
f 1586/925/1595 1585/924/1594 1488/829/1497
f 1585/924/1594 1586/925/1595 1587/926/1596
f 1587/926/1596 1588/927/1597 1585/924/1594
f 1585/924/1594 1588/927/1597 1589/941/1598
f 1589/941/1598 1584/923/1593 1585/924/1594
f 1587/926/1596 1586/925/1595 1590/928/1599
f 1590/928/1599 1591/929/1600 1587/926/1596
f 1592/930/1601 1587/926/1596 1591/929/1600
f 1591/929/1600 1593/931/1602 1592/930/1601
f 1488/829/1497 1489/830/1498 1586/925/1595
f 1592/930/1601 1593/931/1602 1594/933/1603
f 1594/933/1603 1593/931/1602 1595/932/1604
f 1593/931/1602 1591/929/1600 1595/932/1604
f 1595/932/1604 1591/929/1600 1590/928/1599
f 1595/932/1604 1596/934/1605 1594/933/1603
f 1594/933/1603 1596/934/1605 1597/935/1606
f 1597/935/1606 1598/936/1607 1594/933/1603
f 1594/933/1603 1598/936/1607 1592/930/1601
f 1599/937/1608 1598/936/1607 1597/935/1606
f 1592/930/1601 1598/936/1607 1599/937/1608
f 1597/935/1606 1600/938/1609 1599/937/1608
f 1599/937/1608 1601/939/1610 1592/930/1601
f 1601/939/1610 1588/927/1597 1587/926/1596
f 1587/926/1596 1592/930/1601 1601/939/1610
f 1589/941/1598 1588/927/1597 1601/939/1610
f 1602/940/1611 1589/941/1598 1601/939/1610
f 1601/939/1610 1599/937/1608 1602/940/1611
f 1602/940/1611 1599/937/1608 1600/938/1609
f 1595/932/1604 1590/928/1599 1603/942/1612
f 1603/942/1612 1489/830/1498 1497/838/1506
f 1497/838/1506 1604/943/1613 1603/942/1612
f 1586/925/1595 1489/830/1498 1603/942/1612
f 1603/942/1612 1590/928/1599 1586/925/1595
f 1431/775/1440 1470/780/1479 1438/782/1447
f 1431/775/1440 1432/776/1441 1470/780/1479
f 1308/944/1317 1605/947/1614 1606/946/1615
f 1606/946/1615 1607/945/1616 1308/944/1317
f 1607/945/1616 1606/946/1615 1608/948/1617
f 1608/948/1617 1609/949/1618 1607/945/1616
f 1605/947/1614 1610/950/1619 1606/946/1615
f 1611/951/1620 1608/948/1617 1606/946/1615
f 1606/946/1615 1610/950/1619 1611/951/1620
f 1607/945/1616 1612/952/1621 1308/944/1317
f 1308/944/1317 1612/952/1621 1613/953/1622
f 1613/953/1622 1612/952/1621 1614/954/1623
f 1614/954/1623 1612/952/1621 1607/945/1616
f 1614/954/1623 1615/955/1624 1613/953/1622
f 1607/945/1616 1609/949/1618 1616/954/1625
f 1308/944/1317 1613/953/1622 1617/956/1626
f 1617/956/1626 1613/953/1622 1615/955/1624
f 1617/956/1626 1294/639/1303 1308/944/1317
f 1617/956/1626 1618/957/1627 1294/639/1303
f 1619/958/1628 1618/957/1627 1617/956/1626
f 1617/956/1626 1620/959/1629 1619/958/1628
f 1615/955/1624 1620/959/1629 1617/956/1626
f 1618/957/1627 1297/642/1306 1294/639/1303
f 1297/642/1306 1618/957/1627 1619/958/1628
f 1619/958/1628 1621/960/1630 1297/642/1306
f 1296/641/1305 1297/642/1306 1621/960/1630
f 1621/960/1630 1622/961/1631 1296/641/1305
f 1296/641/1305 1622/961/1631 1623/962/1632
f 1623/962/1632 1624/963/1633 1296/641/1305
f 1625/964/1634 1624/963/1633 1623/962/1632
f 1295/640/1304 1624/963/1633 1625/964/1634
f 1295/640/1304 1296/641/1305 1624/963/1633
f 1623/962/1632 1626/965/1635 1625/964/1634
f 1295/640/1304 1625/964/1634 1312/659/1321
f 1312/659/1321 1300/646/1309 1295/640/1304
f 1327/674/1336 1312/659/1321 1625/964/1634
f 1625/964/1634 1626/965/1635 1327/674/1336
f 1293/638/1302 1627/947/1636 1308/944/1317
f 1375/719/1384 1374/718/1383 1390/734/1399
f 1391/735/1400 1628/966/1637 1402/746/1411
f 1628/966/1637 1391/735/1400 1394/738/1403
f 1394/738/1403 1629/967/1638 1628/966/1637
f 335/266/335 1630/429/1639 333/264/333
f 331/262/331 333/264/333 1630/429/1639
f 1630/429/1639 1631/259/1640 331/262/331
f 329/260/329 331/262/331 1631/259/1640
f 335/266/335 1632/430/1641 1630/429/1639
f 395/325/395 1632/430/1641 335/266/335
f 1633/226/1642 1634/229/1643 1635/974/1644
f 1634/229/1643 1636/232/1645 1635/974/1644
f 1636/232/1645 1637/330/1646 1635/974/1644
f 1637/330/1646 1638/334/1647 1635/974/1644
f 1638/334/1647 1639/336/1648 1635/974/1644
f 1639/336/1648 1640/340/1649 1635/974/1644
f 1640/340/1649 1641/342/1650 1635/974/1644
f 1641/342/1650 1642/224/1651 1635/974/1644
f 1642/224/1651 1643/222/1652 1635/974/1644
f 1643/222/1652 1644/223/1653 1635/974/1644
f 1645/223/1654 1633/226/1642 1635/974/1644
f 1646/975/1655 1647/976/1656 1648/977/1657
f 1646/975/1655 1648/977/1657 1649/978/1658
f 1646/975/1655 1649/978/1658 1650/979/1659
f 1646/975/1655 1650/979/1659 1651/980/1660
f 1646/975/1655 1651/980/1660 1652/981/1661
f 1646/975/1655 1652/981/1661 1647/976/1656
f 1653/982/1662 1648/977/1657 1647/976/1656
f 1647/976/1656 1654/983/1663 1653/982/1662
f 1647/976/1656 1655/984/1664 1654/983/1663
f 1655/984/1664 1647/976/1656 1652/981/1661
f 1648/977/1657 1653/982/1662 1656/985/1665
f 1657/986/1666 1649/978/1658 1648/977/1657
f 1648/977/1657 1656/985/1665 1657/986/1666
f 1649/978/1658 1657/986/1666 1658/987/1667
f 1659/988/1668 1650/979/1659 1649/978/1658
f 1649/978/1658 1658/987/1667 1659/988/1668
f 1650/979/1659 1659/988/1668 1660/989/1669
f 1650/979/1659 1661/990/1670 1651/980/1660
f 1650/979/1659 1660/989/1669 1661/990/1670
f 1662/991/1671 1652/981/1661 1651/980/1660
f 1651/980/1660 1663/992/1672 1662/991/1671
f 1651/980/1660 1664/993/1673 1663/992/1672
f 1660/989/1669 1664/993/1673 1661/990/1670
f 1661/990/1670 1664/993/1673 1651/980/1660
f 1652/981/1661 1662/991/1671 1665/994/1674
f 1652/981/1661 1665/994/1674 1655/984/1664
f 1666/995/1675 1667/996/1676 1668/997/1677
f 1666/995/1675 1669/998/1678 1667/996/1676
f 1666/995/1675 1670/999/1679 1669/998/1678
f 1666/995/1675 1671/1000/1680 1670/999/1679
f 1666/995/1675 1672/1001/1681 1671/1000/1680
f 1666/995/1675 1668/997/1677 1672/1001/1681
f 1668/997/1677 1667/996/1676 1673/1002/1682
f 1673/1002/1682 1674/1003/1683 1668/997/1677
f 1668/997/1677 1674/1003/1683 1675/1004/1684
f 1672/1001/1681 1668/997/1677 1675/1004/1684
f 1667/996/1676 1676/1005/1685 1673/1002/1682
f 1677/1006/1686 1676/1005/1685 1667/996/1676
f 1667/996/1676 1669/998/1678 1677/1006/1686
f 1669/998/1678 1678/1007/1687 1677/1006/1686
f 1679/1008/1688 1678/1007/1687 1669/998/1678
f 1669/998/1678 1670/999/1679 1679/1008/1688
f 1670/999/1679 1680/1009/1689 1679/1008/1688
f 1670/999/1679 1671/1000/1680 1681/1010/1690
f 1670/999/1679 1681/1010/1690 1680/1009/1689
f 1671/1000/1680 1672/1001/1681 1682/1011/1691
f 1682/1011/1691 1683/1012/1692 1671/1000/1680
f 1671/1000/1680 1683/1012/1692 1684/1013/1693
f 1680/1009/1689 1681/1010/1690 1684/1013/1693
f 1681/1010/1690 1671/1000/1680 1684/1013/1693
f 1672/1001/1681 1685/1014/1694 1682/1011/1691
f 1675/1004/1684 1685/1014/1694 1672/1001/1681
f 1686/464/1695 1687/433/1695 1688/434/1695
f 357/288/357 366/297/366 382/312/382
f 357/288/357 349/280/349 366/297/366
f 382/312/382 366/297/366 377/307/377
f 348/279/348 357/288/357 382/312/382
f 1689/1015/1696 1690/1016/1697 1691/1017/1698
f 1692/1018/1699 1689/1015/1696 1691/1017/1698
f 1691/1017/1698 1693/1019/1700 1692/1018/1699
f 1694/1015/1701 1695/1020/1702 1696/1021/1703
f 1696/1021/1703 1697/1018/1704 1694/1015/1701
f 1694/1015/1701 1698/1016/1705 1695/1020/1702
f 1699/1022/1706 1700/1023/1707 1701/1024/1708
f 1701/1024/1708 1700/1023/1707 1702/1025/1709
f 1702/1025/1709 1703/1026/1710 1701/1024/1708
f 1704/1022/1711 1705/1023/1712 1706/1027/1713
f 1706/1027/1713 1705/1023/1712 1707/1025/1714
f 1707/1025/1714 1708/1028/1715 1706/1027/1713
f 1709/1015/1716 1710/1016/1717 1711/1017/1718
f 1712/1018/1719 1709/1015/1716 1711/1017/1718
f 1711/1017/1718 1713/1019/1720 1712/1018/1719
f 1714/1015/1721 1715/1020/1722 1716/1021/1721
f 1717/1015/1723 1718/1016/1723 1715/1020/1722
f 1719/1021/1724 1720/1018/1724 1721/1015/1724
f 1722/1022/1725 1723/1023/1726 1724/1024/1727
f 1724/1024/1727 1723/1023/1726 1725/1025/1728
f 1725/1025/1728 1726/1026/1729 1724/1024/1727
f 1727/1022/1730 1728/1023/1731 1729/1027/1732
f 1729/1027/1732 1728/1023/1731 1730/1025/1733
f 1730/1025/1733 1731/1028/1734 1729/1027/1732
f 1732/1015/1735 1733/1016/1736 1734/1017/1737
f 1735/1018/1738 1732/1015/1735 1734/1017/1737
f 1734/1017/1737 1736/1019/1739 1735/1018/1738
f 1737/1015/1740 1738/1020/1741 1739/1021/1742
f 1739/1021/1742 1740/1018/1743 1737/1015/1740
f 1737/1015/1740 1741/1016/1744 1738/1020/1741
f 1742/1022/1745 1743/1023/1746 1744/1024/1747
f 1744/1024/1747 1743/1023/1746 1745/1025/1748
f 1745/1025/1748 1746/1026/1749 1744/1024/1747
f 1747/1022/1750 1748/1023/1751 1749/1027/1752
f 1749/1027/1752 1748/1023/1751 1750/1025/1753
f 1750/1025/1753 1751/1028/1754 1749/1027/1752
f 1752/1015/1755 1753/1016/1756 1754/1017/1757
f 1755/1018/1758 1752/1015/1755 1754/1017/1757
f 1754/1017/1757 1756/1019/1759 1755/1018/1758
f 1757/1015/1760 1758/1020/1761 1759/1021/1762
f 1759/1021/1762 1760/1018/1763 1757/1015/1760
f 1757/1015/1760 1761/1016/1764 1758/1020/1761
f 1762/1022/1765 1763/1023/1766 1764/1024/1767
f 1764/1024/1767 1763/1023/1766 1765/1025/1768
f 1765/1025/1768 1766/1026/1769 1764/1024/1767
f 1767/1022/1770 1768/1023/1771 1769/1027/1772
f 1769/1027/1772 1768/1023/1771 1770/1025/1773
f 1770/1025/1773 1771/1028/1774 1769/1027/1772
f 1772/1015/1775 1773/1017/1776 1774/1016/1777
f 1773/1017/1776 1772/1015/1775 1775/1018/1778
f 1775/1018/1778 1776/1019/1779 1773/1017/1776
f 1777/1015/1780 1778/1018/1781 1779/1021/1782
f 1779/1021/1782 1780/1020/1783 1777/1015/1780
f 1777/1015/1780 1780/1020/1783 1781/1016/1784
f 1782/1022/1785 1783/1024/1786 1784/1023/1787
f 1785/1025/1788 1784/1023/1787 1783/1024/1786
f 1783/1024/1786 1786/1026/1789 1785/1025/1788
f 1787/1022/1790 1788/1027/1791 1789/1023/1792
f 1790/1025/1793 1789/1023/1792 1788/1027/1791
f 1788/1027/1791 1791/1028/1794 1790/1025/1793
f 1792/1015/1795 1793/1017/1796 1794/1016/1797
f 1793/1017/1796 1792/1015/1795 1795/1018/1798
f 1795/1018/1798 1796/1019/1799 1793/1017/1796
f 1797/1015/1800 1798/1018/1800 1799/1021/1800
f 1800/1021/1801 1801/1020/1802 1802/1015/1801
f 1803/1015/1803 1801/1020/1802 1804/1016/1803
f 1805/1022/1804 1806/1024/1805 1807/1023/1806
f 1808/1025/1807 1807/1023/1806 1806/1024/1805
f 1806/1024/1805 1809/1026/1808 1808/1025/1807
f 1810/1022/1809 1811/1027/1810 1812/1023/1811
f 1813/1025/1812 1812/1023/1811 1811/1027/1810
f 1811/1027/1810 1814/1028/1813 1813/1025/1812
f 1815/1015/1814 1816/1017/1815 1817/1016/1816
f 1816/1017/1815 1815/1015/1814 1818/1018/1817
f 1818/1018/1817 1819/1019/1818 1816/1017/1815
f 1820/1015/1819 1821/1018/1820 1822/1021/1821
f 1822/1021/1821 1823/1020/1822 1820/1015/1819
f 1820/1015/1819 1823/1020/1822 1824/1016/1823
f 1825/1022/1824 1826/1024/1825 1827/1023/1826
f 1828/1025/1827 1827/1023/1826 1826/1024/1825
f 1826/1024/1825 1829/1026/1828 1828/1025/1827
f 1830/1022/1829 1831/1027/1830 1832/1023/1831
f 1833/1025/1832 1832/1023/1831 1831/1027/1830
f 1831/1027/1830 1834/1028/1833 1833/1025/1832
f 1835/1015/1834 1836/1017/1835 1837/1016/1836
f 1836/1017/1835 1835/1015/1834 1838/1018/1837
f 1838/1018/1837 1839/1019/1838 1836/1017/1835
f 1840/1015/1839 1841/1018/1840 1842/1021/1841
f 1842/1021/1841 1843/1020/1842 1840/1015/1839
f 1840/1015/1839 1843/1020/1842 1844/1016/1843
f 1845/1022/1844 1846/1024/1845 1847/1023/1846
f 1848/1025/1847 1847/1023/1846 1846/1024/1845
f 1846/1024/1845 1849/1026/1848 1848/1025/1847
f 1850/1022/1849 1851/1027/1850 1852/1023/1851
f 1853/1025/1852 1852/1023/1851 1851/1027/1850
f 1851/1027/1850 1854/1028/1853 1853/1025/1852
f 386/316/386 243/176/243 389/319/389
f 386/316/386 381/311/381 243/176/243
f 389/319/389 243/176/243 238/171/238
f 389/319/389 238/171/238 241/174/241
f 381/311/381 378/308/378 243/176/243
f 400/330/400 300/232/300 298/230/298
