# Blender v2.76 (sub 0) OBJ File: ''
# www.blender.org
mtllib Brainy.mtl
o Brainy
v 0.263850 1.041084 0.019889
v 0.300087 1.051313 -0.003195
v 0.353443 1.077221 -0.024354
v 0.276959 1.080972 0.026533
v 0.352824 1.115739 -0.017182
v 0.397083 1.089844 -0.073620
v 0.408148 1.134072 -0.088158
v 0.375761 1.144566 -0.099407
v 0.410455 1.123925 -0.159919
v 0.440232 1.109599 -0.138135
v 0.332366 1.133712 -0.048635
v 0.279349 1.118214 -0.008180
v 0.298418 1.104120 -0.103129
v 0.293556 1.088082 -0.142890
v 0.413137 1.077390 -0.195624
v 0.442245 1.062325 -0.171176
v 0.423542 1.083480 -0.117572
v 0.394377 1.018148 -0.196436
v 0.419161 1.004592 -0.175939
v 0.421965 1.054494 -0.140480
v 0.327432 1.070812 -0.105634
v 0.406094 1.012300 -0.146301
v 0.419161 1.004592 -0.175939
v 0.376032 0.987620 -0.136553
v 0.384427 0.974714 -0.162198
v 0.419161 1.004592 -0.175939
v 0.283190 1.068831 -0.158613
v 0.345292 0.984940 -0.175929
v 0.384427 0.974714 -0.162198
v 0.314253 0.956415 -0.119528
v 0.279021 0.964628 -0.124338
v 0.253828 1.034163 -0.149563
v 0.217410 0.999756 -0.108315
v 0.305293 1.004156 -0.108596
v 0.301502 1.029121 -0.065212
v 0.322210 1.050957 -0.034814
v 0.286397 1.009538 -0.018605
v 0.266408 0.993998 -0.058935
v 0.227122 0.987809 -0.026116
v 0.278434 0.959892 -0.073093
v 0.305293 1.004156 -0.108596
v 0.258943 0.952606 -0.085004
v 0.314253 0.956415 -0.119528
v 0.323657 0.963654 -0.102547
v 0.250017 0.953514 -0.095396
v 0.279021 0.964628 -0.124338
v 0.214216 0.963342 -0.042000
v 0.175163 0.975177 -0.022933
v 0.188442 0.978903 -0.063329
v 0.217410 0.999756 -0.108315
v 0.161248 0.982764 -0.069788
v 0.188442 0.978903 -0.063329
v 0.175163 0.975177 -0.022933
v 0.217410 0.999756 -0.108315
v 0.160622 0.970506 -0.176013
v 0.253828 1.034163 -0.149563
v 0.076453 0.942966 -0.094012
v 0.041539 0.940653 -0.128198
v -0.000740 0.933003 -0.174553
v 0.168532 0.970650 -0.285681
v 0.281946 1.050957 -0.229499
v -0.001234 0.936333 -0.293915
v 0.162538 1.056447 -0.394672
v -0.001785 1.016892 -0.426887
v -0.002027 1.171089 -0.485254
v 0.150803 1.197756 -0.456052
v 0.278402 1.140615 -0.306875
v 0.257353 1.260504 -0.353304
v 0.207085 1.410093 -0.369544
v 0.111788 1.380141 -0.440058
v 0.085471 1.538334 -0.372614
v 0.148769 1.522917 -0.318890
v 0.135704 1.604196 -0.220690
v 0.075481 1.647747 -0.245732
v 0.077487 1.674756 -0.109603
v 0.151603 1.600839 -0.116164
v 0.070464 1.639350 0.072201
v 0.141163 1.562094 0.053240
v 0.065033 1.572426 0.194492
v 0.100346 1.492335 0.197924
v 0.137910 1.473534 0.034811
v 0.090481 1.431549 0.152346
v 0.067245 1.419327 0.123421
v 0.000543 1.411380 0.135231
v 0.091868 1.439955 0.036239
v 0.000146 1.426037 0.039471
v 0.107680 1.460745 -0.051181
v -0.000206 1.455993 -0.045485
v 0.000741 1.421847 0.183025
v 0.155223 1.500228 -0.081790
v 0.152123 1.520649 -0.159221
v 0.080351 1.487646 -0.116508
v -0.000359 1.465128 -0.082552
v -0.000206 1.455993 -0.045485
v 0.000933 1.473165 0.229602
v 0.212606 1.388205 -0.091474
v 0.186056 1.451439 -0.165900
v 0.118158 1.430226 0.002998
v 0.166071 1.513782 -0.229392
v 0.152190 1.561491 -0.196834
v 0.209560 1.427040 -0.262128
v 0.127335 1.384848 0.073080
v 0.224346 1.321541 -0.016683
v 0.259127 1.321434 -0.214048
v 0.301473 1.233126 -0.149353
v 0.140051 1.337805 0.146424
v 0.055197 1.346112 0.164314
v 0.041666 1.391031 0.104312
v 0.000416 1.393596 0.104594
v 0.000671 1.349901 0.166298
v 0.054886 1.316502 0.165212
v 0.000669 1.315053 0.165707
v 0.128847 1.305621 0.153077
v 0.185082 1.302678 0.117842
v 0.165187 1.280403 0.135058
v 0.120818 1.283697 0.163883
v 0.065238 1.282842 0.171081
v 0.031404 1.246959 0.189457
v 0.000780 1.247040 0.192567
v 0.000863 1.198863 0.212575
v 0.032369 1.202283 0.206129
v 0.164200 1.246995 0.156190
v 0.232330 1.263581 0.082481
v 0.216178 1.227564 0.092376
v 0.180973 1.197681 0.159895
v 0.284357 1.202076 0.009639
v 0.255592 1.172547 0.040157
v 0.279349 1.118214 -0.008180
v 0.312239 1.158615 -0.101545
v 0.298418 1.104120 -0.103129
v 0.312976 1.108125 -0.193789
v 0.293556 1.088082 -0.142890
v 0.283190 1.068831 -0.158613
v 0.225470 1.161369 0.131556
v 0.181458 1.159209 0.181116
v 0.263710 1.105992 0.080669
v 0.197564 1.097955 0.182524
v 0.147156 1.128312 0.216376
v 0.158494 1.176156 0.186272
v 0.132564 1.162503 0.206186
v 0.082436 1.123080 0.238022
v 0.094948 1.158624 0.215624
v 0.066881 1.165464 0.217954
v 0.056486 1.148645 0.238626
v 0.139533 1.066284 0.228286
v 0.067995 1.078143 0.258722
v 0.055828 1.039365 0.257114
v 0.001087 1.038438 0.266711
v 0.028756 1.159135 0.237820
v 0.041045 1.183320 0.212106
v 0.000964 1.169040 0.236890
v 0.123179 1.026694 0.209314
v 0.083916 1.013604 0.214471
v 0.164668 1.009674 0.160690
v 0.217215 1.045890 0.131209
v 0.094784 1.002492 0.206262
v 0.044675 0.996796 0.238458
v 0.044112 1.005387 0.229669
v 0.042717 0.984752 0.233623
v 0.000983 0.981256 0.241638
v 0.001010 0.994367 0.248115
v 0.000959 1.003866 0.235653
v 0.001010 0.994367 0.248115
v 0.001029 1.164112 0.252580
v 0.208291 1.000710 0.062045
v 0.150501 0.968985 0.094980
v 0.263850 1.041084 0.019889
v 0.227122 0.987809 -0.026116
v 0.117223 0.948666 0.006098
v 0.078740 0.941058 -0.048232
v 0.276959 1.080972 0.026533
v 0.048352 0.925830 -0.004406
v 0.076430 0.947367 0.117505
v 0.095386 0.978030 0.188698
v 0.043987 0.963522 0.202361
v 0.000503 0.937638 0.125684
v -0.000010 0.919629 0.001773
v 0.000852 0.960507 0.209994
v 0.044279 1.006134 0.229695
v 0.051804 1.012200 0.242277
v 0.001052 1.011535 0.258193
v 0.000973 1.004675 0.235798
v 0.083916 1.013604 0.214471
v -0.042410 1.006134 0.230054
v 0.001052 1.011535 0.258193
v -0.049831 1.012200 0.242698
v -0.082171 1.013604 0.215159
v 0.001087 1.038438 0.266711
v 0.001052 1.011535 0.258193
v 0.001052 1.011535 0.258193
v 0.051804 1.012200 0.242277
v 0.074902 1.157481 0.321690
v 0.073880 1.113795 0.309692
v 0.066707 1.117130 0.267244
v 0.055274 1.143396 0.269601
v 0.083423 1.159479 0.367856
v 0.077433 1.119006 0.361717
v 0.053923 1.144440 0.252211
v 0.072345 1.120117 0.252487
v 0.060573 1.084473 0.262726
v 0.051655 1.113298 0.394480
v 0.058930 1.162359 0.398759
v 0.001674 1.107740 0.408534
v 0.001699 1.166421 0.414551
v 0.049402 1.088451 0.350611
v 0.001464 1.076124 0.357737
v 0.001582 1.205352 0.386298
v 0.051174 1.196964 0.373563
v 0.044469 1.201554 0.337041
v 0.035133 1.162800 0.274991
v 0.001399 1.210671 0.341938
v 0.001582 1.205352 0.386298
v 0.001134 1.173555 0.278061
v 0.025830 1.155616 0.252741
v 0.001029 1.164112 0.252580
v 0.056671 1.086642 0.308407
v 0.001284 1.072219 0.314215
v 0.001111 1.071594 0.272353
v -0.000230 1.454094 -0.051266
v 0.106611 1.475721 -0.080947
v 0.080351 1.487646 -0.116508
v -0.000359 1.465128 -0.082552
v 0.000131 1.422823 0.039906
v 0.000308 1.659375 0.078581
v 0.000853 1.578690 0.210277
v -0.000467 1.695042 -0.108599
v -0.001065 1.666449 -0.253001
v 0.000933 1.473165 0.229602
v -0.001663 1.528398 -0.397337
v -0.001065 1.666449 -0.253001
v -0.001941 1.372626 -0.464554
v -0.001234 0.936333 -0.293915
v 0.039573 0.901312 -0.006169
v 0.048352 0.925830 -0.004406
v -0.000010 0.919629 0.001773
v -0.000025 0.895944 -0.001783
v 0.065753 0.913212 -0.029887
v 0.078740 0.941058 -0.048232
v 0.000118 0.861261 0.032704
v 0.044895 0.864797 0.031337
v 0.000227 0.826989 0.058917
v 0.051642 0.832735 0.054780
v 0.106486 0.838528 0.028300
v 0.089853 0.869614 0.010191
v 0.115255 0.886639 -0.012836
v 0.130238 0.903411 -0.042533
v 0.075583 0.922491 -0.055645
v 0.049254 0.773642 0.075161
v 0.000312 0.774543 0.079582
v 0.055944 0.710560 0.100980
v 0.000431 0.709748 0.108139
v 0.097049 0.775719 0.045643
v 0.119604 0.710820 0.066583
v 0.130138 0.794992 0.018901
v 0.150281 0.746495 -0.007449
v 0.148548 0.863623 -0.003278
v 0.160636 0.884928 -0.036627
v 0.146949 0.815920 -0.001155
v 0.150128 0.767515 -0.011864
v 0.127067 0.661057 0.077967
v 0.062690 0.656246 0.116699
v 0.162876 0.707210 -0.005143
v 0.152545 0.739419 -0.075135
v 0.163840 0.703406 -0.076778
v 0.141508 0.705082 -0.125828
v 0.136003 0.749852 -0.118103
v 0.096633 0.707082 -0.152240
v 0.102550 0.775265 -0.145995
v 0.042636 0.773564 -0.158704
v 0.044855 0.839226 -0.158043
v 0.109231 0.841205 -0.148788
v -0.000666 0.833032 -0.156630
v -0.000555 0.923544 -0.129769
v 0.039718 0.923850 -0.125071
v -0.000590 0.938952 -0.138203
v 0.041539 0.940653 -0.128198
v 0.060830 0.923580 -0.106216
v 0.076453 0.942966 -0.094012
v 0.077923 0.922752 -0.085378
v 0.078740 0.941058 -0.048232
v 0.075583 0.922491 -0.055645
v 0.130238 0.903411 -0.042533
v 0.130389 0.903843 -0.085728
v -0.000657 0.771901 -0.154478
v 0.160636 0.884928 -0.036627
v 0.161105 0.883941 -0.084808
v 0.150708 0.858266 -0.119827
v 0.117530 0.885414 -0.119818
v 0.146718 0.819043 -0.128716
v 0.143526 0.790484 -0.113084
v 0.139661 0.769609 -0.115662
v 0.147378 0.776564 -0.072819
v 0.149917 0.758583 -0.075905
v 0.149995 0.785601 -0.015661
v -0.001181 0.464783 -0.281082
v -0.001211 0.505121 -0.288156
v 0.041350 0.497986 -0.276838
v 0.027099 0.465126 -0.273852
v -0.001122 0.533079 -0.266853
v 0.040914 0.455100 -0.236427
v 0.058673 0.489387 -0.237948
v 0.029460 0.458537 -0.198106
v -0.000818 0.449105 -0.193251
v -0.001011 0.444389 -0.239867
v 0.032647 0.524905 -0.263931
v -0.001122 0.533079 -0.266853
v 0.041022 0.522938 -0.238135
v 0.029043 0.511902 -0.209520
v -0.000882 0.520385 -0.208824
v 0.044759 0.490267 -0.208949
v -0.001001 0.533028 -0.237518
v -0.000882 0.520385 -0.208824
v 0.044759 0.490267 -0.208949
v 0.029460 0.458537 -0.198106
v -0.000818 0.449105 -0.193251
v 0.029460 0.458537 -0.198106
v 0.064740 0.447197 -0.187799
v -0.000748 0.426180 -0.176530
v -0.000656 0.410866 -0.154188
v 0.055199 0.415868 -0.145187
v 0.044153 0.403273 -0.095774
v -0.000433 0.394562 -0.100303
v -0.000199 0.396902 -0.043902
v 0.029565 0.403677 -0.042882
v 0.071335 0.506531 -0.204213
v 0.115051 0.509599 -0.188394
v 0.121826 0.451273 -0.163545
v 0.164629 0.532487 -0.138720
v 0.099749 0.572439 -0.168165
v 0.158019 0.576239 -0.138513
v 0.044759 0.490267 -0.208949
v 0.029043 0.511902 -0.209520
v 0.052348 0.575497 -0.183727
v 0.164169 0.466042 -0.122514
v 0.188739 0.546156 -0.074358
v 0.190006 0.500763 -0.065656
v 0.165387 0.442936 -0.099524
v 0.190318 0.464531 -0.048381
v 0.193005 0.507198 0.006214
v 0.186716 0.472879 0.006695
v 0.140798 0.482837 0.056751
v 0.141500 0.444614 0.043283
v 0.068083 0.400324 0.030704
v 0.066505 0.428016 0.033007
v 0.117241 0.405535 -0.113990
v 0.110368 0.424371 -0.121726
v 0.074726 0.383075 -0.090325
v 0.069887 0.403403 -0.095809
v 0.049622 0.387407 -0.038789
v 0.046724 0.407587 -0.042294
v 0.122487 0.366593 -0.100756
v 0.074836 0.363549 -0.079511
v 0.053837 0.361708 -0.028507
v 0.166488 0.366476 -0.083253
v 0.124875 0.346480 -0.101646
v 0.166862 0.346107 -0.081448
v 0.192730 0.369356 -0.037331
v 0.193231 0.343637 -0.033947
v 0.187200 0.371174 0.023795
v 0.187350 0.340658 0.030193
v 0.139584 0.371689 0.058039
v 0.140311 0.339862 0.063897
v 0.071523 0.360886 0.042219
v 0.073453 0.338620 0.045723
v 0.140133 0.305178 0.062359
v 0.189316 0.308316 0.024608
v 0.195936 0.315860 -0.035831
v 0.137283 0.222524 0.053797
v 0.071607 0.313418 0.043723
v 0.063929 0.208625 0.034288
v 0.053375 0.318430 -0.028230
v 0.048781 0.196297 -0.059080
v 0.041886 0.168478 -0.033658
v 0.055270 0.192090 0.060625
v 0.195536 0.206248 0.010797
v 0.209853 0.190873 -0.061206
v 0.178222 0.200997 -0.118299
v 0.169264 0.322512 -0.084719
v 0.222495 0.165910 -0.060762
v 0.211559 0.188046 0.048659
v 0.127591 0.210069 -0.147982
v 0.190503 0.173138 -0.143314
v 0.126005 0.182985 -0.182055
v 0.125251 0.327844 -0.106827
v 0.062628 0.174473 -0.157654
v 0.076574 0.204233 -0.132080
v 0.048781 0.196297 -0.059080
v 0.041886 0.168478 -0.033658
v 0.074183 0.329095 -0.087071
v 0.053375 0.318430 -0.028230
v 0.074883 0.346225 -0.081967
v 0.054252 0.342328 -0.027526
v 0.032753 0.131636 0.000008
v 0.041770 0.129963 -0.195902
v 0.047500 0.019496 -0.190838
v 0.121252 0.022381 -0.248003
v 0.072689 -0.000137 -0.163717
v 0.074817 0.001553 0.000719
v 0.044213 0.023692 0.000701
v 0.122876 0.129579 -0.249246
v 0.213935 0.119973 -0.191054
v 0.216070 0.025580 -0.191565
v 0.202009 0.001561 -0.172698
v 0.124978 0.000264 -0.194547
v 0.270263 0.032841 0.000172
v 0.247346 0.001761 -0.002014
v 0.300982 0.033233 0.228322
v 0.261817 0.001653 0.200239
v 0.237058 0.032030 0.322254
v 0.216867 0.001639 0.278693
v 0.140494 0.034949 0.348194
v 0.141092 0.001612 0.291220
v 0.068266 0.001512 0.265429
v 0.041028 0.031854 0.315248
v 0.045661 0.001560 0.201257
v 0.008772 0.022273 0.203095
v 0.074817 0.001553 0.000719
v 0.044213 0.023692 0.000701
v 0.299440 0.120826 0.231709
v 0.043335 0.136742 0.311296
v 0.139102 0.142745 0.342285
v 0.242341 0.134240 0.318044
v 0.239108 0.187552 0.244708
v 0.142586 0.207100 0.257541
v 0.257522 0.135002 -0.001604
v 0.228269 0.172665 0.103457
v 0.004963 0.117980 0.240658
v 0.050890 0.188860 0.256718
v 0.032753 0.131636 0.000008
v 0.051784 0.185315 0.123858
v 0.137419 0.205867 0.122392
v 0.136970 0.213398 0.080852
v 0.047211 0.647637 -0.175203
v 0.098813 0.649897 -0.157474
v 0.100529 0.601633 -0.167695
v 0.049987 0.601414 -0.181309
v -0.000777 0.601383 -0.183515
v -0.000741 0.647209 -0.174771
v 0.050689 0.597335 -0.188421
v 0.103823 0.597259 -0.175969
v 0.162834 0.599107 -0.140726
v 0.156477 0.604661 -0.138081
v 0.188006 0.602785 -0.080247
v 0.179045 0.606700 -0.077032
v 0.150888 0.652762 -0.130452
v 0.174622 0.653858 -0.077646
v 0.179099 0.614064 -0.000091
v 0.172740 0.660308 -0.003167
v 0.136021 0.608821 0.083759
v 0.187272 0.610592 0.004040
v 0.141925 0.605245 0.086510
v 0.043843 0.705595 -0.165433
v -0.000687 0.704748 -0.161831
v 0.065727 0.603588 0.130366
v 0.000517 0.654791 0.129077
v 0.000573 0.601600 0.142436
v 0.000559 0.572400 0.139079
v 0.067111 0.572417 0.127374
v 0.000496 0.518048 0.124052
v 0.066393 0.520575 0.111180
v 0.142059 0.527623 0.069758
v 0.139330 0.579392 0.081588
v 0.182070 0.585618 0.002863
v 0.189777 0.544295 0.005488
v 0.182276 0.581747 -0.077384
v 0.060765 0.471716 0.091037
v 0.000387 0.467682 0.097680
v 0.000141 0.419286 0.038280
v 0.042481 0.424853 0.034917
v 0.029565 0.403677 -0.042882
v -0.000199 0.396902 -0.043902
v 0.046724 0.407587 -0.042294
v 0.066505 0.428016 0.033007
v -0.000796 0.574128 -0.187994
v 0.066505 0.428016 0.033007
v 0.049622 0.387407 -0.038789
v 0.053837 0.361708 -0.028507
v 0.054252 0.342328 -0.027526
v 0.276040 0.768691 -0.060469
v 0.277021 0.775352 -0.105391
v 0.187011 0.858552 -0.087670
v 0.184633 0.858222 -0.036892
v 0.257229 0.763959 -0.142277
v 0.176072 0.837673 -0.122436
v 0.162642 0.799869 -0.132200
v 0.226261 0.739869 -0.150276
v 0.247481 0.719870 -0.153231
v 0.278506 0.744241 -0.145406
v 0.228884 0.702319 -0.128336
v 0.251476 0.679021 -0.130094
v 0.271328 0.698192 -0.154047
v 0.210278 0.720321 -0.128139
v 0.206128 0.709605 -0.093415
v 0.222549 0.691358 -0.094502
v 0.313818 0.616609 -0.122034
v 0.337295 0.639203 -0.143618
v 0.300559 0.722202 -0.146970
v 0.297022 0.757395 -0.107093
v 0.316245 0.737852 -0.105732
v 0.305347 0.739795 -0.061795
v 0.290716 0.755029 -0.063173
v 0.365363 0.678047 -0.042038
v 0.374062 0.675807 -0.094774
v 0.362758 0.661035 -0.137660
v 0.352896 0.623214 -0.143319
v 0.382558 0.640473 -0.137856
v 0.271560 0.719200 -0.033112
v 0.259141 0.731230 -0.037213
v 0.258135 0.752752 -0.036458
v 0.230728 0.698276 -0.056120
v 0.243323 0.686117 -0.054520
v 0.242535 0.672567 -0.094194
v 0.222549 0.691358 -0.094502
v 0.309113 0.624961 -0.031395
v 0.335536 0.656739 -0.013834
v 0.387061 0.656224 -0.036399
v 0.353542 0.638551 -0.008979
v 0.312929 0.607668 -0.079935
v 0.206128 0.709605 -0.093415
v 0.215105 0.714110 -0.053119
v 0.233828 0.728677 -0.034014
v 0.156900 0.764346 -0.080943
v 0.162497 0.767775 -0.033427
v 0.149995 0.785601 -0.015661
v 0.167754 0.797585 -0.018645
v 0.146949 0.815920 -0.001155
v 0.147378 0.776564 -0.072819
v 0.325148 0.610076 -0.026698
v 0.327654 0.593671 -0.077547
v 0.177757 0.832940 -0.017231
v 0.148548 0.863623 -0.003278
v 0.160636 0.884928 -0.036627
v 0.161105 0.883941 -0.084808
v 0.150708 0.858266 -0.119827
v 0.146718 0.819043 -0.128716
v 0.154497 0.774327 -0.118339
v 0.143526 0.790484 -0.113084
v 0.156900 0.764346 -0.080943
v 0.147378 0.776564 -0.072819
v -0.000796 0.574128 -0.187994
v -0.000809 0.597367 -0.191112
v 0.261817 0.001653 0.200239
v 0.045661 0.001560 0.201257
v 0.074817 0.001553 0.000719
v 0.247346 0.001761 -0.002014
v 0.202009 0.001561 -0.172698
v 0.072689 -0.000137 -0.163717
v 0.068266 0.001512 0.265429
v 0.216867 0.001639 0.278693
v 0.141092 0.001612 0.291220
v 0.124978 0.000264 -0.194547
v 0.489949 0.417101 0.075432
v 0.493168 0.407657 0.052362
v 0.517121 0.397286 0.061194
v 0.504444 0.415306 0.087920
v 0.500738 0.404040 0.030828
v 0.523841 0.401692 0.032665
v 0.518722 0.437212 0.007660
v 0.465789 0.470002 0.037099
v 0.482118 0.466942 0.007650
v 0.465336 0.479960 0.068033
v 0.488101 0.454681 0.089010
v 0.436549 0.498438 0.023086
v 0.452752 0.486994 -0.013198
v 0.438124 0.521722 0.044805
v 0.449147 0.540889 0.045587
v 0.396709 0.547668 0.036673
v 0.365048 0.523832 0.014908
v 0.372647 0.518681 -0.015844
v 0.337152 0.538455 0.013691
v 0.329898 0.542835 -0.012623
v 0.326139 0.510775 0.038495
v 0.314309 0.530187 0.050307
v 0.333583 0.566136 0.021656
v 0.355175 0.503808 0.036969
v 0.387076 0.514732 0.052202
v 0.396709 0.547668 0.036673
v 0.353284 0.483332 0.084290
v 0.370001 0.487580 0.084924
v 0.369418 0.499411 0.111126
v 0.337610 0.497888 0.114838
v 0.310126 0.506376 0.097834
v 0.323396 0.488740 0.068694
v 0.388705 0.512989 0.083515
v 0.343829 0.577304 -0.073236
v 0.325148 0.610076 -0.026698
v 0.392083 0.529635 0.064471
v 0.396709 0.547668 0.036673
v 0.327654 0.593671 -0.077547
v 0.378487 0.534756 -0.066474
v 0.452752 0.486994 -0.013198
v 0.387427 0.532223 -0.128943
v 0.347506 0.556500 -0.132318
v 0.407146 0.562457 -0.154910
v 0.325238 0.604703 -0.121182
v 0.369477 0.592424 -0.154747
v 0.352896 0.623214 -0.143319
v 0.433699 0.509751 -0.151258
v 0.445257 0.529048 -0.158990
v 0.463984 0.479599 -0.167433
v 0.477713 0.491187 -0.180049
v 0.434226 0.496727 -0.130384
v 0.444903 0.488728 -0.091343
v 0.462783 0.473699 -0.142425
v 0.479121 0.477044 -0.123200
v 0.497229 0.478053 -0.120566
v 0.471332 0.502977 -0.101503
v 0.481456 0.453936 -0.189543
v 0.479085 0.425451 -0.153986
v 0.473757 0.431628 -0.173967
v 0.493041 0.425574 -0.188302
v 0.501815 0.414457 -0.167111
v 0.486414 0.425424 -0.138443
v 0.505688 0.417110 -0.140316
v 0.506709 0.443341 -0.123308
v 0.471332 0.502977 -0.101503
v 0.497997 0.471718 -0.094153
v 0.481500 0.459686 -0.083204
v 0.469337 0.456071 -0.055876
v 0.513309 0.383761 -0.085742
v 0.505527 0.381349 -0.058822
v 0.540008 0.387334 -0.090434
v 0.543232 0.372682 -0.056283
v 0.500900 0.388967 -0.031874
v 0.528527 0.389631 -0.022467
v 0.523845 0.424751 -0.098764
v 0.478420 0.462237 -0.031973
v 0.501887 0.476627 -0.018470
v 0.480778 0.508370 -0.016612
v 0.446880 0.484520 -0.055310
v 0.516721 0.426178 -0.013627
v 0.462983 0.558172 0.038908
v 0.481636 0.566873 0.012186
v 0.404290 0.617299 0.012733
v 0.400714 0.580508 0.038740
v 0.349780 0.593222 0.030087
v 0.489992 0.548624 0.019351
v 0.489405 0.546560 -0.018281
v 0.420673 0.628233 -0.030202
v 0.387061 0.656224 -0.036399
v 0.353542 0.638551 -0.008979
v 0.495885 0.531804 -0.007788
v 0.480778 0.508370 -0.016612
v 0.489814 0.564435 -0.029484
v 0.426642 0.627263 -0.082945
v 0.471174 0.542566 0.044580
v 0.449147 0.540889 0.045587
v 0.394059 0.654625 -0.091490
v 0.413875 0.603800 -0.140654
v 0.382558 0.640473 -0.137856
v 0.476133 0.559102 -0.127456
v 0.461272 0.553117 -0.152826
v 0.531598 0.496817 0.047780
v 0.531969 0.484757 0.018512
v 0.530420 0.479023 0.050677
v 0.532091 0.471103 0.025003
v 0.545435 0.423626 0.035804
v 0.542265 0.421434 0.066494
v 0.523841 0.401692 0.032665
v 0.517121 0.397286 0.061194
v 0.524616 0.432185 0.090568
v 0.504444 0.415306 0.087920
v 0.498336 0.476928 -0.002159
v 0.505724 0.483154 0.077081
v 0.518722 0.437212 0.007660
v 0.488101 0.454681 0.089010
v 0.502414 0.499501 0.077434
v 0.479676 0.489939 0.077149
v 0.396709 0.547668 0.036673
v 0.399169 0.570738 0.045683
v 0.350746 0.581938 0.038260
v 0.382033 0.548992 0.074000
v 0.347229 0.555608 0.076249
v 0.333121 0.565868 0.034786
v 0.323669 0.549918 0.067078
v 0.322368 0.543376 0.073603
v 0.345349 0.546850 0.084250
v 0.310853 0.536265 0.099746
v 0.337904 0.531996 0.119888
v 0.337610 0.497888 0.114838
v 0.310126 0.506376 0.097834
v 0.369418 0.499411 0.111126
v 0.373156 0.525923 0.112371
v 0.314309 0.530187 0.050307
v 0.377872 0.541263 0.080610
v 0.392083 0.529635 0.064471
v 0.333583 0.566136 0.021656
v 0.325148 0.610076 -0.026698
v 0.388705 0.512989 0.083515
v 0.480254 0.549193 -0.102405
v 0.486503 0.566706 -0.071464
v 0.493649 0.550388 -0.067780
v 0.494741 0.548124 -0.032204
v 0.488040 0.535773 -0.095291
v 0.471332 0.502977 -0.101503
v 0.532334 0.503703 -0.058590
v 0.524553 0.498449 -0.031906
v 0.480778 0.508370 -0.016612
v 0.501887 0.476627 -0.018470
v 0.525176 0.493887 -0.084035
v 0.536690 0.479135 -0.057773
v 0.530425 0.474440 -0.082284
v 0.497997 0.471718 -0.094153
v 0.557512 0.412100 -0.090324
v 0.568085 0.400177 -0.054825
v 0.540008 0.387334 -0.090434
v 0.543232 0.372682 -0.056283
v 0.549928 0.415305 -0.020895
v 0.528527 0.389631 -0.022467
v 0.516721 0.426178 -0.013627
v 0.527733 0.478606 -0.032175
v 0.523845 0.424751 -0.098764
v 0.471332 0.502977 -0.101503
v 0.485047 0.535715 -0.111565
v 0.481935 0.543312 -0.133857
v 0.515883 0.493703 -0.134392
v 0.471332 0.502977 -0.101503
v 0.497229 0.478053 -0.120566
v 0.515056 0.499581 -0.159715
v 0.465659 0.539915 -0.159765
v 0.495654 0.502644 -0.180205
v 0.513470 0.483332 -0.161110
v 0.514641 0.479728 -0.139147
v 0.506709 0.443341 -0.123308
v 0.521648 0.430952 -0.142373
v 0.497358 0.487895 -0.179918
v 0.477713 0.491187 -0.180049
v 0.505688 0.417110 -0.140316
v 0.501815 0.414457 -0.167111
v 0.524175 0.430423 -0.171395
v 0.493041 0.425574 -0.188302
v 0.509886 0.442156 -0.194122
v 0.481456 0.453936 -0.189543
v 0.445257 0.529048 -0.158990
v 0.407146 0.562457 -0.154910
v 0.369477 0.592424 -0.154747
v 0.352896 0.623214 -0.143319
v 0.498336 0.476928 -0.002159
v 0.452752 0.486994 -0.013198
v 0.480778 0.508370 -0.016612
v 0.479676 0.489939 0.077149
v 0.312929 0.607668 -0.079935
v 0.325238 0.604703 -0.121182
v 0.327654 0.593671 -0.077547
v 0.242535 0.672567 -0.094194
v 0.071232 1.274706 0.182163
v 0.121032 1.274215 0.173724
v 0.037937 1.243413 0.195783
v 0.076677 1.265472 0.190300
v 0.121236 1.264182 0.181410
v 0.151894 1.241649 0.173226
v 0.158051 1.244322 0.165653
v 0.044458 1.239867 0.199655
v 0.170185 1.198674 0.169598
v 0.044458 1.239867 0.199655
v 0.279349 1.118214 -0.008180
v 0.332366 1.133712 -0.048635
v 0.375761 1.144566 -0.099407
v -0.000590 0.938952 -0.138203
v 0.038263 1.179225 0.198307
v 0.078907 1.179827 0.107728
v 0.029105 1.198273 0.192031
v 0.064663 1.161289 0.204485
v 0.096660 1.154418 0.200705
v 0.130615 1.158314 0.186360
v 0.156661 1.172029 0.166107
v 0.168411 1.194648 0.151114
v 0.150046 1.237816 0.156658
v 0.119251 1.261004 0.165145
v 0.075034 1.262849 0.174867
v 0.042130 1.236026 0.183772
v 0.032369 1.202283 0.206129
v 0.041045 1.183320 0.212106
v 0.041045 1.183320 0.212106
v 0.066881 1.165464 0.217954
v 0.094948 1.158624 0.215624
v 0.132564 1.162503 0.206186
v 0.158494 1.176156 0.186272
v 0.132564 1.162503 0.206186
v 0.170185 1.198674 0.169598
v 0.151894 1.241649 0.173226
v 0.151894 1.241649 0.173226
v 0.121236 1.264182 0.181410
v 0.076677 1.265472 0.190300
v 0.044458 1.239867 0.199655
v 0.044458 1.239867 0.199655
v 0.044458 1.239867 0.199655
v 0.032369 1.202283 0.206129
v 0.394059 0.654625 -0.091490
v 0.029043 0.511902 -0.209520
v -0.000882 0.520385 -0.208824
v -0.000796 0.574128 -0.187994
v 0.314253 0.956415 -0.119528
v 0.384427 0.974714 -0.162198
v 0.323657 0.963654 -0.102547
v 0.314253 0.956415 -0.119528
v 0.083916 1.013604 0.214471
v 0.099299 1.015532 0.174860
v 0.041186 0.984825 0.205673
v 0.047183 0.997836 0.109638
v 0.088630 1.030752 0.105120
v 0.087484 1.042795 0.180713
v 0.083916 1.013604 0.214471
v 0.072867 1.065127 0.112838
v 0.041591 1.039025 0.202246
v 0.041081 1.064850 0.123416
v 0.000882 1.035803 0.212348
v 0.000973 1.004675 0.235798
v 0.044279 1.006134 0.229695
v 0.083916 1.013604 0.214471
v 0.041081 1.064850 0.123416
v 0.000959 1.003866 0.235653
v 0.044112 1.005387 0.229669
v 0.000856 0.981174 0.206129
v 0.000882 1.035803 0.212348
v 0.000522 1.063650 0.125330
v 0.047183 0.997836 0.109638
v 0.041081 1.064850 0.123416
v 0.000466 0.986792 0.113438
v 0.047183 0.997836 0.109638
v 0.000466 0.986792 0.113438
v 0.083916 1.013604 0.214471
v 0.072345 1.120117 0.252487
v 0.053923 1.144440 0.252211
v 0.060573 1.084473 0.262726
v 0.001111 1.071594 0.272353
v 0.001106 1.064962 0.271225
v 0.025830 1.155616 0.252741
v 0.001674 1.107740 0.408534
v -0.353667 1.077221 -0.021426
v -0.300138 1.051313 -0.000709
v -0.263711 1.041084 0.022073
v -0.276764 1.080972 0.028826
v -0.352988 1.115739 -0.014260
v -0.397714 1.089844 -0.070330
v -0.408899 1.134072 -0.084775
v -0.376606 1.144566 -0.096292
v -0.411800 1.123925 -0.156514
v -0.441395 1.109599 -0.134484
v -0.332792 1.133712 -0.045881
v -0.279442 1.118214 -0.005866
v -0.299297 1.104120 -0.100654
v -0.294763 1.088082 -0.140454
v -0.414777 1.077390 -0.192195
v -0.443682 1.062325 -0.167507
v -0.424535 1.083480 -0.114060
v -0.396025 1.018148 -0.193163
v -0.420637 1.004592 -0.172462
v -0.423147 1.054494 -0.136980
v -0.328329 1.070812 -0.102918
v -0.407326 1.012300 -0.142933
v -0.420637 1.004592 -0.172462
v -0.377185 0.987620 -0.133434
v -0.385791 0.974714 -0.159010
v -0.420637 1.004592 -0.172462
v -0.284529 1.068831 -0.156262
v -0.346772 0.984940 -0.173064
v -0.385791 0.974714 -0.159010
v -0.315267 0.956415 -0.116922
v -0.280076 0.964628 -0.122022
v -0.255091 1.034163 -0.147456
v -0.218334 0.999756 -0.106511
v -0.306215 1.004156 -0.106064
v -0.302067 1.029121 -0.062713
v -0.322522 1.050957 -0.032144
v -0.286576 1.009538 -0.016233
v -0.266921 0.993998 -0.056726
v -0.227365 0.987809 -0.024234
v -0.279065 0.959893 -0.070784
v -0.306215 1.004156 -0.106064
v -0.259673 0.952606 -0.082856
v -0.315267 0.956415 -0.116922
v -0.324530 0.963654 -0.099863
v -0.250833 0.953514 -0.093322
v -0.280076 0.964628 -0.122022
v -0.214591 0.963342 -0.040225
v -0.175382 0.975177 -0.021481
v -0.188995 0.978903 -0.061766
v -0.218334 0.999756 -0.106511
v -0.161854 0.982764 -0.068450
v -0.175382 0.975177 -0.021481
v -0.188995 0.978903 -0.061766
v -0.218334 0.999756 -0.106511
v -0.162109 0.970506 -0.174676
v -0.255091 1.034163 -0.147456
v -0.077264 0.942966 -0.093376
v -0.042634 0.940653 -0.127850
v -0.000740 0.933003 -0.174553
v -0.170927 0.970650 -0.284277
v -0.283870 1.050957 -0.227156
v -0.001234 0.936333 -0.293915
v -0.165835 1.056447 -0.393312
v -0.001785 1.016892 -0.426887
v -0.002027 1.171089 -0.485254
v -0.154608 1.197756 -0.454788
v -0.280968 1.140615 -0.304558
v -0.260305 1.260504 -0.351160
v -0.210173 1.410093 -0.367816
v -0.115464 1.380141 -0.439117
v -0.088588 1.538334 -0.371893
v -0.151439 1.522917 -0.317647
v -0.137562 1.604196 -0.219558
v -0.077548 1.647747 -0.245098
v -0.078425 1.674756 -0.108957
v -0.152594 1.600839 -0.114904
v -0.069898 1.639350 0.072782
v -0.140752 1.562094 0.054407
v -0.063454 1.572426 0.195024
v -0.098738 1.492335 0.198748
v -0.137652 1.473534 0.035952
v -0.089251 1.431549 0.153090
v -0.066256 1.419327 0.123973
v 0.000543 1.411380 0.135231
v -0.091599 1.439955 0.036999
v 0.000146 1.426037 0.039471
v -0.108134 1.460745 -0.050288
v -0.000206 1.455993 -0.045485
v 0.000741 1.421847 0.183025
v -0.155929 1.500228 -0.080501
v -0.153470 1.520649 -0.157956
v -0.081347 1.487646 -0.115838
v -0.000359 1.465128 -0.082552
v -0.000206 1.455993 -0.045485
v 0.000933 1.473165 0.229602
v -0.213391 1.388205 -0.089710
v -0.118164 1.430226 0.003976
v -0.187458 1.451439 -0.164353
v -0.168000 1.513782 -0.228008
v -0.153848 1.561491 -0.195567
v -0.211758 1.427040 -0.260383
v -0.126759 1.384848 0.074132
v -0.224511 1.321541 -0.014825
v -0.260925 1.321434 -0.211894
v -0.302733 1.233126 -0.146851
v -0.138868 1.337805 0.147579
v -0.053868 1.346112 0.164765
v -0.040835 1.391031 0.104654
v 0.000416 1.393596 0.104594
v 0.000671 1.349901 0.166298
v -0.053551 1.316502 0.165661
v 0.000669 1.315053 0.165707
v -0.127609 1.305621 0.154139
v -0.184135 1.302678 0.119370
v -0.164098 1.280403 0.136421
v -0.119492 1.283697 0.164878
v -0.063853 1.282842 0.171616
v -0.029869 1.246959 0.189710
v 0.000780 1.247040 0.192567
v 0.000863 1.198863 0.212575
v -0.030695 1.202283 0.206390
v -0.162935 1.246995 0.157545
v -0.231673 1.263581 0.084402
v -0.215440 1.227564 0.094163
v -0.179677 1.197681 0.161387
v -0.284301 1.202076 0.011993
v -0.255285 1.172547 0.042272
v -0.279442 1.118214 -0.005866
v -0.313103 1.158615 -0.098955
v -0.299297 1.104120 -0.100654
v -0.314605 1.108125 -0.191190
v -0.294763 1.088082 -0.140454
v -0.284529 1.068831 -0.156262
v -0.224407 1.161369 0.133419
v -0.179986 1.159209 0.182613
v -0.263067 1.105992 0.082849
v -0.196080 1.097955 0.184154
v -0.145394 1.128312 0.217588
v -0.156981 1.176156 0.187579
v -0.130886 1.162503 0.207277
v -0.080497 1.123080 0.238696
v -0.093193 1.158624 0.216403
v -0.065108 1.165464 0.218500
v -0.054543 1.148645 0.239086
v -0.137672 1.066284 0.229434
v -0.065884 1.078143 0.259276
v -0.053731 1.039365 0.257568
v 0.001087 1.038438 0.266711
v -0.026820 1.159135 0.238050
v -0.039322 1.183320 0.212439
v 0.000964 1.169040 0.236890
v -0.121475 1.026694 0.210327
v -0.082171 1.013604 0.215159
v -0.163366 1.009674 0.162049
v -0.216155 1.045890 0.133003
v -0.093106 1.002492 0.207040
v -0.042733 0.996796 0.238820
v -0.042243 1.005387 0.230027
v -0.040816 0.984752 0.233969
v 0.000983 0.981256 0.241638
v 0.001010 0.994367 0.248115
v 0.001010 0.994367 0.248115
v 0.000959 1.003866 0.235653
v 0.001029 1.164112 0.252580
v -0.023770 1.155616 0.252947
v -0.051867 1.144440 0.252649
v -0.070286 1.120117 0.253077
v -0.058430 1.084473 0.263219
v 0.001111 1.071594 0.272353
v 0.001106 1.064962 0.271225
v -0.042344 0.963522 0.202718
v -0.093854 0.978030 0.189481
v -0.075489 0.947367 0.118135
v -0.149744 0.968985 0.096223
v 0.000852 0.960507 0.209994
v 0.000503 0.937638 0.125684
v -0.207805 1.000710 0.063768
v -0.263711 1.041084 0.022073
v -0.227365 0.987809 -0.024234
v -0.117203 0.948666 0.007068
v -0.048420 0.925830 -0.004006
v -0.000010 0.919629 0.001773
v -0.079170 0.941058 -0.047578
v -0.276764 1.080972 0.028826
v -0.049831 1.012200 0.242698
v 0.001052 1.011535 0.258193
v 0.001052 1.011535 0.258193
v 0.001087 1.038438 0.266711
v -0.072270 1.157481 0.322299
v -0.053073 1.143396 0.270050
v -0.064526 1.117130 0.267787
v -0.071347 1.113795 0.310293
v -0.080408 1.159479 0.368534
v -0.074469 1.119006 0.362346
v -0.051867 1.144440 0.252649
v -0.070286 1.120117 0.253077
v -0.058430 1.084473 0.263219
v -0.048420 1.113298 0.394895
v -0.055661 1.162359 0.399234
v 0.001674 1.107740 0.408534
v 0.001699 1.166421 0.414551
v -0.046530 1.088451 0.351009
v 0.001464 1.076124 0.357737
v 0.001582 1.205352 0.386298
v -0.048113 1.196964 0.373974
v -0.041711 1.201554 0.337398
v -0.032888 1.162800 0.275272
v 0.001399 1.210671 0.341938
v 0.001582 1.205352 0.386298
v 0.001134 1.173555 0.278061
v -0.023770 1.155616 0.252947
v 0.001029 1.164112 0.252580
v -0.054150 1.086642 0.308866
v 0.001284 1.072219 0.314215
v 0.001111 1.071594 0.272353
v -0.000230 1.454094 -0.051266
v -0.000359 1.465128 -0.082552
v -0.081347 1.487646 -0.115838
v -0.107313 1.475721 -0.080061
v 0.000131 1.422823 0.039906
v 0.000308 1.659375 0.078581
v 0.000853 1.578690 0.210277
v -0.000467 1.695042 -0.108599
v -0.001065 1.666449 -0.253001
v 0.000933 1.473165 0.229602
v -0.001065 1.666449 -0.253001
v -0.001663 1.528398 -0.397337
v -0.001941 1.372626 -0.464554
v -0.001234 0.936333 -0.293915
v -0.039657 0.901312 -0.005841
v -0.000025 0.895944 -0.001783
v -0.000010 0.919629 0.001773
v -0.048420 0.925830 -0.004006
v -0.066032 0.913212 -0.029341
v -0.079170 0.941058 -0.047578
v 0.000118 0.861261 0.032704
v -0.044668 0.864797 0.031708
v 0.000227 0.826989 0.058917
v -0.051221 0.832735 0.055206
v -0.106282 0.838528 0.029181
v -0.089800 0.869614 0.010935
v -0.115391 0.886639 -0.011881
v -0.130620 0.903411 -0.041453
v -0.076076 0.922491 -0.055017
v -0.048665 0.773642 0.075566
v 0.000312 0.774543 0.079582
v -0.055141 0.710560 0.101440
v 0.000431 0.709748 0.108139
v -0.096702 0.775719 0.046446
v -0.119084 0.710820 0.067572
v -0.130012 0.794992 0.019978
v -0.150372 0.746495 -0.006204
v -0.148605 0.863623 -0.002048
v -0.160969 0.884928 -0.035295
v -0.146988 0.815920 0.000063
v -0.150256 0.767515 -0.010620
v -0.126451 0.661057 0.079017
v -0.061755 0.656246 0.117215
v -0.162947 0.707210 -0.003793
v -0.153196 0.739419 -0.073869
v -0.164504 0.703406 -0.075419
v -0.142580 0.705082 -0.124652
v -0.137011 0.749852 -0.116973
v -0.097925 0.707082 -0.151434
v -0.103790 0.775265 -0.145141
v -0.043982 0.773564 -0.158345
v -0.046197 0.839226 -0.157666
v -0.110494 0.841205 -0.147878
v -0.000666 0.833032 -0.156630
v -0.000555 0.923544 -0.129769
v -0.040787 0.923850 -0.124737
v -0.000590 0.938952 -0.138203
v -0.042634 0.940653 -0.127850
v -0.061743 0.923580 -0.105708
v -0.077264 0.942966 -0.093376
v -0.078661 0.922752 -0.084730
v -0.079170 0.941058 -0.047578
v -0.076076 0.922491 -0.055017
v -0.130620 0.903411 -0.041453
v -0.131129 0.903843 -0.084645
v -0.000657 0.771901 -0.154478
v -0.160969 0.884928 -0.035295
v -0.161836 0.883941 -0.083471
v -0.151729 0.858266 -0.118575
v -0.118552 0.885414 -0.118840
v -0.147814 0.819043 -0.127496
v -0.144492 0.790484 -0.111892
v -0.140649 0.769609 -0.114502
v -0.148011 0.776564 -0.071596
v -0.150575 0.758583 -0.074660
v -0.150154 0.785601 -0.014418
v -0.001181 0.464783 -0.281082
v -0.029401 0.465126 -0.273618
v -0.043676 0.497986 -0.276486
v -0.001211 0.505121 -0.288156
v -0.001122 0.533079 -0.266853
v -0.042905 0.455100 -0.236079
v -0.060676 0.489387 -0.237454
v -0.031134 0.458537 -0.197855
v -0.000818 0.449105 -0.193251
v -0.001011 0.444389 -0.239867
v -0.034866 0.524905 -0.263651
v -0.001122 0.533079 -0.266853
v -0.043027 0.522938 -0.237787
v -0.030812 0.511902 -0.209272
v -0.000882 0.520385 -0.208824
v -0.046522 0.490267 -0.208571
v -0.001001 0.533028 -0.237518
v -0.000882 0.520385 -0.208824
v -0.031134 0.458537 -0.197855
v -0.046522 0.490267 -0.208571
v -0.000818 0.449105 -0.193251
v -0.000748 0.426180 -0.176530
v -0.066327 0.447197 -0.187256
v -0.031134 0.458537 -0.197855
v -0.000656 0.410866 -0.154188
v -0.056434 0.415868 -0.144725
v -0.044980 0.403273 -0.095405
v -0.000433 0.394562 -0.100303
v -0.000199 0.396902 -0.043902
v -0.029954 0.403677 -0.042635
v -0.073058 0.506531 -0.203615
v -0.116641 0.509599 -0.187435
v -0.123210 0.451273 -0.162530
v -0.165806 0.532487 -0.137352
v -0.101173 0.572439 -0.167333
v -0.159196 0.576239 -0.137199
v -0.046522 0.490267 -0.208571
v -0.030812 0.511902 -0.209272
v -0.053902 0.575497 -0.183287
v -0.165212 0.466042 -0.121150
v -0.189383 0.546156 -0.072792
v -0.190577 0.500763 -0.064080
v -0.166240 0.442936 -0.098151
v -0.190747 0.464531 -0.046803
v -0.192981 0.507198 0.007812
v -0.186689 0.472879 0.008241
v -0.140358 0.482837 0.057916
v -0.141171 0.444614 0.044454
v -0.067861 0.400324 0.031267
v -0.066263 0.428016 0.033557
v -0.118215 0.405535 -0.113015
v -0.111406 0.424371 -0.120808
v -0.075506 0.383075 -0.089703
v -0.070712 0.403403 -0.095227
v -0.049976 0.387407 -0.038376
v -0.047107 0.407587 -0.041905
v -0.123351 0.366593 -0.099738
v -0.075527 0.363549 -0.078888
v -0.054106 0.361708 -0.028060
v -0.167207 0.366476 -0.081871
v -0.125747 0.346480 -0.100608
v -0.167565 0.346107 -0.080063
v -0.193067 0.369356 -0.035734
v -0.193540 0.343637 -0.032345
v -0.187031 0.371174 0.025345
v -0.187128 0.340658 0.031744
v -0.139133 0.371689 0.059194
v -0.139810 0.339862 0.065057
v -0.071206 0.360886 0.042810
v -0.073106 0.338620 0.046330
v -0.139646 0.305178 0.063518
v -0.189141 0.308316 0.026175
v -0.196260 0.315860 -0.034207
v -0.136867 0.222524 0.054932
v -0.071277 0.313418 0.044314
v -0.063678 0.208625 0.034816
v -0.053642 0.318430 -0.027787
v -0.049304 0.196297 -0.058673
v -0.042198 0.168478 -0.033310
v -0.054801 0.192090 0.061080
v -0.195475 0.206248 0.012416
v -0.210387 0.190873 -0.059465
v -0.179231 0.200997 -0.116819
v -0.169995 0.322512 -0.083314
v -0.223025 0.165910 -0.058917
v -0.211183 0.188046 0.050410
v -0.128846 0.210069 -0.146920
v -0.191718 0.173138 -0.141732
v -0.127543 0.182985 -0.181005
v -0.126165 0.327844 -0.105786
v -0.063967 0.174473 -0.157130
v -0.077700 0.204233 -0.131441
v -0.049304 0.196297 -0.058673
v -0.042198 0.168478 -0.033310
v -0.074936 0.329095 -0.086454
v -0.053642 0.318430 -0.027787
v -0.075594 0.346225 -0.081344
v -0.054513 0.342328 -0.027076
v -0.032785 0.131636 0.000280
v -0.043425 0.129963 -0.195549
v -0.049113 0.019496 -0.190438
v -0.123336 0.022381 -0.246990
v -0.074077 -0.000137 -0.163110
v -0.074843 0.001553 0.001339
v -0.044240 0.023692 0.001067
v -0.124970 0.129579 -0.248220
v -0.215545 0.119973 -0.189275
v -0.217684 0.025580 -0.189769
v -0.203467 0.001561 -0.171020
v -0.126620 0.000265 -0.193506
v -0.270287 0.032841 0.002409
v -0.247388 0.001761 0.000034
v -0.299115 0.033233 0.230807
v -0.260184 0.001653 0.202401
v -0.234416 0.032030 0.324206
v -0.214586 0.001639 0.280480
v -0.137640 0.034950 0.349346
v -0.138710 0.001612 0.292379
v -0.066100 0.001512 0.265985
v -0.038451 0.031854 0.315577
v -0.044028 0.001560 0.201628
v -0.007124 0.022273 0.203161
v -0.074843 0.001553 0.001339
v -0.044240 0.023692 0.001067
v -0.297545 0.120826 0.234181
v -0.040790 0.136742 0.311645
v -0.136297 0.142745 0.343425
v -0.239733 0.134240 0.320039
v -0.237108 0.187552 0.246680
v -0.140483 0.207100 0.258713
v -0.257561 0.135002 0.000527
v -0.227439 0.172665 0.105344
v -0.003005 0.117980 0.240691
v -0.048797 0.188860 0.257131
v -0.032785 0.131636 0.000280
v -0.050791 0.185315 0.124282
v -0.136435 0.205867 0.123526
v -0.136330 0.213398 0.081984
v -0.048695 0.647637 -0.174806
v -0.051522 0.601414 -0.180888
v -0.101949 0.601633 -0.166856
v -0.100149 0.649897 -0.156650
v -0.000777 0.601383 -0.183515
v -0.000741 0.647209 -0.174771
v -0.052282 0.597335 -0.187994
v -0.105311 0.597259 -0.175103
v -0.164029 0.599107 -0.139372
v -0.157650 0.604661 -0.136780
v -0.188699 0.602785 -0.078687
v -0.179712 0.606700 -0.075547
v -0.151998 0.652762 -0.129198
v -0.175292 0.653858 -0.076197
v -0.179128 0.614064 0.001393
v -0.172794 0.660308 -0.001737
v -0.135357 0.608821 0.084883
v -0.187267 0.610592 0.005591
v -0.141238 0.605245 0.087683
v -0.045246 0.705595 -0.165064
v -0.000687 0.704748 -0.161831
v -0.064680 0.603588 0.130906
v 0.000517 0.654791 0.129077
v 0.000573 0.601600 0.142436
v 0.000559 0.572400 0.139079
v -0.066088 0.572417 0.127926
v 0.000496 0.518048 0.124052
v -0.065504 0.520575 0.111726
v -0.141511 0.527623 0.070933
v -0.138684 0.579392 0.082739
v -0.182075 0.585618 0.004371
v -0.189760 0.544295 0.007060
v -0.182945 0.581747 -0.075871
v -0.060043 0.471716 0.091537
v 0.000387 0.467682 0.097680
v 0.000141 0.419286 0.038280
v -0.042225 0.424853 0.035268
v -0.029954 0.403677 -0.042635
v -0.000199 0.396902 -0.043902
v -0.047107 0.407587 -0.041905
v -0.066263 0.428016 0.033557
v -0.049976 0.387407 -0.038376
v -0.066263 0.428016 0.033557
v -0.054106 0.361708 -0.028060
v -0.054513 0.342328 -0.027076
v -0.276565 0.768691 -0.058180
v -0.184966 0.858222 -0.035361
v -0.187765 0.858552 -0.086118
v -0.277919 0.775352 -0.103093
v -0.258433 0.763959 -0.140142
v -0.177114 0.837673 -0.120974
v -0.163766 0.799869 -0.130848
v -0.227533 0.739869 -0.148397
v -0.248776 0.719870 -0.151176
v -0.279735 0.744241 -0.143094
v -0.229974 0.702319 -0.126436
v -0.252580 0.679021 -0.128007
v -0.272629 0.698192 -0.151794
v -0.211365 0.720321 -0.126393
v -0.206929 0.709605 -0.091705
v -0.223359 0.691358 -0.092656
v -0.314853 0.616609 -0.119430
v -0.338507 0.639203 -0.140820
v -0.301799 0.722202 -0.144477
v -0.297933 0.757395 -0.104629
v -0.317144 0.737853 -0.103110
v -0.305883 0.739795 -0.059264
v -0.291263 0.755029 -0.060764
v -0.365733 0.678047 -0.039011
v -0.374869 0.675807 -0.091674
v -0.363920 0.661035 -0.134651
v -0.354106 0.623214 -0.140391
v -0.383721 0.640473 -0.134683
v -0.271859 0.719200 -0.030862
v -0.259475 0.731230 -0.035066
v -0.258463 0.752752 -0.034319
v -0.231220 0.698276 -0.054207
v -0.243801 0.686117 -0.052503
v -0.243341 0.672567 -0.092182
v -0.223359 0.691358 -0.092656
v -0.309397 0.624961 -0.028834
v -0.335674 0.656739 -0.011054
v -0.387384 0.656224 -0.033192
v -0.353638 0.638551 -0.006051
v -0.313614 0.607669 -0.077340
v -0.206929 0.709605 -0.091705
v -0.215572 0.714110 -0.051336
v -0.234136 0.728677 -0.032076
v -0.157599 0.764346 -0.079641
v -0.162802 0.767775 -0.032080
v -0.150154 0.785601 -0.014418
v -0.167937 0.797585 -0.017256
v -0.146988 0.815920 0.000063
v -0.148011 0.776564 -0.071596
v -0.325392 0.610076 -0.024004
v -0.328320 0.593671 -0.074831
v -0.177928 0.832940 -0.015758
v -0.148605 0.863623 -0.002048
v -0.160969 0.884928 -0.035295
v -0.161836 0.883941 -0.083471
v -0.151729 0.858266 -0.118575
v -0.147814 0.819043 -0.127496
v -0.155505 0.774327 -0.117055
v -0.144492 0.790484 -0.111892
v -0.157599 0.764346 -0.079641
v -0.148011 0.776564 -0.071596
v -0.000796 0.574128 -0.187994
v -0.000809 0.597367 -0.191112
v -0.000796 0.574128 -0.187994
v -0.260184 0.001653 0.202401
v -0.247388 0.001761 0.000034
v -0.074843 0.001553 0.001339
v -0.044028 0.001560 0.201628
v -0.203467 0.001561 -0.171020
v -0.074077 -0.000137 -0.163110
v -0.066100 0.001512 0.265985
v -0.214586 0.001639 0.280480
v -0.138710 0.001612 0.292379
v -0.126620 0.000265 -0.193506
v -0.489342 0.417101 0.079487
v -0.503733 0.415306 0.092094
v -0.516631 0.397286 0.065475
v -0.492752 0.407657 0.056445
v -0.500500 0.404040 0.034974
v -0.523588 0.401692 0.037002
v -0.518675 0.437212 0.011956
v -0.465501 0.470002 0.040956
v -0.482072 0.466942 0.011642
v -0.464792 0.479960 0.071884
v -0.487382 0.454681 0.093049
v -0.436377 0.498438 0.026701
v -0.452880 0.486994 -0.009448
v -0.437773 0.521722 0.048431
v -0.448789 0.540889 0.049306
v -0.396426 0.547668 0.039957
v -0.364946 0.523832 0.017931
v -0.372800 0.518681 -0.012757
v -0.337062 0.538455 0.016483
v -0.330026 0.542835 -0.009891
v -0.325844 0.510775 0.041195
v -0.313916 0.530187 0.052908
v -0.333427 0.566136 0.024418
v -0.354891 0.503808 0.039909
v -0.386665 0.514732 0.055406
v -0.396426 0.547668 0.039957
v -0.352608 0.483332 0.087213
v -0.369318 0.487581 0.087984
v -0.368520 0.499411 0.114182
v -0.336682 0.497888 0.117630
v -0.309340 0.506376 0.100399
v -0.322850 0.488740 0.071370
v -0.388034 0.512989 0.086731
v -0.344458 0.577304 -0.070386
v -0.325392 0.610076 -0.024004
v -0.391570 0.529636 0.067716
v -0.396426 0.547668 0.039957
v -0.328320 0.593671 -0.074831
v -0.379058 0.534756 -0.063337
v -0.452880 0.486994 -0.009448
v -0.388516 0.532223 -0.125730
v -0.348624 0.556500 -0.129436
v -0.408448 0.562457 -0.151533
v -0.326265 0.604703 -0.118484
v -0.370781 0.592424 -0.151682
v -0.354106 0.623214 -0.140391
v -0.434971 0.509751 -0.147661
v -0.446593 0.529048 -0.155298
v -0.465390 0.479599 -0.163584
v -0.479223 0.491187 -0.176086
v -0.435325 0.496727 -0.126784
v -0.445679 0.488728 -0.087655
v -0.463981 0.473699 -0.138587
v -0.480159 0.477044 -0.119228
v -0.498245 0.478053 -0.116444
v -0.472191 0.502977 -0.097596
v -0.483043 0.453936 -0.185549
v -0.480379 0.425451 -0.150013
v -0.475216 0.431628 -0.170038
v -0.494618 0.425574 -0.184213
v -0.503216 0.414457 -0.162950
v -0.487578 0.425424 -0.134410
v -0.506867 0.417110 -0.136123
v -0.507747 0.443341 -0.119108
v -0.482207 0.459686 -0.079213
v -0.498794 0.471718 -0.090025
v -0.472191 0.502977 -0.097596
v -0.469819 0.456071 -0.051987
v -0.447357 0.484521 -0.051608
v -0.478703 0.462237 -0.028010
v -0.502057 0.476627 -0.014313
v -0.480934 0.508371 -0.012631
v -0.514036 0.383761 -0.081488
v -0.506032 0.381349 -0.054633
v -0.540773 0.387334 -0.085959
v -0.543714 0.372682 -0.051782
v -0.501181 0.388967 -0.027724
v -0.528730 0.389631 -0.018089
v -0.524680 0.424751 -0.094422
v -0.516850 0.426178 -0.009347
v -0.462679 0.558172 0.042741
v -0.404205 0.617299 0.016081
v -0.481553 0.566873 0.016174
v -0.400414 0.580508 0.042057
v -0.349554 0.593222 0.032983
v -0.489850 0.548624 0.023409
v -0.489574 0.546560 -0.014227
v -0.420944 0.628233 -0.026717
v -0.387384 0.656224 -0.033192
v -0.353638 0.638551 -0.006051
v -0.495967 0.531804 -0.003680
v -0.480934 0.508371 -0.012631
v -0.490076 0.564435 -0.025427
v -0.427349 0.627263 -0.079409
v -0.470824 0.542566 0.048481
v -0.448789 0.540889 0.049306
v -0.394838 0.654625 -0.088224
v -0.415060 0.603800 -0.137222
v -0.383721 0.640473 -0.134683
v -0.477207 0.559102 -0.123508
v -0.462556 0.553117 -0.149001
v -0.531219 0.496817 0.052181
v -0.531832 0.484757 0.022917
v -0.530016 0.479023 0.055068
v -0.531900 0.471103 0.029409
v -0.545154 0.423626 0.040320
v -0.541730 0.421434 0.070983
v -0.523588 0.401692 0.037002
v -0.516631 0.397286 0.065475
v -0.523882 0.432185 0.094910
v -0.503733 0.415306 0.092094
v -0.498371 0.476929 0.001969
v -0.505103 0.483154 0.081266
v -0.518675 0.437212 0.011956
v -0.487382 0.454681 0.093049
v -0.501790 0.499501 0.081591
v -0.479055 0.489939 0.081119
v -0.396426 0.547668 0.039957
v -0.398812 0.570739 0.048987
v -0.350452 0.581938 0.041163
v -0.381442 0.548992 0.077161
v -0.346621 0.555608 0.079122
v -0.332856 0.565868 0.037544
v -0.323137 0.549918 0.069757
v -0.321782 0.543376 0.076270
v -0.344674 0.546850 0.087107
v -0.310051 0.536265 0.102317
v -0.336934 0.531996 0.122682
v -0.336682 0.497888 0.117630
v -0.309340 0.506376 0.100399
v -0.368520 0.499411 0.114182
v -0.372247 0.525923 0.115457
v -0.313916 0.530187 0.052908
v -0.377226 0.541263 0.083737
v -0.391570 0.529636 0.067716
v -0.333427 0.566136 0.024418
v -0.325392 0.610076 -0.024004
v -0.388034 0.512989 0.086731
v -0.481119 0.549193 -0.098425
v -0.487113 0.566706 -0.067433
v -0.494228 0.550389 -0.063689
v -0.495025 0.548124 -0.028105
v -0.488847 0.535773 -0.091246
v -0.472191 0.502977 -0.097596
v -0.532835 0.503703 -0.054180
v -0.524833 0.498449 -0.027561
v -0.480934 0.508371 -0.012631
v -0.502057 0.476627 -0.014313
v -0.525889 0.493887 -0.079683
v -0.537185 0.479135 -0.053326
v -0.531122 0.474440 -0.077888
v -0.498794 0.471718 -0.090025
v -0.558276 0.412100 -0.085704
v -0.568554 0.400177 -0.050118
v -0.540773 0.387334 -0.085959
v -0.543714 0.372682 -0.051782
v -0.550116 0.415306 -0.016340
v -0.528730 0.389631 -0.018089
v -0.516850 0.426178 -0.009347
v -0.528016 0.478606 -0.027803
v -0.524680 0.424751 -0.094422
v -0.472191 0.502977 -0.097596
v -0.485989 0.535715 -0.107545
v -0.483061 0.543312 -0.129861
v -0.517013 0.493703 -0.130115
v -0.472191 0.502977 -0.097596
v -0.498245 0.478053 -0.116444
v -0.516394 0.499581 -0.155444
v -0.467001 0.539915 -0.155903
v -0.497163 0.502644 -0.176094
v -0.514821 0.483332 -0.156852
v -0.515809 0.479728 -0.134880
v -0.507747 0.443341 -0.119108
v -0.522842 0.430952 -0.138048
v -0.498865 0.487895 -0.175793
v -0.479223 0.491187 -0.176086
v -0.506867 0.417110 -0.136123
v -0.503216 0.414457 -0.162950
v -0.525611 0.430423 -0.167048
v -0.494618 0.425574 -0.184213
v -0.511511 0.442156 -0.189893
v -0.483043 0.453936 -0.185549
v -0.446593 0.529048 -0.155298
v -0.408448 0.562457 -0.151533
v -0.370781 0.592424 -0.151682
v -0.354106 0.623214 -0.140391
v -0.498371 0.476929 0.001969
v -0.480934 0.508371 -0.012631
v -0.452880 0.486994 -0.009448
v -0.479055 0.489939 0.081119
v -0.313614 0.607669 -0.077340
v -0.328320 0.593671 -0.074831
v -0.326265 0.604703 -0.118484
v -0.243341 0.672567 -0.092182
v -0.119624 1.274215 0.174721
v -0.069755 1.274706 0.182746
v -0.036349 1.243413 0.196090
v -0.075133 1.265472 0.190929
v -0.119764 1.264182 0.182408
v -0.150489 1.241649 0.174479
v -0.156708 1.244322 0.166956
v -0.042837 1.239867 0.200016
v -0.168810 1.198674 0.171001
v -0.042837 1.239867 0.200016
v -0.376606 1.144566 -0.096292
v -0.332792 1.133712 -0.045881
v -0.279442 1.118214 -0.005866
v -0.000590 0.938952 -0.138203
v -0.036653 1.179225 0.198617
v -0.027548 1.198273 0.192266
v -0.078047 1.179827 0.108378
v -0.063002 1.161289 0.205014
v -0.095029 1.154418 0.201499
v -0.129100 1.158314 0.187435
v -0.155314 1.172029 0.167399
v -0.167188 1.194648 0.152504
v -0.148778 1.237816 0.157895
v -0.117913 1.261004 0.166127
v -0.073618 1.262849 0.175482
v -0.040641 1.236026 0.184115
v -0.030695 1.202283 0.206390
v -0.039322 1.183320 0.212439
v -0.039322 1.183320 0.212439
v -0.065108 1.165464 0.218500
v -0.093193 1.158624 0.216403
v -0.130886 1.162503 0.207277
v -0.156981 1.176156 0.187579
v -0.130886 1.162503 0.207277
v -0.168810 1.198674 0.171001
v -0.150489 1.241649 0.174479
v -0.150489 1.241649 0.174479
v -0.119764 1.264182 0.182408
v -0.075133 1.265472 0.190929
v -0.042837 1.239867 0.200016
v -0.042837 1.239867 0.200016
v -0.030695 1.202283 0.206390
v -0.042837 1.239867 0.200016
v -0.394838 0.654625 -0.088224
v -0.000796 0.574128 -0.187994
v -0.000882 0.520385 -0.208824
v -0.030812 0.511902 -0.209272
v -0.315267 0.956415 -0.116922
v -0.324530 0.963654 -0.099863
v -0.385791 0.974714 -0.159010
v -0.315267 0.956415 -0.116922
v -0.082171 1.013604 0.215159
v -0.039516 0.984825 0.206007
v -0.097882 1.015532 0.175677
v -0.046308 0.997836 0.110026
v -0.087791 1.030752 0.105850
v -0.086019 1.042795 0.181432
v -0.082171 1.013604 0.215159
v -0.071964 1.065127 0.113438
v -0.039949 1.039025 0.202584
v -0.040092 1.064850 0.123751
v 0.000882 1.035803 0.212348
v 0.000973 1.004675 0.235798
v -0.042410 1.006134 0.230054
v -0.082171 1.013604 0.215159
v -0.040092 1.064850 0.123751
v 0.000959 1.003866 0.235653
v 0.000856 0.981174 0.206129
v -0.042243 1.005387 0.230027
v -0.046308 0.997836 0.110026
v 0.000466 0.986792 0.113438
v -0.082171 1.013604 0.215159
v 0.000522 1.063650 0.125330
v 0.000882 1.035803 0.212348
v 0.000466 0.986792 0.113438
v -0.040092 1.064850 0.123751
v -0.046308 0.997836 0.110026
v 0.001674 1.107740 0.408534
v 0.000902 1.008004 0.212104
v 0.000718 1.017399 0.167754
v -0.031591 1.010304 0.164181
v 0.000488 1.013144 0.112160
v -0.038699 1.006850 0.112826
v -0.031572 1.000258 0.168806
v -0.015888 0.996937 0.205914
v -0.015907 1.006983 0.201291
v -0.031591 1.010304 0.164181
v -0.038699 0.998361 0.112826
v 0.000921 0.997959 0.216729
v 0.000902 1.008004 0.212104
v 0.017620 1.006983 0.201151
v 0.032997 1.010304 0.163914
v 0.000921 0.997959 0.216729
v 0.017639 0.996937 0.205776
v 0.032997 1.010304 0.163914
v 0.000718 1.017399 0.167754
v 0.033015 1.000258 0.168539
v 0.039679 1.006850 0.112502
v 0.039679 0.998361 0.112502
v 0.000488 1.013144 0.112160
v -0.098245 1.214545 0.204298
v -0.061803 1.252020 0.190199
v -0.085971 1.262357 0.184298
v -0.046590 1.231130 0.197812
v -0.044407 1.205285 0.205096
v -0.055842 1.181410 0.210100
v -0.077827 1.165902 0.211483
v -0.104474 1.162917 0.208874
v -0.128643 1.173255 0.202972
v -0.143856 1.194145 0.195360
v -0.146038 1.219990 0.188076
v -0.134604 1.243865 0.183072
v -0.112618 1.259373 0.181689
v -0.041704 1.263165 0.157380
v -0.077652 1.278541 0.148603
v -0.019076 1.232093 0.168703
v -0.015830 1.193651 0.179538
v -0.032836 1.158139 0.186981
v -0.065539 1.135073 0.189038
v -0.105174 1.130633 0.185157
v -0.141122 1.146009 0.176380
v -0.163750 1.177081 0.165056
v -0.166996 1.215523 0.154223
v -0.149990 1.251034 0.146779
v -0.117287 1.274101 0.144723
v 0.099385 1.214545 0.203479
v 0.086946 1.262357 0.183581
v 0.062827 1.252020 0.189683
v 0.047678 1.231130 0.197421
v 0.045556 1.205285 0.204723
v 0.057030 1.181410 0.209633
v 0.079027 1.165902 0.210833
v 0.105652 1.162917 0.208004
v 0.129770 1.173255 0.201902
v 0.144920 1.194145 0.194164
v 0.147042 1.219990 0.186863
v 0.135566 1.243865 0.181953
v 0.113570 1.259372 0.180752
v 0.042456 1.263165 0.157031
v 0.078331 1.278541 0.147957
v 0.019923 1.232093 0.168542
v 0.016767 1.193651 0.179403
v 0.033835 1.158139 0.186704
v 0.066553 1.135073 0.188491
v 0.106155 1.130633 0.184282
v 0.142028 1.146009 0.175207
v 0.164562 1.177081 0.163698
v 0.167718 1.215523 0.152837
v 0.150651 1.251034 0.145534
v 0.117932 1.274101 0.143749
v 0.209571 1.251694 0.226774
v 0.194567 1.279764 0.220574
v 0.210194 1.255213 0.241198
v 0.195191 1.283284 0.234998
v 0.171424 1.302041 0.216141
v 0.172049 1.305560 0.230564
v 0.142408 1.316344 0.213907
v 0.143032 1.319863 0.228331
v 0.110358 1.321272 0.214093
v 0.110983 1.324791 0.228516
v 0.143032 1.319863 0.228331
v 0.078413 1.316344 0.216678
v 0.079037 1.319863 0.231102
v 0.049698 1.302041 0.221411
v 0.050323 1.305560 0.235835
v 0.027025 1.279764 0.227828
v 0.027650 1.283284 0.242252
v 0.001018 1.233890 0.240167
v 0.001078 1.237409 0.254593
v 0.027650 1.283284 0.242252
v 0.001084 1.168277 0.256150
v 0.051416 1.139114 0.261090
v 0.052041 1.142634 0.275514
v 0.080433 1.124811 0.263324
v 0.081057 1.128331 0.277748
v 0.112482 1.119883 0.263139
v 0.052041 1.142634 0.275514
v 0.001144 1.171796 0.270575
v 0.113106 1.123402 0.277562
v 0.081057 1.128331 0.277748
v 0.144427 1.124812 0.260553
v 0.145052 1.128331 0.274977
v 0.173142 1.139114 0.255820
v 0.173766 1.142633 0.270244
v 0.195814 1.161391 0.249403
v 0.196439 1.164910 0.263827
v 0.210226 1.189461 0.241930
v 0.210851 1.192981 0.256354
v 0.270031 1.012353 -0.191657
v 0.283645 1.012489 -0.194903
v 0.288745 1.016317 -0.162848
v 0.274807 1.016682 -0.161640
v 0.210851 1.192981 0.256354
v 0.210226 1.189461 0.241930
v 0.226441 1.195288 0.242596
v 0.311597 1.128451 -0.073253
v 0.325539 1.128473 -0.073862
v 0.328102 1.102923 -0.129457
v 0.314141 1.104075 -0.129303
v 0.324577 1.084086 -0.153421
v 0.310605 1.084850 -0.153541
v 0.288745 1.016317 -0.162848
v 0.274807 1.016682 -0.161640
v 0.209571 1.251694 0.226774
v 0.210194 1.255213 0.241198
v 0.226308 1.253841 0.228178
v 0.311162 1.163576 -0.083189
v 0.327477 1.135544 -0.143023
v 0.313557 1.134398 -0.141942
v 0.323537 1.107138 -0.177536
v 0.309631 1.106440 -0.176116
v 0.283645 1.012489 -0.194903
v 0.283645 1.012489 -0.194903
v 0.270031 1.012353 -0.191657
v 0.210194 1.255213 0.241198
v 0.210851 1.192981 0.256354
v 0.226441 1.195288 0.242596
v 0.226308 1.253841 0.228178
v 0.325103 1.163591 -0.083797
v 0.325539 1.128473 -0.073862
v 0.327477 1.135544 -0.143023
v 0.328102 1.102923 -0.129457
v 0.323537 1.107138 -0.177536
v 0.324577 1.084086 -0.153421
v 0.283645 1.012489 -0.194903
v 0.288745 1.016317 -0.162848
v 0.210226 1.189461 0.241930
v 0.209571 1.251694 0.226774
v 0.311162 1.163576 -0.083189
v 0.311597 1.128451 -0.073253
v 0.313557 1.134398 -0.141942
v 0.314141 1.104075 -0.129303
v 0.309631 1.106440 -0.176116
v 0.310605 1.084850 -0.153541
v 0.270031 1.012353 -0.191657
v 0.274807 1.016682 -0.161640
v 0.226308 1.253841 0.228178
v 0.325103 1.163591 -0.083797
v 0.311162 1.163576 -0.083189
v 0.327477 1.135544 -0.143023
v 0.061384 1.155318 0.272015
v 0.052041 1.142634 0.275514
v 0.081057 1.128331 0.277748
v 0.085599 1.142367 0.274126
v 0.113106 1.123402 0.277562
v 0.112927 1.140367 0.273431
v 0.145052 1.128331 0.274977
v 0.140024 1.142918 0.271635
v 0.173766 1.142633 0.270244
v 0.164308 1.155116 0.267608
v 0.196439 1.164910 0.263827
v 0.183087 1.174274 0.262120
v 0.210851 1.192981 0.256354
v 0.194224 1.198217 0.255796
v 0.196959 1.220939 0.250133
v 0.046134 1.169466 0.269213
v 0.001144 1.171796 0.270575
v 0.035117 1.187818 0.265203
v 0.026627 1.210738 0.259986
v 0.026735 1.234331 0.254233
v 0.001078 1.237409 0.254593
v 0.029225 1.253334 0.249490
v 0.039646 1.274872 0.243785
v 0.027650 1.283284 0.242252
v 0.059242 1.293789 0.238321
v 0.050323 1.305560 0.235835
v 0.083895 1.305769 0.234330
v 0.079037 1.319863 0.231102
v 0.111148 1.309165 0.232322
v 0.110983 1.324791 0.228516
v 0.138512 1.305895 0.231934
v 0.143032 1.319863 0.228331
v 0.163378 1.293789 0.233811
v 0.172049 1.305560 0.230564
v 0.182290 1.274100 0.237797
v 0.195191 1.283284 0.234998
v 0.195462 1.250542 0.242975
v 0.210194 1.255213 0.241198
v 0.061384 1.155318 0.272015
v 0.085599 1.142367 0.274126
v 0.085538 1.138214 0.259508
v 0.061323 1.151165 0.257397
v 0.085599 1.142367 0.274126
v 0.112927 1.140367 0.273431
v 0.112866 1.136214 0.258813
v 0.085538 1.138214 0.259508
v 0.112927 1.140367 0.273431
v 0.140024 1.142918 0.271635
v 0.139963 1.138765 0.257018
v 0.112866 1.136214 0.258813
v 0.140024 1.142918 0.271635
v 0.164308 1.155116 0.267608
v 0.164248 1.150963 0.252990
v 0.139963 1.138765 0.257018
v 0.164308 1.155116 0.267608
v 0.183087 1.174274 0.262120
v 0.183026 1.170121 0.247502
v 0.164248 1.150963 0.252990
v 0.183087 1.174274 0.262120
v 0.194224 1.198217 0.255796
v 0.194163 1.194064 0.241178
v 0.183026 1.170121 0.247502
v 0.194224 1.198217 0.255796
v 0.196959 1.220939 0.250133
v 0.196899 1.216786 0.235516
v 0.194163 1.194064 0.241178
v 0.196959 1.220939 0.250133
v 0.195462 1.250542 0.242975
v 0.195401 1.246389 0.228357
v 0.196899 1.216786 0.235516
v 0.195462 1.250542 0.242975
v 0.182290 1.274100 0.237797
v 0.182229 1.269947 0.223179
v 0.195401 1.246389 0.228357
v 0.182290 1.274100 0.237797
v 0.163378 1.293789 0.233811
v 0.163318 1.289636 0.219195
v 0.182229 1.269947 0.223179
v 0.163378 1.293789 0.233811
v 0.138512 1.305895 0.231934
v 0.138452 1.301742 0.217316
v 0.163318 1.289636 0.219195
v 0.138512 1.305895 0.231934
v 0.111148 1.309165 0.232322
v 0.111087 1.305012 0.217704
v 0.138452 1.301742 0.217316
v 0.111148 1.309165 0.232322
v 0.083895 1.305769 0.234330
v 0.083834 1.301616 0.219713
v 0.111087 1.305012 0.217704
v 0.083895 1.305769 0.234330
v 0.059242 1.293789 0.238321
v 0.059182 1.289636 0.223703
v 0.083834 1.301616 0.219713
v 0.059242 1.293789 0.238321
v 0.039646 1.274872 0.243785
v 0.039585 1.270719 0.229167
v 0.059182 1.289636 0.223703
v 0.039646 1.274872 0.243785
v 0.029225 1.253334 0.249490
v 0.029165 1.249181 0.234872
v 0.039585 1.270719 0.229167
v 0.029225 1.253334 0.249490
v 0.026735 1.234331 0.254233
v 0.026674 1.230178 0.239616
v 0.029165 1.249181 0.234872
v 0.026735 1.234331 0.254233
v 0.026627 1.210738 0.259986
v 0.026566 1.206585 0.245368
v 0.026674 1.230178 0.239616
v 0.026627 1.210738 0.259986
v 0.035117 1.187818 0.265203
v 0.035057 1.183665 0.250585
v 0.026566 1.206585 0.245368
v 0.046134 1.169466 0.269213
v 0.061384 1.155318 0.272015
v 0.061323 1.151165 0.257397
v 0.046073 1.165312 0.254595
v 0.035117 1.187818 0.265203
v 0.046134 1.169466 0.269213
v 0.046073 1.165312 0.254595
v 0.035057 1.183665 0.250585
v -0.207639 1.251694 0.228502
v -0.208143 1.255213 0.242930
v -0.192687 1.279764 0.222178
v -0.193192 1.283284 0.236606
v -0.169582 1.302041 0.217553
v -0.170087 1.305560 0.231981
v -0.140585 1.316344 0.215079
v -0.141090 1.319863 0.229507
v -0.108535 1.321272 0.214999
v -0.141090 1.319863 0.229507
v -0.109040 1.324791 0.229427
v -0.076569 1.316344 0.217320
v -0.077074 1.319863 0.231748
v -0.047816 1.302041 0.221815
v -0.048321 1.305560 0.236243
v -0.025091 1.279764 0.228044
v -0.025596 1.283284 0.242472
v 0.001018 1.233890 0.240167
v -0.025596 1.283284 0.242472
v 0.001078 1.237409 0.254593
v 0.001084 1.168277 0.256150
v 0.001144 1.171796 0.270575
v -0.049711 1.142633 0.275935
v -0.049711 1.142633 0.275935
v -0.049206 1.139114 0.261507
v -0.078203 1.124812 0.263981
v -0.078707 1.128331 0.278409
v -0.110253 1.119883 0.264062
v -0.078707 1.128331 0.278409
v -0.110757 1.123402 0.278489
v -0.142218 1.124812 0.261740
v -0.142723 1.128331 0.276168
v -0.170971 1.139114 0.257245
v -0.171476 1.142633 0.271673
v -0.193697 1.161391 0.251016
v -0.194201 1.164910 0.265444
v -0.208169 1.189461 0.243663
v -0.208674 1.192981 0.258091
v -0.271563 1.012353 -0.189414
v -0.276090 1.016682 -0.159359
v -0.290036 1.016317 -0.160451
v -0.285203 1.012489 -0.192548
v -0.208674 1.192981 0.258091
v -0.224378 1.195288 0.244463
v -0.208169 1.189461 0.243663
v -0.312147 1.128451 -0.070670
v -0.326093 1.128473 -0.071163
v -0.329117 1.102923 -0.126735
v -0.315155 1.104075 -0.126697
v -0.325790 1.084086 -0.150728
v -0.311819 1.084850 -0.150963
v -0.290036 1.016317 -0.160451
v -0.276090 1.016682 -0.159359
v -0.207639 1.251694 0.228502
v -0.224364 1.253841 0.230044
v -0.208143 1.255213 0.242930
v -0.311794 1.163576 -0.080610
v -0.314675 1.134398 -0.139340
v -0.328604 1.135544 -0.140307
v -0.324950 1.107138 -0.174851
v -0.311033 1.106439 -0.173546
v -0.285203 1.012489 -0.192548
v -0.271563 1.012353 -0.189414
v -0.285203 1.012489 -0.192548
v -0.208143 1.255213 0.242930
v -0.224364 1.253841 0.230044
v -0.224378 1.195288 0.244463
v -0.208674 1.192981 0.258091
v -0.325740 1.163591 -0.081102
v -0.326093 1.128473 -0.071163
v -0.328604 1.135544 -0.140307
v -0.329117 1.102923 -0.126735
v -0.324950 1.107138 -0.174851
v -0.325790 1.084086 -0.150728
v -0.285203 1.012489 -0.192548
v -0.290036 1.016317 -0.160451
v -0.208169 1.189461 0.243663
v -0.312147 1.128451 -0.070670
v -0.311794 1.163576 -0.080610
v -0.207639 1.251694 0.228502
v -0.314675 1.134398 -0.139340
v -0.315155 1.104075 -0.126697
v -0.311033 1.106439 -0.173546
v -0.311819 1.084850 -0.150963
v -0.271563 1.012353 -0.189414
v -0.276090 1.016682 -0.159359
v -0.311794 1.163576 -0.080610
v -0.325740 1.163591 -0.081102
v -0.224364 1.253841 0.230044
v -0.328604 1.135544 -0.140307
v -0.059082 1.155318 0.272514
v -0.083279 1.142367 0.274825
v -0.078707 1.128331 0.278409
v -0.049711 1.142633 0.275935
v -0.110757 1.123402 0.278489
v -0.110612 1.140367 0.274356
v -0.142723 1.128331 0.276168
v -0.137723 1.142918 0.272786
v -0.171476 1.142633 0.271673
v -0.162040 1.155117 0.268959
v -0.194201 1.164910 0.265444
v -0.180863 1.174274 0.263627
v -0.208674 1.192981 0.258091
v -0.192052 1.198217 0.257395
v -0.194834 1.220939 0.251756
v -0.043856 1.169466 0.269586
v 0.001144 1.171796 0.270575
v -0.032873 1.187818 0.265484
v -0.024426 1.210739 0.260197
v -0.024582 1.234331 0.254446
v 0.001078 1.237409 0.254593
v -0.027111 1.253334 0.249723
v -0.037578 1.274872 0.244105
v -0.025596 1.283284 0.242472
v -0.057220 1.293789 0.238803
v -0.048321 1.305560 0.236243
v -0.081905 1.305769 0.235016
v -0.077074 1.319863 0.231748
v -0.109173 1.309165 0.233234
v -0.109040 1.324791 0.229427
v -0.136540 1.305895 0.233073
v -0.141090 1.319863 0.229507
v -0.161390 1.293789 0.235156
v -0.170087 1.305560 0.231981
v -0.180268 1.274100 0.239298
v -0.193192 1.283284 0.236606
v -0.193396 1.250542 0.244585
v -0.208143 1.255213 0.242930
v -0.059082 1.155318 0.272514
v -0.059143 1.151165 0.257896
v -0.083340 1.138214 0.260207
v -0.083279 1.142367 0.274825
v -0.083279 1.142367 0.274825
v -0.083340 1.138214 0.260207
v -0.110673 1.136214 0.259738
v -0.110612 1.140367 0.274356
v -0.110612 1.140367 0.274356
v -0.110673 1.136214 0.259738
v -0.137783 1.138765 0.258168
v -0.137723 1.142918 0.272786
v -0.137723 1.142918 0.272786
v -0.137783 1.138765 0.258168
v -0.162100 1.150963 0.254341
v -0.162040 1.155117 0.268959
v -0.162040 1.155117 0.268959
v -0.162100 1.150963 0.254341
v -0.180924 1.170121 0.249009
v -0.180863 1.174274 0.263627
v -0.180863 1.174274 0.263627
v -0.180924 1.170121 0.249009
v -0.192113 1.194064 0.242778
v -0.192052 1.198217 0.257395
v -0.192052 1.198217 0.257395
v -0.192113 1.194064 0.242778
v -0.194895 1.216786 0.237138
v -0.194834 1.220939 0.251756
v -0.194834 1.220939 0.251756
v -0.194895 1.216786 0.237138
v -0.193457 1.246389 0.229967
v -0.193396 1.250542 0.244585
v -0.193396 1.250542 0.244585
v -0.193457 1.246389 0.229967
v -0.180328 1.269947 0.224681
v -0.180268 1.274100 0.239298
v -0.180268 1.274100 0.239298
v -0.180328 1.269947 0.224681
v -0.161450 1.289636 0.220539
v -0.161390 1.293789 0.235156
v -0.161390 1.293789 0.235156
v -0.161450 1.289636 0.220539
v -0.136601 1.301742 0.218455
v -0.136540 1.305895 0.233073
v -0.136540 1.305895 0.233073
v -0.136601 1.301742 0.218455
v -0.109234 1.305012 0.218616
v -0.109173 1.309165 0.233234
v -0.109173 1.309165 0.233234
v -0.109234 1.305012 0.218616
v -0.081965 1.301616 0.220399
v -0.081905 1.305769 0.235016
v -0.081905 1.305769 0.235016
v -0.081965 1.301616 0.220399
v -0.057280 1.289636 0.224185
v -0.057220 1.293789 0.238803
v -0.057220 1.293789 0.238803
v -0.057280 1.289636 0.224185
v -0.037638 1.270718 0.229487
v -0.037578 1.274872 0.244105
v -0.037578 1.274872 0.244105
v -0.037638 1.270718 0.229487
v -0.027172 1.249181 0.235105
v -0.027111 1.253334 0.249723
v -0.027111 1.253334 0.249723
v -0.027172 1.249181 0.235105
v -0.024642 1.230178 0.239828
v -0.024582 1.234331 0.254446
v -0.024582 1.234331 0.254446
v -0.024642 1.230178 0.239828
v -0.024487 1.206586 0.245579
v -0.024426 1.210739 0.260197
v -0.024426 1.210739 0.260197
v -0.024487 1.206586 0.245579
v -0.032934 1.183665 0.250866
v -0.032873 1.187818 0.265484
v -0.043856 1.169466 0.269586
v -0.043917 1.165312 0.254968
v -0.059143 1.151165 0.257896
v -0.059082 1.155318 0.272514
v -0.032873 1.187818 0.265484
v -0.032934 1.183665 0.250866
v -0.043917 1.165312 0.254968
v -0.043856 1.169466 0.269586
v -0.077652 1.278541 0.148603
v -0.041704 1.263165 0.157380
v -0.027588 1.262135 0.101974
v -0.066213 1.280487 0.091480
v -0.004078 1.225051 0.112383
v -0.019076 1.232093 0.168703
v -0.003323 1.179171 0.125327
v -0.015830 1.193651 0.179538
v -0.021678 1.136787 0.137321
v -0.032836 1.158139 0.186981
v -0.061659 1.109258 0.139780
v -0.065539 1.135073 0.189038
v -0.108681 1.103959 0.135148
v -0.105174 1.130633 0.185157
v -0.156029 1.122310 0.124690
v -0.141122 1.146009 0.176380
v -0.181010 1.159394 0.111168
v -0.163750 1.177081 0.165056
v -0.184596 1.205275 0.098236
v -0.166996 1.215523 0.154223
v -0.165828 1.247658 0.089359
v -0.149990 1.251034 0.146779
v -0.129732 1.275187 0.086917
v -0.117287 1.274101 0.144723
v 0.042456 1.263165 0.157031
v 0.078331 1.278541 0.147957
v 0.066419 1.280487 0.090932
v 0.027883 1.262136 0.101744
v 0.019923 1.232093 0.168542
v 0.004459 1.225051 0.112347
v 0.016767 1.193651 0.179403
v 0.003812 1.179171 0.125297
v 0.033835 1.158139 0.186704
v 0.022266 1.136787 0.137140
v 0.066553 1.135073 0.188491
v 0.062265 1.109258 0.139267
v 0.106155 1.130633 0.184282
v 0.109247 1.103959 0.134246
v 0.142028 1.146009 0.175207
v 0.156507 1.122310 0.123397
v 0.164562 1.177081 0.163698
v 0.181375 1.159394 0.109668
v 0.167718 1.215523 0.152837
v 0.184855 1.205275 0.096706
v 0.150651 1.251034 0.145534
v 0.166012 1.247658 0.087985
v 0.117932 1.274101 0.143749
v 0.129898 1.275188 0.085842
vt 0.038769 0.087732
vt 0.062805 0.088266
vt 0.094800 0.077229
vt 0.049148 0.045733
vt 0.098270 0.045143
vt 0.125804 0.075945
vt 0.141118 0.051812
vt 0.149169 0.044050
vt 0.167913 0.069186
vt 0.151604 0.071804
vt 0.116570 0.025236
vt 0.082946 0.010324
vt 0.156819 0.004714
vt 0.208414 0.022813
vt 0.180647 0.085696
vt 0.167644 0.090553
vt 0.143693 0.085817
vt 0.185391 0.109297
vt 0.167408 0.113159
vt 0.148364 0.100377
vt 0.113715 0.107523
vt 0.151280 0.113725
vt 0.145053 0.124348
vt 0.164976 0.121935
vt 0.239086 0.066917
vt 0.191063 0.121085
vt 0.169958 0.157362
vt 0.209195 0.155352
vt 0.244563 0.116903
vt 0.252183 0.154414
vt 0.113968 0.138562
vt 0.087252 0.128493
vt 0.083011 0.099928
vt 0.059321 0.115892
vt 0.060274 0.145775
vt 0.030818 0.139962
vt 0.065442 0.165329
vt 0.091862 0.154926
vt 0.059801 0.172275
vt 0.091899 0.183534
vt 0.094166 0.172343
vt 0.052294 0.179205
vt 0.071941 0.195039
vt 0.026798 0.159063
vt 0.003008 0.153685
vt 0.014255 0.175854
vt 0.032328 0.203367
vt 0.266906 0.904409
vt 0.258183 0.891914
vt 0.242184 0.903176
vt 0.273962 0.868889
vt 0.321253 0.885754
vt 0.279521 0.838628
vt 0.296176 0.947833
vt 0.329471 0.955215
vt 0.366984 0.959605
vt 0.369060 0.850577
vt 0.308967 0.808052
vt 0.428883 0.916905
vt 0.412678 0.792770
vt 0.490580 0.836051
vt 0.509753 0.726513
vt 0.427281 0.713463
vt 0.336864 0.758136
vt 0.344219 0.698192
vt 0.343663 0.618811
vt 0.410989 0.615222
vt 0.364955 0.533229
vt 0.317189 0.553824
vt 0.269520 0.506131
vt 0.301859 0.471465
vt 0.241277 0.434922
vt 0.216988 0.489581
vt 0.157404 0.389633
vt 0.141204 0.441192
vt 0.087060 0.373976
vt 0.065655 0.406014
vt 0.115893 0.477544
vt 0.056828 0.438668
vt 0.051960 0.454587
vt 0.017268 0.461776
vt 0.090416 0.489874
vt 0.046120 0.512957
vt 0.130215 0.522361
vt 0.083948 0.554172
vt 0.007081 0.428572
vt 0.167836 0.518089
vt 0.208081 0.548058
vt 0.149415 0.560102
vt 0.098535 0.565530
vt 0.020357 0.379453
vt 0.192990 0.648645
vt 0.222259 0.596951
vt 0.118050 0.638542
vt 0.258477 0.557964
vt 0.244102 0.528964
vt 0.281610 0.610542
vt 0.095095 0.681744
vt 0.168790 0.699258
vt 0.266871 0.673422
vt 0.252176 0.727094
vt 0.079705 0.727532
vt 0.037388 0.718850
vt 0.048262 0.673447
vt 0.029063 0.663509
vt 0.011632 0.706776
vt 0.035139 0.737577
vt 0.006285 0.734607
vt 0.074202 0.745715
vt 0.105859 0.739468
vt 0.096496 0.755701
vt 0.068931 0.759629
vt 0.038838 0.759208
vt 0.019782 0.782959
vt 0.003453 0.782284
vt 0.004120 0.814774
vt 0.019801 0.811316
vt 0.093539 0.776935
vt 0.135998 0.751170
vt 0.136258 0.771985
vt 0.105650 0.801934
vt 0.184128 0.768578
vt 0.175548 0.788155
vt 0.208208 0.804219
vt 0.242811 0.768318
vt 0.246966 0.796323
vt 0.288239 0.785151
vt 0.264122 0.802743
vt 0.272769 0.813544
vt 0.134919 0.811778
vt 0.105723 0.825633
vt 0.173307 0.827404
vt 0.122986 0.852893
vt 0.088136 0.850558
vt 0.093425 0.819119
vt 0.078286 0.831332
vt 0.054466 0.857492
vt 0.059720 0.838166
vt 0.041812 0.836448
vt 0.036130 0.849074
vt 0.097093 0.883460
vt 0.057367 0.896844
vt 0.066673 0.919511
vt 0.044286 0.938911
vt 0.020001 0.842510
vt 0.026012 0.824536
vt 0.004247 0.836734
vt 0.109544 0.908004
vt 0.100341 0.928187
vt 0.143518 0.898524
vt 0.158028 0.868080
vt 0.109014 0.926201
vt 0.092228 0.951553
vt 0.086738 0.946217
vt 0.098157 0.954797
vt 0.087351 0.975326
vt 0.080187 0.971820
vt 0.075009 0.967574
vt 0.004279 0.842224
vt 0.198285 0.881365
vt 0.180987 0.914900
vt 0.217535 0.843861
vt 0.241399 0.875295
vt 0.228496 0.935320
vt 0.262101 0.955806
vt 0.204959 0.826068
vt 0.231737 0.975709
vt 0.166094 0.953162
vt 0.125741 0.935161
vt 0.116656 0.961242
vt 0.156527 0.992432
vt 0.224244 0.998686
vt 0.107990 0.982482
vt 0.080926 0.940603
vt 0.075565 0.931504
vt 0.053875 0.949085
vt 0.061910 0.955654
vt 0.158741 0.239667
vt 0.142922 0.257140
vt 0.157595 0.273368
vt 0.170487 0.264559
vt 0.143235 0.221884
vt 0.130067 0.233002
vt 0.181388 0.276421
vt 0.166563 0.284021
vt 0.137769 0.284732
vt 0.120374 0.213361
vt 0.138937 0.204535
vt 0.101893 0.198235
vt 0.132814 0.175147
vt 0.114486 0.242261
vt 0.087103 0.237690
vt 0.164778 0.178779
vt 0.158910 0.203835
vt 0.174259 0.214343
vt 0.186236 0.253240
vt 0.190141 0.197208
vt 0.205137 0.241221
vt 0.197002 0.268758
vt 0.210541 0.261892
vt 0.126332 0.262490
vt 0.092520 0.266840
vt 0.102208 0.290178
vt 0.087421 0.577855
vt 0.152863 0.586726
vt 0.052262 0.625809
vt 0.167306 0.350740
vt 0.077174 0.343624
vt 0.262642 0.394560
vt 0.330001 0.436678
vt 0.413945 0.513854
vt 0.474754 0.600568
vt 0.653587 0.050118
vt 0.656644 0.037062
vt 0.633386 0.039413
vt 0.632703 0.050421
vt 0.673260 0.042315
vt 0.682283 0.025723
vt 0.626919 0.073673
vt 0.648637 0.077697
vt 0.621528 0.093880
vt 0.646313 0.097112
vt 0.679172 0.096192
vt 0.673424 0.076522
vt 0.690622 0.068354
vt 0.704789 0.057008
vt 0.686641 0.034286
vt 0.637894 0.126193
vt 0.614526 0.120149
vt 0.631991 0.157860
vt 0.605278 0.152059
vt 0.666806 0.127903
vt 0.665266 0.162610
vt 0.689839 0.117968
vt 0.705767 0.143560
vt 0.701854 0.085160
vt 0.716424 0.072058
vt 0.699673 0.111337
vt 0.707324 0.132870
vt 0.664307 0.188349
vt 0.627849 0.184893
vt 0.707277 0.163959
vt 0.740698 0.143408
vt 0.744497 0.162219
vt 0.769135 0.154922
vt 0.762596 0.131487
vt 0.796831 0.143699
vt 0.779974 0.111845
vt 0.809219 0.101524
vt 0.796647 0.071905
vt 0.767418 0.081783
vt 0.818268 0.066419
vt 0.801938 0.023517
vt 0.781995 0.027367
vt 0.800981 0.015641
vt 0.780967 0.018885
vt 0.766675 0.028415
vt 0.757622 0.018139
vt 0.751465 0.027627
vt 0.737528 0.011562
vt 0.737203 0.020679
vt 0.717231 0.041932
vt 0.735240 0.052538
vt 0.829611 0.094023
vt 0.706434 0.055874
vt 0.724668 0.069354
vt 0.742339 0.080652
vt 0.752027 0.061952
vt 0.751294 0.097165
vt 0.752609 0.112830
vt 0.757742 0.122332
vt 0.736421 0.125141
vt 0.739588 0.133707
vt 0.708587 0.123673
vt 0.934157 0.231074
vt 0.930059 0.212703
vt 0.916407 0.222559
vt 0.922757 0.231954
vt 0.917619 0.201963
vt 0.911857 0.241918
vt 0.905171 0.229850
vt 0.900436 0.259434
vt 0.916743 0.268291
vt 0.927954 0.250286
vt 0.912043 0.214076
vt 0.902753 0.216384
vt 0.885561 0.216369
vt 0.890256 0.198421
vt 0.886907 0.235921
vt 0.904671 0.198917
vt 0.879232 0.270549
vt 0.916156 0.281556
vt 0.918236 0.295493
vt 0.886436 0.303505
vt 0.899222 0.334674
vt 0.924710 0.323226
vt 0.937130 0.349194
vt 0.926401 0.356276
vt 0.865549 0.233340
vt 0.839500 0.243170
vt 0.842082 0.281419
vt 0.796789 0.244826
vt 0.826715 0.208261
vt 0.791835 0.220453
vt 0.851013 0.194089
vt 0.802658 0.288333
vt 0.755666 0.248083
vt 0.755980 0.275742
vt 0.794969 0.310419
vt 0.748177 0.301952
vt 0.709894 0.275894
vt 0.708027 0.298601
vt 0.662432 0.288450
vt 0.664201 0.316665
vt 0.608433 0.349430
vt 0.606547 0.329755
vt 0.840501 0.336882
vt 0.845519 0.319488
vt 0.879929 0.358946
vt 0.883381 0.341427
vt 0.912059 0.371430
vt 0.915512 0.360802
vt 0.835784 0.371172
vt 0.880047 0.375568
vt 0.913577 0.384915
vt 0.791437 0.373718
vt 0.833382 0.387195
vt 0.791329 0.389852
vt 0.745505 0.375247
vt 0.744954 0.394852
vt 0.699197 0.375249
vt 0.696595 0.397884
vt 0.658607 0.372065
vt 0.657289 0.395884
vt 0.613309 0.376974
vt 0.614844 0.392327
vt 0.656062 0.424870
vt 0.698937 0.424232
vt 0.746093 0.415978
vt 0.643665 0.494506
vt 0.608216 0.409627
vt 0.579974 0.479221
vt 0.570406 0.397353
vt 0.527818 0.444867
vt 0.525086 0.464170
vt 0.568119 0.505427
vt 0.707662 0.508128
vt 0.765440 0.513346
vt 0.809732 0.502694
vt 0.792367 0.407185
vt 0.773943 0.536555
vt 0.695682 0.536885
vt 0.846377 0.490050
vt 0.818084 0.521162
vt 0.853285 0.508609
vt 0.835479 0.400462
vt 0.883613 0.504456
vt 0.878946 0.486136
vt 0.919286 0.469558
vt 0.940148 0.475314
vt 0.878876 0.399453
vt 0.916098 0.405226
vt 0.876460 0.387667
vt 0.912101 0.393784
vt 0.967776 0.482936
vt 0.891493 0.531433
vt 0.908423 0.565031
vt 0.879948 0.573838
vt 0.918774 0.578809
vt 0.996314 0.555480
vt 0.990868 0.537698
vt 0.867091 0.545470
vt 0.834023 0.556406
vt 0.846023 0.591698
vt 0.852654 0.603851
vt 0.891144 0.596515
vt 0.756322 0.619808
vt 0.766626 0.637009
vt 0.659830 0.659026
vt 0.674276 0.678983
vt 0.622139 0.662928
vt 0.625846 0.689542
vt 0.589418 0.656463
vt 0.576794 0.692458
vt 0.534501 0.661362
vt 0.558304 0.640410
vt 0.504556 0.628401
vt 0.520093 0.612663
vt 0.443140 0.531992
vt 0.462428 0.523156
vt 0.651709 0.630881
vt 0.577444 0.616457
vt 0.599725 0.626584
vt 0.623939 0.634220
vt 0.634053 0.612131
vt 0.609218 0.601425
vt 0.737504 0.566118
vt 0.676242 0.570790
vt 0.559203 0.601558
vt 0.584039 0.598381
vt 0.521467 0.489734
vt 0.579135 0.540437
vt 0.628297 0.544059
vt 0.636670 0.515832
vt 0.834882 0.160248
vt 0.808586 0.171238
vt 0.819347 0.194220
vt 0.844134 0.182297
vt 0.865299 0.169562
vt 0.855410 0.149496
vt 0.845981 0.185201
vt 0.820683 0.196637
vt 0.787835 0.209065
vt 0.787373 0.205705
vt 0.753839 0.215391
vt 0.752615 0.212268
vt 0.776639 0.182171
vt 0.749032 0.187778
vt 0.710319 0.213954
vt 0.708862 0.189544
vt 0.663137 0.215360
vt 0.709474 0.217271
vt 0.663611 0.217558
vt 0.823816 0.133443
vt 0.843067 0.123832
vt 0.622105 0.211014
vt 0.597513 0.179142
vt 0.589987 0.205352
vt 0.587297 0.219183
vt 0.620099 0.226304
vt 0.583032 0.246210
vt 0.616510 0.252232
vt 0.662597 0.259027
vt 0.663151 0.230959
vt 0.709773 0.230248
vt 0.708263 0.253582
vt 0.754887 0.226820
vt 0.610420 0.281246
vt 0.578467 0.274650
vt 0.569240 0.310801
vt 0.593033 0.322889
vt 0.556331 0.349678
vt 0.544410 0.341876
vt 0.563213 0.354182
vt 0.872211 0.180071
vt 0.567415 0.364299
vt 0.574466 0.376109
vt 0.575344 0.386158
vt 0.559484 0.906849
vt 0.584245 0.906647
vt 0.585250 0.841448
vt 0.558441 0.839076
vt 0.607046 0.902396
vt 0.606929 0.842385
vt 0.627051 0.854259
vt 0.627877 0.901053
vt 0.628153 0.916651
vt 0.607495 0.919744
vt 0.646844 0.914736
vt 0.647595 0.932029
vt 0.628210 0.933755
vt 0.645673 0.901024
vt 0.665143 0.901698
vt 0.666006 0.914759
vt 0.649432 0.974846
vt 0.628339 0.975065
vt 0.608198 0.936252
vt 0.584170 0.922508
vt 0.583518 0.935520
vt 0.559559 0.931523
vt 0.560273 0.919707
vt 0.556467 0.974410
vt 0.581126 0.977704
vt 0.609781 0.973394
vt 0.628381 0.985066
vt 0.610308 0.985775
vt 0.533102 0.923932
vt 0.533194 0.914738
vt 0.543953 0.905593
vt 0.505661 0.918314
vt 0.506306 0.929467
vt 0.483677 0.931701
vt 0.484149 0.917146
vt 0.509603 0.976008
vt 0.532712 0.974082
vt 0.555436 0.988706
vt 0.532589 0.988171
vt 0.482462 0.980434
vt 0.483798 0.904472
vt 0.506133 0.906946
vt 0.519450 0.905742
vt 0.482744 0.866452
vt 0.508001 0.864972
vt 0.511730 0.852911
vt 0.522595 0.854509
vt 0.522676 0.838661
vt 0.482490 0.859089
vt 0.510243 0.985829
vt 0.482142 0.991277
vt 0.541784 0.844680
vt 0.540887 0.821624
vt 0.561457 0.821878
vt 0.586319 0.824780
vt 0.609008 0.828931
vt 0.625550 0.841132
vt 0.642159 0.859887
vt 0.639988 0.850071
vt 0.662555 0.862513
vt 0.662585 0.854032
vt 0.866953 0.171997
vt 0.903522 0.150340
vt 0.987051 0.158100
vt 0.980681 0.081311
vt 0.915720 0.074479
vt 0.939754 0.008433
vt 0.987050 0.019374
vt 0.974350 0.181362
vt 0.917866 0.181422
vt 0.946027 0.188667
vt 0.968374 0.005980
vt 0.451482 0.380518
vt 0.442735 0.386556
vt 0.449829 0.397663
vt 0.459880 0.383337
vt 0.435132 0.391979
vt 0.435069 0.402212
vt 0.415038 0.392949
vt 0.426641 0.355910
vt 0.411685 0.366362
vt 0.442488 0.349894
vt 0.456648 0.363598
vt 0.413115 0.321527
vt 0.384477 0.336249
vt 0.433306 0.315605
vt 0.444695 0.312594
vt 0.433307 0.289159
vt 0.416170 0.267336
vt 0.393834 0.272886
vt 0.411325 0.245693
vt 0.396365 0.244953
vt 0.433326 0.245927
vt 0.433528 0.234579
vt 0.410160 0.229974
vt 0.433732 0.259571
vt 0.441382 0.274721
vt 0.454219 0.256018
vt 0.454894 0.262411
vt 0.466816 0.262978
vt 0.467174 0.247529
vt 0.456876 0.235399
vt 0.447562 0.246330
vt 0.455267 0.275037
vt 0.362477 0.233084
vt 0.383641 0.213037
vt 0.446278 0.282006
vt 0.360712 0.222063
vt 0.361055 0.263699
vt 0.327814 0.257051
vt 0.335362 0.237668
vt 0.309806 0.245419
vt 0.341752 0.216314
vt 0.319544 0.226009
vt 0.326048 0.209933
vt 0.302567 0.273876
vt 0.295306 0.263852
vt 0.280162 0.288273
vt 0.275807 0.278709
vt 0.310575 0.285875
vt 0.327304 0.309569
vt 0.286868 0.299753
vt 0.292674 0.312446
vt 0.291140 0.322165
vt 0.311827 0.323062
vt 0.258966 0.290063
vt 0.263380 0.309348
vt 0.260234 0.301639
vt 0.249930 0.300788
vt 0.251573 0.313069
vt 0.266953 0.315228
vt 0.261229 0.322537
vt 0.277088 0.324121
vt 0.314130 0.342762
vt 0.326434 0.344791
vt 0.343401 0.347844
vt 0.314800 0.383639
vt 0.324956 0.386604
vt 0.304228 0.388249
vt 0.317357 0.402213
vt 0.335713 0.387522
vt 0.338569 0.399915
vt 0.305055 0.367706
vt 0.357260 0.355910
vt 0.368852 0.369206
vt 0.381811 0.360429
vt 0.353010 0.322051
vt 0.353990 0.387851
vt 0.439268 0.092285
vt 0.418747 0.089661
vt 0.435650 0.142184
vt 0.457064 0.127208
vt 0.466465 0.158941
vt 0.422940 0.079882
vt 0.396455 0.077850
vt 0.410016 0.147154
vt 0.416291 0.174075
vt 0.439428 0.173358
vt 0.402797 0.068855
vt 0.392374 0.053051
vt 0.390769 0.091100
vt 0.381836 0.156532
vt 0.442838 0.083889
vt 0.451987 0.091974
vt 0.392589 0.178523
vt 0.349501 0.170822
vt 0.368841 0.196142
vt 0.331901 0.127393
vt 0.320730 0.142262
vt 0.437381 0.046199
vt 0.424640 0.037872
vt 0.440462 0.040297
vt 0.428036 0.033223
vt 0.439733 0.017210
vt 0.451073 0.019969
vt 0.442014 0.002973
vt 0.457569 0.006066
vt 0.460424 0.027307
vt 0.470283 0.019719
vt 0.405488 0.032325
vt 0.456324 0.048747
vt 0.420804 0.013755
vt 0.472878 0.041677
vt 0.455133 0.054971
vt 0.466559 0.059046
vt 0.470046 0.113180
vt 0.463668 0.126954
vt 0.472358 0.155385
vt 0.486417 0.126078
vt 0.492656 0.143139
vt 0.482450 0.166169
vt 0.498539 0.154621
vt 0.501543 0.152950
vt 0.497025 0.141579
vt 0.511890 0.147196
vt 0.512075 0.136208
vt 0.525633 0.130466
vt 0.525715 0.148941
vt 0.515514 0.117784
vt 0.506538 0.124673
vt 0.505362 0.167249
vt 0.490944 0.125762
vt 0.486827 0.113682
vt 0.477779 0.169522
vt 0.453135 0.190919
vt 0.499435 0.111595
vt 0.339314 0.110540
vt 0.364609 0.105147
vt 0.361850 0.096013
vt 0.385354 0.083132
vt 0.338571 0.100645
vt 0.317087 0.088615
vt 0.352348 0.064552
vt 0.366701 0.055689
vt 0.379490 0.040867
vt 0.336012 0.066562
vt 0.348282 0.054413
vt 0.332976 0.058092
vt 0.315641 0.067409
vt 0.322519 0.028918
vt 0.334279 0.019491
vt 0.312805 0.017629
vt 0.329142 0.003611
vt 0.350666 0.019543
vt 0.351497 0.002973
vt 0.367539 0.017929
vt 0.363093 0.047556
vt 0.309066 0.040122
vt 0.329978 0.109182
vt 0.323485 0.125199
vt 0.297823 0.104507
vt 0.296063 0.090372
vt 0.294494 0.117643
vt 0.313917 0.139943
vt 0.290451 0.131957
vt 0.288188 0.115161
vt 0.291885 0.102672
vt 0.281249 0.087088
vt 0.271433 0.096352
vt 0.284687 0.128676
vt 0.283182 0.140270
vt 0.264291 0.089498
vt 0.254732 0.101015
vt 0.266465 0.106611
vt 0.252801 0.116391
vt 0.264834 0.117374
vt 0.261781 0.131401
vt 0.307561 0.152753
vt 0.325660 0.172750
vt 0.338379 0.193915
vt 0.355086 0.206117
vt 0.402325 0.373295
vt 0.451770 0.347059
vt 0.672190 0.978015
vt 0.649830 0.983489
vt 0.673242 0.988847
vt 0.667427 0.929287
vt 0.041750 0.767451
vt 0.068242 0.767250
vt 0.023610 0.786807
vt 0.044662 0.775693
vt 0.067553 0.774870
vt 0.085120 0.783883
vt 0.089330 0.780409
vt 0.027438 0.790655
vt 0.099428 0.804020
vt 0.348587 0.970726
vt 0.028565 0.823357
vt 0.051547 0.812748
vt 0.022976 0.811459
vt 0.042785 0.834078
vt 0.058903 0.835624
vt 0.075612 0.829474
vt 0.089237 0.818482
vt 0.094640 0.804893
vt 0.081763 0.786770
vt 0.065952 0.778658
vt 0.045350 0.779399
vt 0.029849 0.792864
vt 0.580329 0.991766
vt 0.144721 0.155816
vt 0.785187 0.888655
vt 0.773289 0.919371
vt 0.742557 0.908628
vt 0.761734 0.952761
vt 0.772084 0.937804
vt 0.789637 0.917444
vt 0.784241 0.936873
vt 0.818619 0.917735
vt 0.788286 0.952686
vt 0.843889 0.925763
vt 0.851493 0.905753
vt 0.820895 0.890816
vt 0.707863 0.892469
vt 0.737615 0.886467
vt 0.708483 0.913469
vt 0.807030 0.977557
vt 0.745309 0.979042
vt 0.048981 0.861726
vt 0.034710 0.852231
vt 0.051238 0.895684
vt 0.031938 0.924443
vt 0.034408 0.927337
vt 0.018498 0.847003
vt 0.922374 0.982354
vt 0.922626 0.953360
vt 0.897392 0.952451
vt 0.923174 0.917079
vt 0.897795 0.916957
vt 0.892031 0.953619
vt 0.903616 0.983098
vt 0.907465 0.978699
vt 0.891609 0.917575
vt 0.922512 0.987028
vt 0.553393 0.054917
vt 0.575581 0.031149
vt 0.560737 0.023241
vt 0.584488 0.045419
vt 0.585068 0.062236
vt 0.577161 0.077095
vt 0.562879 0.086010
vt 0.546051 0.086585
vt 0.531193 0.078665
vt 0.522291 0.064376
vt 0.521728 0.047554
vt 0.529649 0.032708
vt 0.543927 0.023811
vt 0.590744 0.015184
vt 0.565894 0.001836
vt 0.605599 0.039169
vt 0.606476 0.067377
vt 0.593128 0.092252
vt 0.569123 0.107121
vt 0.540894 0.107988
vt 0.516019 0.094616
vt 0.501172 0.070597
vt 0.500328 0.042380
vt 0.513701 0.017529
vt 0.537698 0.002693
vt 0.546067 0.023241
vt 0.531223 0.031149
vt 0.522317 0.045419
vt 0.521736 0.062236
vt 0.529643 0.077095
vt 0.543925 0.086010
vt 0.560753 0.086585
vt 0.575611 0.078665
vt 0.584513 0.064376
vt 0.585076 0.047554
vt 0.577155 0.032708
vt 0.562877 0.023811
vt 0.516060 0.015184
vt 0.540910 0.001836
vt 0.501205 0.039169
vt 0.500328 0.067377
vt 0.513676 0.092252
vt 0.537681 0.107121
vt 0.565910 0.107988
vt 0.590785 0.094616
vt 0.605632 0.070597
vt 0.606476 0.042380
vt 0.593103 0.017529
vt 0.569106 0.002693
vt 0.929634 0.845242
vt 0.944075 0.836316
vt 0.925279 0.839104
vt 0.939292 0.830701
vt 0.956273 0.823496
vt 0.950262 0.819201
vt 0.964229 0.807433
vt 0.957239 0.805051
vt 0.966975 0.789630
vt 0.959593 0.789466
vt 0.964227 0.771849
vt 0.957122 0.773953
vt 0.956294 0.755901
vt 0.950085 0.760115
vt 0.944027 0.743639
vt 0.938953 0.749392
vt 0.921419 0.733662
vt 0.914886 0.733662
vt 0.873015 0.733661
vt 0.859178 0.757839
vt 0.866212 0.760671
vt 0.852331 0.773222
vt 0.859483 0.775175
vt 0.849841 0.790600
vt 0.880566 0.733661
vt 0.857258 0.790660
vt 0.852834 0.808217
vt 0.859921 0.806067
vt 0.861018 0.824150
vt 0.867169 0.819989
vt 0.873379 0.836859
vt 0.878304 0.831208
vt 0.888015 0.845644
vt 0.892310 0.839325
vt 0.802670 0.809646
vt 0.800962 0.805244
vt 0.790495 0.806436
vt 0.789781 0.811755
vt 0.523310 0.797316
vt 0.531208 0.802061
vt 0.534303 0.793536
vt 0.722157 0.788654
vt 0.724140 0.783021
vt 0.755604 0.785896
vt 0.755000 0.790067
vt 0.770121 0.788595
vt 0.770977 0.793035
vt 0.789523 0.810668
vt 0.530316 0.753002
vt 0.523292 0.760365
vt 0.534508 0.760751
vt 0.722292 0.770611
vt 0.754793 0.775731
vt 0.756336 0.774570
vt 0.772258 0.779974
vt 0.775897 0.779717
vt 0.803324 0.806319
vt 0.722236 0.769845
vt 0.525231 0.702154
vt 0.524527 0.740247
vt 0.717372 0.736313
vt 0.716843 0.714616
vt 0.753410 0.728465
vt 0.750022 0.709293
vt 0.776186 0.719147
vt 0.764804 0.704169
vt 0.798053 0.668591
vt 0.780637 0.666455
vt 0.872768 0.765218
vt 0.866640 0.777330
vt 0.865860 0.790528
vt 0.867292 0.803600
vt 0.873474 0.815374
vt 0.883052 0.824669
vt 0.895003 0.831003
vt 0.907055 0.832413
vt 0.879825 0.757002
vt 0.889066 0.750881
vt 0.901025 0.746592
vt 0.913367 0.746659
vt 0.923306 0.748813
vt 0.934598 0.755146
vt 0.944049 0.764415
vt 0.949939 0.776296
vt 0.951635 0.789529
vt 0.950103 0.802838
vt 0.944201 0.814964
vt 0.934485 0.824367
vt 0.922732 0.831714
vt 0.870510 0.763694
vt 0.863998 0.776566
vt 0.863168 0.790592
vt 0.864691 0.804485
vt 0.871261 0.816998
vt 0.881440 0.826875
vt 0.894141 0.833608
vt 0.906949 0.835106
vt 0.923610 0.834363
vt 0.936100 0.826554
vt 0.946425 0.816561
vt 0.952698 0.803674
vt 0.954326 0.789531
vt 0.952524 0.775468
vt 0.946264 0.762841
vt 0.936220 0.752990
vt 0.924220 0.746260
vt 0.913656 0.743971
vt 0.900541 0.743900
vt 0.887831 0.748458
vt 0.878010 0.754963
vn 0.461300 -0.541900 0.702500
vn 0.601200 -0.584500 0.544900
vn 0.624900 -0.602000 0.497100
vn 0.443800 0.085100 0.892100
vn 0.464500 0.544700 0.698200
vn 0.700100 -0.513100 0.496600
vn 0.737000 0.551000 0.391500
vn -0.088300 0.993900 -0.066100
vn 0.206100 0.855600 -0.474900
vn 0.970200 0.240800 0.024900
vn 0.150200 0.897300 0.415100
vn -0.093900 0.925400 0.367100
vn -0.438400 0.861800 -0.255000
vn -0.093800 0.925400 0.367100
vn -0.328900 0.754900 -0.567300
vn 0.227700 0.423200 -0.877000
vn 0.931200 -0.150600 -0.332100
vn 0.678000 -0.469800 0.565300
vn 0.167700 -0.294800 -0.940700
vn 0.884600 -0.462400 0.060800
vn 0.687500 -0.394000 0.610100
vn 0.553500 -0.650100 0.520700
vn 0.576500 -0.358200 0.734400
vn 0.738900 -0.497000 0.455000
vn 0.561100 -0.441300 0.700300
vn 0.609000 -0.778300 -0.152900
vn 0.884500 -0.462500 0.060800
vn 0.256700 -0.633900 -0.729600
vn -0.303600 0.188800 -0.933900
vn -0.218100 -0.533700 -0.817100
vn 0.022300 -0.770400 -0.637200
vn -0.096000 -0.866000 -0.490800
vn -0.362700 -0.605100 -0.708800
vn -0.411100 -0.309300 -0.857500
vn -0.454300 -0.444600 -0.772000
vn 0.628000 -0.057700 0.776100
vn 0.820900 -0.526000 0.222200
vn 0.729800 -0.672200 0.124900
vn 0.595900 -0.714600 0.366300
vn 0.613000 -0.584900 0.531200
vn 0.322800 -0.693400 0.644300
vn 0.515800 -0.542000 0.663400
vn 0.793800 0.006200 0.608200
vn 0.107200 -0.951400 0.288800
vn 0.087700 -0.996000 -0.019300
vn 0.520500 -0.415300 0.746100
vn -0.322400 -0.878700 -0.352100
vn -0.323200 -0.728700 -0.603700
vn -0.081600 -0.959700 0.269000
vn -0.111400 -0.930400 0.349300
vn -0.472100 -0.817800 -0.329300
vn -0.519400 -0.549200 -0.654700
vn 0.250500 -0.961100 -0.116600
vn -0.068300 -0.956300 -0.284200
vn 0.312700 -0.949100 -0.036900
vn 0.324100 -0.930900 -0.168500
vn 0.395500 -0.918400 -0.004700
vn 0.650000 -0.759900 0.006000
vn 0.346600 -0.937600 -0.029100
vn 0.141400 -0.989900 -0.004700
vn 0.164600 -0.986000 0.026000
vn 0.380700 -0.881000 -0.280900
vn 0.765100 -0.623400 -0.161200
vn 0.199400 -0.979500 -0.028200
vn 0.502100 -0.475400 -0.722400
vn 0.260200 -0.666900 -0.698200
vn 0.227500 -0.209000 -0.951100
vn 0.486300 -0.028800 -0.873300
vn 0.871000 -0.141300 -0.470500
vn 0.898900 0.155300 -0.409700
vn 0.773300 0.386000 -0.503000
vn 0.350100 0.291700 -0.890100
vn 0.392100 0.589800 -0.706000
vn 0.827600 0.496500 -0.261800
vn 0.771700 0.583200 -0.253600
vn 0.417500 0.841400 -0.343200
vn 0.488700 0.872300 0.017200
vn 0.929200 0.368600 0.027800
vn 0.573100 0.768200 0.285400
vn 0.930900 0.268300 0.248000
vn 0.479000 0.554100 0.680800
vn 0.785900 -0.112100 0.608100
vn 0.839900 -0.537500 0.075100
vn 0.454200 -0.803100 0.385800
vn 0.358300 -0.933500 -0.011100
vn 0.143200 -0.989200 0.031400
vn 0.369800 -0.919700 -0.132000
vn 0.102800 -0.967700 -0.230400
vn 0.230900 -0.930100 -0.285600
vn 0.024000 -0.942800 -0.332500
vn 0.254600 -0.840000 0.479100
vn 0.890400 -0.453000 -0.045200
vn 0.949900 0.266300 0.163300
vn 0.117500 -0.900000 -0.419800
vn 0.056200 -0.943900 -0.325400
vn 0.030100 -0.970500 -0.239300
vn 0.327800 -0.619200 0.713500
vn 0.827200 0.511800 0.231900
vn 0.893900 0.437200 0.099000
vn 0.245500 0.856600 0.453800
vn 0.926700 0.374100 0.034700
vn 0.972900 0.227200 -0.043400
vn 0.891200 0.453600 -0.000300
vn 0.478900 0.754800 0.448300
vn 0.801700 0.542400 0.251000
vn 0.918700 0.394800 0.002700
vn 0.958500 0.283900 -0.024500
vn 0.484200 0.445000 0.753400
vn 0.152200 0.613500 0.774900
vn 0.137500 0.858200 0.494600
vn 0.064000 0.846700 0.528200
vn 0.046400 0.305400 0.951100
vn 0.110900 0.134600 0.984700
vn 0.055100 0.226400 0.972500
vn 0.421600 0.234000 0.876100
vn 0.676100 0.320100 0.663600
vn 0.646600 0.181700 0.740800
vn 0.318400 0.543300 0.776900
vn -0.009100 0.476700 0.879000
vn -0.121100 0.460300 0.879500
vn 0.094700 0.374100 0.922600
vn 0.162000 0.430000 0.888200
vn -0.176500 0.332200 0.926500
vn 0.669500 0.375900 0.640600
vn 0.775900 0.202800 0.597400
vn 0.780500 0.163100 0.603500
vn 0.686500 0.324500 0.650700
vn 0.904200 0.102800 0.414500
vn 0.890700 0.130500 0.435500
vn 0.951500 -0.038100 0.305200
vn 0.986600 -0.054500 0.154000
vn 0.924400 -0.345300 0.161900
vn 0.960200 -0.278100 -0.025000
vn 0.838100 -0.534400 0.109400
vn 0.817500 -0.562700 0.123000
vn 0.804800 0.288200 0.518800
vn 0.606000 0.315900 0.730100
vn 0.925400 -0.024400 0.378100
vn 0.738400 -0.003200 0.674400
vn 0.440800 0.276100 0.854100
vn 0.511200 0.358700 0.781000
vn 0.281000 0.428400 0.858800
vn 0.428200 0.418800 0.800800
vn 0.176500 0.479500 0.859600
vn 0.310500 0.586600 0.748000
vn 0.507600 0.677700 0.532100
vn 0.550600 -0.272100 0.789100
vn 0.372500 -0.043800 0.927000
vn 0.343600 -0.404400 0.847600
vn 0.193100 -0.129700 0.972600
vn 0.299400 0.820800 0.486500
vn 0.222400 0.572700 0.789000
vn 0.265400 0.750800 0.604900
vn 0.406700 -0.568700 0.715000
vn 0.431300 -0.219500 0.875100
vn 0.572600 -0.624600 0.531000
vn 0.750400 -0.453600 0.480800
vn 0.483700 -0.423900 0.765800
vn 0.342000 0.025900 0.939300
vn 0.095300 0.742200 0.663400
vn 0.373700 -0.591300 0.714600
vn 0.194800 -0.638800 0.744300
vn 0.176700 0.233600 0.956200
vn 0.055900 0.794200 0.605100
vn 0.176700 0.233500 0.956200
vn 0.113100 0.714100 0.690800
vn 0.311700 0.908200 0.279400
vn 0.578700 -0.774300 0.256300
vn 0.456400 -0.866300 0.203000
vn 0.791300 -0.511900 0.334400
vn 0.480500 -0.847200 0.226600
vn 0.347600 -0.937600 0.003600
vn 0.378000 -0.915700 -0.136000
vn 0.949900 -0.120600 0.288200
vn 0.229800 -0.970700 0.070900
vn 0.264800 -0.944100 0.196300
vn 0.445800 -0.743100 0.499100
vn 0.217200 -0.884800 0.412200
vn 0.136800 -0.971100 0.195700
vn 0.143700 -0.979400 0.141800
vn 0.135000 -0.904100 0.405500
vn 0.160800 -0.935900 0.313500
vn 0.204200 -0.924000 0.323300
vn 0.100500 -0.938500 0.330200
vn 0.001200 -0.956100 0.292900
vn 0.279400 -0.919600 0.276200
vn -0.158200 -0.935900 0.314800
vn 0.001300 -0.956100 0.292900
vn -0.097700 -0.938500 0.331100
vn -0.201500 -0.924000 0.325000
vn -0.277100 -0.919600 0.278500
vn 0.169700 -0.297700 0.939500
vn 0.266400 -0.492100 0.828800
vn 0.438400 -0.480000 0.759900
vn 0.880100 0.403700 -0.249800
vn 0.963600 -0.237800 -0.122000
vn 0.997400 0.071500 -0.002300
vn 0.681300 0.657700 -0.321300
vn 0.958200 0.134200 0.252600
vn 0.844200 -0.487500 0.222900
vn 0.723100 0.677700 0.133600
vn 0.904600 0.186400 0.383300
vn 0.823500 -0.537500 0.181400
vn 0.549500 -0.529300 0.646400
vn 0.473200 0.241900 0.847100
vn 0.269800 -0.111700 0.956400
vn 0.274000 0.250200 0.928600
vn 0.483700 -0.830600 0.275800
vn 0.266100 -0.918300 0.293000
vn 0.264400 0.771900 0.578100
vn 0.611200 0.752500 0.245300
vn 0.462200 0.852500 -0.244200
vn 0.338500 0.805800 -0.485900
vn 0.194800 0.927100 -0.320200
vn 0.218200 0.969100 0.115300
vn 0.259300 0.876700 -0.405100
vn 0.379400 0.876600 -0.295900
vn 0.307600 0.891800 -0.331800
vn 0.598600 -0.799900 0.042300
vn 0.256500 -0.965300 0.049400
vn 0.237400 -0.970600 0.039300
vn -0.052100 0.924200 0.378400
vn -0.082200 0.894700 0.439000
vn -0.122600 0.919200 0.374300
vn -0.122000 0.935900 0.330600
vn 0.057000 0.923100 0.380400
vn 0.259600 0.902600 0.343400
vn 0.249700 0.549900 0.797000
vn 0.252100 0.965300 -0.068000
vn 0.252900 0.872500 -0.418200
vn 0.261300 0.167500 0.950600
vn 0.165200 0.564000 -0.809100
vn 0.113100 0.717800 -0.687000
vn 0.188900 0.259300 -0.947100
vn 0.194200 -0.838600 -0.508900
vn 0.237600 0.384700 0.892000
vn 0.601400 -0.155000 0.783800
vn 0.134900 -0.134200 0.981700
vn 0.062600 0.312800 0.947800
vn 0.588600 0.453900 0.669000
vn 0.895500 -0.139100 0.422900
vn -0.025300 0.676700 0.735800
vn 0.128200 0.645700 0.752800
vn 0.026700 0.477200 0.878400
vn 0.258200 0.408900 0.875300
vn 0.431200 0.383000 0.817000
vn 0.242200 0.670200 0.701600
vn 0.243700 0.695100 0.676400
vn 0.281300 0.793600 0.539500
vn 0.781500 0.429200 0.452900
vn 0.276800 0.364000 0.889300
vn 0.097300 0.383900 0.918200
vn 0.287200 0.342500 0.894500
vn 0.135100 0.347700 0.927800
vn 0.578300 0.224100 0.784500
vn 0.648800 0.346500 0.677500
vn 0.764800 0.042600 0.642900
vn 0.924300 0.175400 0.339000
vn 0.392000 0.559300 0.730400
vn 0.332500 0.735500 0.590400
vn 0.707900 0.013400 0.706200
vn 0.980700 0.074400 0.181000
vn 0.718500 0.226500 0.657600
vn 0.334700 0.274500 0.901500
vn 0.930900 0.265700 0.250600
vn 0.958900 0.224000 -0.173900
vn 0.955600 0.247400 -0.159900
vn 0.762000 0.199200 -0.616200
vn 0.809900 0.060500 -0.583400
vn 0.397700 0.099800 -0.912100
vn 0.463300 -0.066300 -0.883700
vn 0.049200 0.051400 -0.997500
vn 0.081200 0.166100 -0.982800
vn 0.329300 0.227000 -0.916500
vn -0.066200 0.087600 -0.994000
vn 0.051500 0.062700 -0.996700
vn 0.316100 0.182900 -0.930900
vn 0.171800 -0.344100 -0.923100
vn 0.543400 -0.181200 -0.819700
vn 0.645400 0.383100 -0.660800
vn 0.867100 -0.098800 -0.488200
vn 0.822600 0.541400 -0.174000
vn 0.997300 -0.072700 0.013900
vn 0.863900 0.498400 0.072400
vn 0.395000 0.918500 0.018300
vn 0.460600 0.839100 -0.289300
vn -0.098500 0.036800 -0.994500
vn 0.531000 0.847300 -0.000700
vn 0.520400 0.788000 -0.329000
vn 0.484500 0.489900 -0.724700
vn 0.407600 0.639600 -0.651700
vn 0.561000 -0.125600 -0.818300
vn 0.805900 -0.213500 -0.552300
vn 0.884200 -0.037100 -0.465700
vn 0.993600 0.037900 -0.106100
vn 0.987500 0.073200 -0.140000
vn 0.943000 -0.022200 0.332000
vn 0.231800 -0.621500 -0.748300
vn 0.285200 0.222200 -0.932400
vn 0.590900 0.049400 -0.805200
vn 0.455200 -0.608400 -0.650100
vn 0.298800 0.577800 -0.759500
vn 0.552900 -0.816800 -0.164700
vn 0.987900 0.121400 0.096800
vn 0.631500 -0.732400 0.254500
vn 0.279300 -0.950200 0.138000
vn 0.257100 -0.950800 -0.172700
vn 0.621400 0.670600 -0.405200
vn 0.248300 0.912400 -0.325200
vn 0.482100 0.853100 0.199700
vn 0.625500 0.641500 0.444100
vn 0.254500 0.861700 0.438900
vn 0.754900 0.557500 0.345300
vn 0.231500 0.951900 0.200700
vn 0.220200 0.893000 0.392600
vn 0.987900 0.121300 0.096800
vn 0.864300 -0.272200 0.423000
vn 0.050300 -0.584700 -0.809700
vn 0.225300 -0.454000 -0.862100
vn 0.227300 -0.621600 -0.749700
vn 0.109200 -0.712100 -0.693500
vn 0.167900 -0.895700 -0.411700
vn 0.183600 -0.908200 -0.376100
vn 0.140900 -0.987400 -0.071700
vn 0.202400 -0.971500 -0.123600
vn 0.203500 -0.977600 0.054000
vn 0.219300 -0.973300 0.067900
vn 0.282000 0.009300 -0.959400
vn 0.500800 -0.014400 -0.865400
vn 0.581000 -0.493600 -0.647100
vn 0.791700 0.041300 -0.609600
vn 0.429100 0.046600 -0.902000
vn 0.739400 -0.052300 -0.671200
vn 0.295100 -0.210900 -0.931900
vn 0.120000 0.250800 -0.960600
vn 0.196100 0.053100 -0.979100
vn 0.766000 -0.333900 -0.549400
vn 0.983200 0.067900 -0.169700
vn 0.969200 -0.089800 -0.229500
vn 0.814400 -0.220400 -0.536800
vn 0.993000 -0.057500 -0.102800
vn 0.953300 -0.051300 0.297600
vn 0.859000 -0.081100 0.505600
vn 0.433800 -0.321600 0.841600
vn 0.357700 -0.016900 0.933700
vn -0.525800 -0.012600 0.850500
vn 0.021900 -0.715900 0.697900
vn 0.185500 -0.373800 -0.908800
vn 0.167300 -0.705000 -0.689200
vn -0.538300 -0.376000 -0.754200
vn -0.401700 -0.795800 -0.453200
vn -0.884100 -0.258700 -0.389100
vn -0.298400 -0.949200 -0.100200
vn -0.072600 -0.214900 -0.973900
vn -0.696900 -0.148800 -0.701600
vn -0.922800 -0.094500 -0.373500
vn 0.580700 -0.096300 -0.808400
vn -0.038400 0.142300 -0.989100
vn 0.689300 0.074800 -0.720600
vn 0.954100 -0.022000 -0.298600
vn 0.986200 0.061600 -0.154000
vn 0.897700 0.088500 0.431700
vn 0.786900 0.047700 0.615200
vn 0.173700 0.201900 0.963900
vn 0.084700 0.083600 0.992900
vn -0.768700 0.070200 0.635700
vn -0.626500 0.008200 0.779400
vn 0.186100 -0.079600 0.979300
vn 0.869400 -0.017900 0.493700
vn 0.978400 0.122700 -0.166500
vn 0.246900 0.453700 0.856200
vn -0.711500 -0.017100 0.702500
vn -0.806100 0.445600 0.389500
vn -0.975400 0.024500 0.219100
vn -0.976600 0.166400 0.136500
vn -0.928200 0.367200 0.059300
vn -0.748200 0.651400 0.126200
vn 0.887900 0.376800 0.263900
vn 0.942700 0.297000 -0.151900
vn 0.758400 0.406800 -0.509200
vn 0.704600 0.207000 -0.678700
vn 0.816800 0.552200 -0.167300
vn 0.567100 0.817200 0.102800
vn 0.087200 0.567700 -0.818600
vn 0.597000 0.663900 -0.450500
vn 0.054300 0.773800 -0.631100
vn 0.142300 0.275700 -0.950700
vn -0.739300 0.543100 -0.398000
vn -0.648400 0.473300 -0.596400
vn -0.935300 0.228400 -0.270300
vn -0.982300 0.097700 -0.159600
vn -0.656400 0.235900 -0.716600
vn -0.940900 0.096700 -0.324700
vn -0.806200 0.108400 -0.581600
vn -0.935200 0.003300 -0.354200
vn -0.992600 0.101100 -0.068000
vn -0.740300 0.348700 -0.574800
vn -0.809400 -0.535400 -0.241200
vn -0.012500 -0.565200 -0.824900
vn -0.380200 -0.889200 -0.254300
vn -0.606000 -0.795400 0.011900
vn -0.865200 -0.501400 -0.003900
vn 0.017800 0.447400 -0.894200
vn 0.763700 0.363300 -0.533600
vn 0.751300 -0.361500 -0.552200
vn 0.553800 -0.744500 -0.372800
vn -0.041200 -0.924300 -0.379500
vn 0.953400 -0.225100 -0.200700
vn 0.754800 -0.644500 -0.122400
vn 0.880100 -0.421900 0.217800
vn 0.555400 -0.809700 0.189600
vn 0.486400 -0.481400 0.729100
vn 0.251000 -0.852400 0.458800
vn -0.079100 -0.557800 0.826200
vn -0.045800 -0.862400 0.504100
vn -0.292100 -0.870700 0.395700
vn -0.668200 -0.530800 0.521400
vn -0.508900 -0.853600 0.111200
vn -0.794600 -0.606200 0.032600
vn -0.537800 -0.838300 -0.089700
vn -0.935000 -0.323100 -0.146400
vn 0.943600 0.308000 0.121400
vn -0.520200 0.400100 0.754500
vn 0.071900 0.470400 0.879500
vn 0.643900 0.314800 0.697400
vn 0.464200 0.865900 0.186100
vn -0.032800 0.917500 0.396400
vn 0.831100 0.537500 -0.143000
vn 0.512900 0.857600 -0.036600
vn -0.974100 0.199500 0.106700
vn -0.507500 0.834500 0.214700
vn -0.963700 0.264300 -0.037200
vn -0.619600 0.784600 0.023700
vn 0.090200 0.994800 0.047000
vn -0.049800 0.965200 0.256800
vn 0.152100 0.170300 -0.973600
vn 0.379000 0.157200 -0.911900
vn 0.304000 0.560500 -0.770400
vn 0.105400 0.645200 -0.756700
vn 0.019200 0.442700 -0.896500
vn -0.034600 0.190800 -0.981000
vn 0.126600 0.433400 -0.892300
vn 0.338300 0.245100 -0.908600
vn 0.697400 0.240600 -0.675000
vn 0.586800 0.616800 -0.524600
vn 0.895400 0.406700 -0.181200
vn 0.772000 0.599000 -0.212600
vn 0.720400 0.175000 -0.671100
vn 0.965900 0.157100 -0.205800
vn 0.805900 0.548200 0.223400
vn 0.961200 0.186800 0.203000
vn 0.569200 0.515400 0.640600
vn 0.772000 0.619600 0.141900
vn 0.673700 0.358400 0.646200
vn 0.104100 0.144500 -0.984000
vn -0.088700 0.141500 -0.986000
vn 0.307900 0.200800 0.930000
vn 0.176100 0.283000 0.942800
vn 0.179900 0.064900 0.981500
vn 0.175200 -0.154400 0.972300
vn 0.377800 -0.195700 0.905000
vn 0.170500 -0.354100 0.919500
vn 0.355500 -0.323700 0.876900
vn 0.690100 -0.102500 0.716400
vn 0.730300 -0.156600 0.665000
vn 0.962000 -0.047700 0.268800
vn 0.937100 0.141000 0.319200
vn 0.967100 -0.055900 -0.248300
vn 0.221100 -0.634600 0.740500
vn 0.126500 -0.627700 0.768100
vn 0.159100 -0.883400 0.440700
vn 0.163700 -0.907500 0.386900
vn 0.187000 -0.952700 0.239500
vn 0.206200 -0.944300 0.256400
vn -0.272300 -0.905100 0.326600
vn 0.352100 -0.730600 0.585000
vn 0.083600 -0.203300 -0.975500
vn -0.958500 -0.083300 0.272500
vn -0.963400 -0.059500 0.261300
vn -0.969600 -0.035400 0.242100
vn -0.968400 0.006500 0.249300
vn 0.681800 0.637200 0.359300
vn 0.647600 0.736200 -0.196800
vn 0.622200 0.721200 -0.304400
vn 0.687400 0.603800 0.403600
vn 0.265300 0.471100 -0.841200
vn 0.235800 0.439700 -0.866600
vn -0.204200 0.047500 -0.977800
vn -0.355900 -0.201900 -0.912500
vn -0.235300 -0.144500 -0.961100
vn 0.361700 0.461700 -0.810000
vn -0.616300 -0.572700 -0.540500
vn -0.587100 -0.601000 -0.542400
vn -0.138700 -0.198800 -0.970200
vn -0.651000 -0.602400 -0.462000
vn -0.708500 -0.638400 -0.300900
vn -0.684900 -0.654500 -0.320100
vn -0.553800 -0.631500 -0.542700
vn -0.096700 -0.195400 -0.976000
vn 0.439600 0.385100 -0.811400
vn 0.681500 0.707800 -0.185900
vn 0.716900 0.676600 -0.168000
vn 0.563400 0.661500 0.494900
vn 0.615700 0.565700 0.548600
vn 0.598800 0.694300 0.399200
vn 0.722000 0.674400 -0.154300
vn 0.463300 0.395200 -0.793200
vn -0.052500 -0.060400 -0.996800
vn 0.555200 0.513600 -0.654200
vn -0.117900 0.137600 0.983400
vn 0.172800 -0.051000 0.983600
vn 0.422500 0.165000 0.891200
vn -0.524400 -0.595200 0.608900
vn -0.612600 -0.490300 0.619900
vn -0.685900 -0.687700 0.238000
vn -0.685500 -0.676900 0.268100
vn -0.630400 -0.473100 0.615400
vn 0.015200 0.287800 0.957600
vn 0.572400 0.677800 0.461500
vn -0.036100 0.224200 0.973900
vn -0.691900 -0.695900 0.192500
vn -0.692300 -0.679600 0.242800
vn -0.581600 -0.679500 0.447300
vn -0.080700 -0.388300 0.918000
vn -0.715300 -0.680300 0.159500
vn -0.362600 -0.675700 0.641900
vn -0.221200 -0.731700 0.644700
vn 0.255900 -0.272800 0.927400
vn 0.464700 -0.177600 0.867500
vn -0.734300 -0.664500 0.138700
vn -0.622600 -0.481300 0.617000
vn -0.692400 -0.695900 0.190400
vn 0.519500 0.184500 0.834300
vn 0.613800 0.242700 0.751200
vn 0.699000 0.551600 0.455100
vn 0.690700 0.695200 -0.199000
vn 0.385800 0.528600 -0.756100
vn -0.304500 -0.030600 -0.952000
vn -0.679700 -0.445300 -0.582900
vn -0.825900 -0.479200 -0.296900
vn -0.780400 -0.605300 -0.156800
vn -0.819300 -0.561600 -0.115800
vn 0.060600 0.114200 -0.991600
vn 0.038600 0.637900 -0.769100
vn 0.060500 0.114200 -0.991600
vn 0.000700 -1.000000 -0.000200
vn 0.000400 -1.000000 -0.000400
vn 0.004200 -1.000000 0.002600
vn 0.001200 -1.000000 0.000000
vn 0.009500 -0.999900 0.007100
vn 0.013800 -0.999900 0.010200
vn 0.000600 -1.000000 0.000400
vn 0.000800 -1.000000 0.001100
vn 0.000700 -1.000000 0.002000
vn 0.013900 -0.999800 0.010500
vn -0.757400 -0.536400 0.372300
vn -0.715700 -0.698000 0.025100
vn -0.355500 -0.926200 0.125500
vn -0.565100 -0.596200 0.570300
vn -0.489200 -0.726300 -0.482800
vn -0.043000 -0.843000 -0.536200
vn -0.213100 -0.460200 -0.861900
vn -0.848600 -0.519700 -0.099400
vn -0.490800 -0.649900 -0.580300
vn -0.783500 -0.176000 0.595900
vn -0.693500 -0.138300 0.707000
vn -0.586600 -0.756800 0.288300
vn -0.475400 -0.731700 0.488500
vn -0.541100 -0.179600 0.821600
vn -0.403600 0.134800 0.905000
vn -0.215800 -0.202900 0.955100
vn -0.069200 -0.950600 -0.302600
vn -0.472500 -0.871100 -0.133600
vn -0.780500 -0.536700 -0.320700
vn -0.885900 -0.452100 -0.104100
vn -0.425500 -0.653000 -0.626500
vn -0.887500 -0.196600 -0.416900
vn -0.996100 -0.068000 -0.055600
vn 0.131900 -0.847700 -0.513800
vn 0.713500 -0.622900 -0.320900
vn 0.711400 -0.459000 -0.532200
vn 0.021100 -0.998000 -0.058900
vn 0.578300 -0.815700 0.015000
vn 0.387200 -0.827400 0.406800
vn -0.161700 -0.920500 0.355700
vn -0.626200 -0.768900 0.128800
vn -0.633800 -0.733900 -0.244300
vn 0.871700 -0.487900 0.044900
vn -0.763700 -0.637000 -0.105200
vn -0.953900 -0.299900 0.008500
vn 0.958200 -0.281900 -0.048600
vn 0.398700 -0.746500 0.532700
vn -0.713600 -0.700300 0.018700
vn -0.612100 -0.784400 -0.100200
vn -0.251600 -0.911700 -0.324800
vn -0.603900 -0.713100 -0.356100
vn -0.641000 -0.560100 -0.524800
vn -0.346700 -0.362400 -0.865100
vn -0.805400 -0.370400 -0.462700
vn -0.520800 -0.173900 -0.835800
vn -0.610200 -0.034800 -0.791500
vn -0.598200 -0.466900 -0.651300
vn -0.476800 -0.119900 -0.870800
vn -0.853200 -0.207800 -0.478400
vn -0.676400 -0.000500 -0.736500
vn -0.619000 -0.765200 -0.176800
vn -0.417100 -0.903600 -0.098000
vn -0.712100 -0.700800 0.040900
vn -0.425800 -0.583300 0.691700
vn 0.121500 -0.492200 0.861900
vn 0.445200 -0.204200 0.871800
vn -0.740400 -0.095200 -0.665400
vn -0.772900 -0.617300 0.147100
vn -0.822300 -0.437100 -0.364500
vn -0.561800 -0.724500 -0.399300
vn -0.426400 -0.904000 0.031800
vn -0.489500 -0.671100 0.556800
vn -0.290000 -0.793000 0.535700
vn -0.226000 -0.327500 0.917400
vn -0.162500 -0.355100 -0.920600
vn -0.279500 -0.344200 -0.896300
vn -0.541600 -0.419200 -0.728600
vn -0.790100 -0.612600 -0.020600
vn -0.540800 -0.540000 -0.644900
vn -0.594200 -0.803700 -0.030900
vn -0.074600 -0.841400 -0.535200
vn -0.188500 -0.977800 0.091600
vn -0.526500 -0.643300 0.555800
vn -0.226100 -0.665700 0.711100
vn -0.353100 -0.201800 -0.913600
vn -0.642400 -0.455000 0.616700
vn -0.150300 -0.245300 0.957700
vn 0.109800 0.014800 0.993800
vn -0.695300 -0.717300 0.046300
vn -0.445800 -0.181000 0.876600
vn 0.352000 0.517400 0.780000
vn 0.706300 0.650800 0.278700
vn 0.259900 0.717200 0.646600
vn 0.193700 0.411500 0.890600
vn -0.445400 0.545400 0.710000
vn 0.787900 0.555600 0.265500
vn 0.948500 0.297900 -0.107900
vn 0.631800 0.730100 0.260400
vn 0.498700 0.815000 0.295000
vn -0.266000 0.697700 0.665100
vn 0.824300 0.217600 -0.522600
vn 0.756100 -0.161900 -0.634100
vn 0.888900 0.411600 0.201000
vn 0.697200 0.704200 -0.134400
vn 0.257900 0.597900 0.759000
vn -0.014600 0.288400 0.957400
vn 0.675300 0.696500 -0.242500
vn 0.472800 0.540200 -0.696200
vn 0.332900 0.452500 -0.827300
vn 0.805600 0.540500 -0.242700
vn 0.355000 0.471000 -0.807600
vn 0.839200 0.431400 0.331000
vn 0.915600 0.018300 -0.401800
vn 0.937600 0.189100 0.291900
vn 0.873800 0.031100 -0.485300
vn 0.941600 -0.139900 -0.306400
vn 0.878300 -0.365400 0.308400
vn 0.701700 -0.672600 -0.234900
vn 0.558700 -0.692000 0.457100
vn 0.506400 -0.060600 0.860200
vn 0.201500 -0.382300 0.901800
vn 0.581500 -0.086000 -0.809000
vn 0.430400 0.221400 0.875000
vn 0.661800 -0.082300 -0.745200
vn 0.053500 0.197500 0.978900
vn 0.297600 0.385900 0.873200
vn -0.033600 0.343400 0.938600
vn 0.844200 -0.140200 0.517300
vn 0.756800 0.320400 0.569700
vn -0.303200 0.728400 0.614400
vn 0.450800 0.534000 0.715300
vn -0.193500 0.754800 0.626800
vn -0.729500 0.670000 0.137500
vn -0.707800 0.645200 0.287500
vn -0.596300 0.738600 0.314500
vn -0.018600 0.872000 0.489100
vn -0.715900 0.545600 0.435800
vn -0.044400 0.384800 0.921900
vn -0.360800 -0.106000 0.926600
vn -0.893300 -0.007000 0.449500
vn 0.420400 -0.131600 0.897700
vn 0.638200 0.454900 0.621100
vn -0.915500 0.401500 -0.026100
vn 0.471900 0.593400 0.652000
vn 0.891700 0.173100 0.418200
vn -0.835600 0.489000 0.250500
vn -0.788300 0.405900 0.462400
vn 0.888700 0.051900 0.455600
vn 0.925200 0.308600 -0.220800
vn 0.827200 0.512900 -0.229600
vn 0.882300 0.425100 -0.202000
vn 0.803200 0.387600 0.452400
vn 0.703500 0.282400 -0.652200
vn 0.810900 -0.105800 -0.575500
vn 0.885900 0.454600 -0.091800
vn 0.705500 0.233900 0.669000
vn 0.465300 0.162800 0.870100
vn 0.424700 0.155100 0.891900
vn 0.667500 0.186100 -0.720900
vn 0.956800 0.289400 0.026900
vn 0.616700 0.259500 -0.743200
vn 0.325700 0.105900 -0.939500
vn 0.741500 0.090200 -0.664900
vn 0.968200 -0.250300 -0.001700
vn 0.611800 -0.475300 -0.632300
vn 0.709600 -0.642300 0.289700
vn 0.683300 -0.063600 0.727300
vn 0.417300 -0.397800 0.817100
vn 0.303600 0.100700 0.947500
vn 0.653800 0.228400 0.721400
vn 0.282600 0.131700 -0.950100
vn 0.311700 0.021100 -0.949900
vn 0.911200 0.250100 0.327500
vn 0.801400 0.551900 -0.230500
vn 0.916700 0.113200 0.383100
vn 0.594000 0.000300 0.804500
vn 0.687800 -0.046900 0.724400
vn 0.838100 0.361000 -0.408900
vn 0.225200 0.565800 -0.793200
vn 0.319300 0.317200 -0.893000
vn 0.959700 0.118400 -0.254900
vn 0.918600 0.003200 0.395200
vn 0.713700 -0.092200 0.694400
vn 0.903100 -0.327100 0.278200
vn 0.417500 0.175900 -0.891500
vn -0.096000 0.227100 -0.969100
vn 0.634000 -0.674900 0.377600
vn 0.576700 -0.797700 -0.176000
vn 0.824000 -0.438400 -0.359000
vn 0.237300 -0.561300 -0.792800
vn 0.458800 0.033900 -0.887900
vn -0.066800 0.140300 -0.987800
vn -0.128100 0.311100 -0.941700
vn 0.128900 0.267200 -0.955000
vn 0.144000 0.298600 -0.943500
vn -0.022800 0.337100 -0.941200
vn -0.048400 -0.493800 -0.868200
vn 0.148800 -0.343200 -0.927400
vn -0.048500 -0.493800 -0.868200
vn -0.594600 0.129600 0.793500
vn -0.675100 -0.720200 -0.160000
vn -0.583500 -0.608900 -0.537300
vn -0.668800 -0.728700 -0.147200
vn -0.654700 -0.713300 -0.250000
vn -0.096300 0.703300 0.704300
vn 0.365800 0.624100 0.690400
vn -0.347400 0.472100 0.810200
vn -0.027000 0.614000 0.788800
vn 0.370700 0.569500 0.733600
vn 0.614200 0.432000 0.660300
vn 0.656900 0.420000 0.626100
vn -0.192100 0.540900 0.818900
vn 0.679200 0.223900 0.699000
vn -0.376700 0.273600 0.885000
vn -0.346600 0.933000 -0.096700
vn 0.001500 -0.986900 0.161500
vn 0.801700 0.593500 -0.070900
vn 0.291200 0.407900 0.865300
vn 0.987000 0.089000 0.134100
vn 0.401700 0.905300 -0.137900
vn 0.009900 0.998700 -0.050200
vn -0.305300 0.951300 0.043200
vn -0.564100 0.788700 0.244400
vn -0.879100 0.219900 0.422800
vn -0.651000 -0.544000 0.529400
vn -0.199800 -0.870200 0.450400
vn 0.443900 -0.808100 0.387300
vn 0.858000 -0.455800 0.236800
vn 0.963100 0.109300 -0.245900
vn 0.903500 0.325500 -0.278800
vn 0.584000 0.740900 -0.331700
vn 0.402100 0.853700 -0.330800
vn 0.069500 0.954800 -0.288900
vn -0.179100 0.955200 -0.235600
vn -0.739900 0.669000 -0.070400
vn -0.535200 0.835600 -0.123900
vn -0.983300 -0.127900 0.129400
vn -0.897000 -0.398000 0.192100
vn -0.538100 -0.809300 0.235500
vn -0.275500 -0.936600 0.216600
vn 0.224200 -0.963200 0.148600
vn 0.643700 -0.760000 0.089400
vn 0.632200 -0.772200 0.063900
vn 0.858000 -0.455900 0.236800
vn 0.946900 -0.315300 -0.062500
vn 0.730500 0.666600 -0.148500
vn 0.080500 0.360100 -0.929400
vn 0.495300 -0.700000 0.514400
vn 0.620500 -0.393100 0.678600
vn 0.472300 -0.874400 0.111200
vn -0.527500 0.833500 -0.164300
vn -0.880200 0.473500 -0.031200
vn -0.289700 0.902600 -0.318400
vn -0.404100 0.687100 0.603800
vn -0.627600 -0.103700 0.771600
vn -0.701100 -0.655700 -0.280200
vn -0.882400 -0.305700 -0.357600
vn -0.293600 -0.943400 0.154400
vn -0.119800 -0.809300 -0.575100
vn -0.027700 -0.950700 -0.308900
vn -0.079200 -0.811900 -0.578300
vn -0.117300 -0.619500 -0.776200
vn -0.126700 -0.641600 -0.756500
vn -0.207000 -0.682000 -0.701500
vn 0.315600 -0.067800 0.946500
vn -0.096900 0.776200 -0.623000
vn -0.245200 0.750700 -0.613400
vn -0.139300 0.979000 -0.149200
vn 0.013800 -0.952300 -0.304800
vn 0.085900 -0.615500 0.783400
vn 0.147900 -0.186200 0.971300
vn 0.085900 -0.615500 0.783500
vn 0.115800 -0.152000 0.981600
vn -0.404000 0.687100 0.603800
vn -0.157000 0.983100 0.094400
vn -0.225000 0.972500 0.059900
vn -0.370700 0.727100 -0.577800
vn 0.719700 0.331700 0.609900
vn 0.494300 0.807600 0.321600
vn 0.382300 -0.130500 0.914800
vn 0.216600 -0.245300 0.944900
vn 0.212400 -0.164100 0.963300
vn 0.334800 0.900400 0.278000
vn 0.236000 -0.825500 0.512800
vn -0.620800 -0.602000 0.502200
vn -0.596700 -0.584500 0.549800
vn -0.455500 -0.541900 0.706300
vn -0.436400 0.085100 0.895700
vn -0.458700 0.544700 0.702000
vn -0.695900 -0.513100 0.502400
vn -0.733700 0.551000 0.397600
vn 0.087800 0.993900 -0.066800
vn -0.210000 0.855600 -0.473200
vn -0.970000 0.240900 0.032900
vn -0.146700 0.897300 0.416300
vn 0.096900 0.925400 0.366300
vn 0.436300 0.861900 -0.258600
vn 0.324200 0.754900 -0.570100
vn -0.235000 0.423200 -0.875100
vn -0.933900 -0.150600 -0.324300
vn -0.673300 -0.469800 0.570900
vn -0.175500 -0.294800 -0.939300
vn -0.884000 -0.462500 0.068100
vn -0.682400 -0.394000 0.615700
vn -0.549100 -0.650100 0.525200
vn -0.570400 -0.358200 0.739100
vn -0.735100 -0.497000 0.461100
vn -0.555300 -0.441300 0.704900
vn -0.610200 -0.778300 -0.147900
vn -0.262700 -0.633900 -0.727400
vn 0.295900 0.188800 -0.936400
vn 0.211300 -0.533700 -0.818900
vn -0.027500 -0.770400 -0.637000
vn 0.092000 -0.866000 -0.491600
vn 0.356800 -0.605000 -0.711800
vn 0.403900 -0.309300 -0.860900
vn 0.447900 -0.444700 -0.775700
vn -0.621600 -0.057700 0.781200
vn -0.819100 -0.526000 0.229000
vn -0.728700 -0.672200 0.130900
vn -0.592900 -0.714600 0.371300
vn -0.608600 -0.584900 0.536200
vn -0.317400 -0.693400 0.646900
vn -0.510300 -0.542100 0.667700
vn -0.788700 0.006200 0.614700
vn -0.104800 -0.951400 0.289600
vn -0.087800 -0.996000 -0.018600
vn -0.514300 -0.415200 0.750400
vn 0.319400 -0.878700 -0.354700
vn 0.318200 -0.728700 -0.606400
vn 0.083800 -0.959700 0.268400
vn 0.114300 -0.930300 0.348400
vn 0.469300 -0.817800 -0.333200
vn 0.514000 -0.549200 -0.659000
vn -0.251400 -0.961100 -0.114500
vn -0.313000 -0.949100 -0.034400
vn 0.065900 -0.956300 -0.284700
vn -0.325400 -0.930900 -0.165900
vn -0.395600 -0.918400 -0.001500
vn -0.649900 -0.759900 0.011400
vn -0.346800 -0.937600 -0.026200
vn -0.141400 -0.989900 -0.003500
vn -0.164300 -0.986000 0.027300
vn -0.383000 -0.881000 -0.277700
vn -0.766400 -0.623400 -0.154900
vn -0.199600 -0.979500 -0.026500
vn -0.508000 -0.475400 -0.718300
vn -0.265900 -0.666900 -0.696100
vn -0.235300 -0.209000 -0.949200
vn -0.493600 -0.028800 -0.869200
vn -0.874900 -0.141300 -0.463300
vn -0.902300 0.155300 -0.402200
vn -0.777500 0.386000 -0.496600
vn -0.357500 0.291700 -0.887200
vn -0.397900 0.589800 -0.702700
vn -0.829800 0.496500 -0.254900
vn -0.773800 0.583300 -0.247200
vn -0.420300 0.841400 -0.339800
vn -0.488600 0.872300 0.021300
vn -0.928900 0.368600 0.035500
vn -0.570700 0.768200 0.290100
vn -0.928800 0.268300 0.255700
vn -0.473300 0.554100 0.684800
vn -0.780800 -0.112100 0.614600
vn -0.839200 -0.537500 0.082000
vn -0.451000 -0.803100 0.389500
vn -0.358400 -0.933500 -0.008200
vn -0.142900 -0.989200 0.032600
vn -0.370900 -0.919700 -0.129000
vn -0.104700 -0.967700 -0.229500
vn -0.233200 -0.930100 -0.283700
vn -0.026700 -0.942800 -0.332300
vn -0.250600 -0.840000 0.481200
vn -0.890700 -0.453000 -0.037800
vn -0.948600 0.266300 0.171200
vn -0.120900 -0.900000 -0.418800
vn -0.058900 -0.943900 -0.324900
vn -0.032100 -0.970500 -0.239000
vn -0.321900 -0.619200 0.716200
vn -0.825300 0.511800 0.238700
vn -0.241700 0.856600 0.455800
vn -0.893100 0.437200 0.106500
vn -0.926400 0.374200 0.042400
vn -0.973200 0.227200 -0.035400
vn -0.891200 0.453600 0.007100
vn -0.475200 0.754800 0.452200
vn -0.799600 0.542400 0.257600
vn -0.918700 0.394800 0.010200
vn -0.958700 0.283900 -0.016500
vn -0.477900 0.445000 0.757300
vn -0.145800 0.613500 0.776100
vn -0.133400 0.858100 0.495800
vn -0.059600 0.846700 0.528700
vn -0.038500 0.305400 0.951400
vn -0.102700 0.134600 0.985600
vn -0.047000 0.226400 0.972900
vn -0.414300 0.234000 0.879500
vn -0.670600 0.320100 0.669200
vn -0.640500 0.181700 0.746200
vn -0.311900 0.543200 0.779500
vn 0.016300 0.476700 0.878900
vn 0.128400 0.460300 0.878400
vn -0.087100 0.374100 0.923300
vn -0.154600 0.430000 0.889500
vn 0.184200 0.332200 0.925000
vn -0.664200 0.375900 0.646200
vn -0.770900 0.202800 0.603800
vn -0.775500 0.163100 0.610000
vn -0.681100 0.324500 0.656400
vn -0.900800 0.102800 0.422000
vn -0.887100 0.130500 0.442800
vn -0.949000 -0.038100 0.313100
vn -0.985300 -0.054500 0.162200
vn -0.923100 -0.345300 0.169600
vn -0.960400 -0.278100 -0.017100
vn -0.837200 -0.534500 0.116300
vn -0.816400 -0.562700 0.129700
vn -0.800500 0.288200 0.525400
vn -0.599900 0.315900 0.735000
vn -0.922300 -0.024300 0.385800
vn -0.732800 -0.003100 0.680500
vn -0.433700 0.276100 0.857700
vn -0.504800 0.358700 0.785200
vn -0.273900 0.428300 0.861100
vn -0.421600 0.418800 0.804300
vn -0.169500 0.479500 0.861000
vn -0.304200 0.586600 0.750600
vn -0.503200 0.677700 0.536300
vn -0.544100 -0.272100 0.793700
vn -0.364800 -0.043800 0.930100
vn -0.336600 -0.404400 0.850400
vn -0.185000 -0.129700 0.974100
vn -0.295300 0.820800 0.489000
vn -0.215900 0.572700 0.790800
vn -0.260400 0.750800 0.607000
vn -0.400800 -0.568700 0.718300
vn -0.424100 -0.219500 0.878600
vn -0.568200 -0.624600 0.535700
vn -0.746400 -0.453600 0.487000
vn -0.477300 -0.423900 0.769700
vn -0.334200 0.025900 0.942100
vn -0.089800 0.742200 0.664200
vn -0.367800 -0.591300 0.717700
vn -0.188600 -0.638800 0.745900
vn -0.168700 0.233600 0.957600
vn -0.107300 0.714100 0.691700
vn -0.168700 0.233500 0.957600
vn -0.050900 0.794200 0.605600
vn -0.309400 0.908100 0.282000
vn -0.332400 0.900400 0.280800
vn -0.491600 0.807600 0.325700
vn -0.714600 0.331700 0.615900
vn -0.374700 -0.130500 0.917900
vn -0.208800 -0.245300 0.946700
vn -0.204400 -0.164000 0.965000
vn -0.213700 -0.884800 0.414000
vn -0.441600 -0.743100 0.502800
vn -0.263100 -0.944100 0.198500
vn -0.454700 -0.866300 0.206800
vn -0.131600 -0.904100 0.406600
vn -0.135100 -0.971100 0.196900
vn -0.576500 -0.774300 0.261100
vn -0.788500 -0.511900 0.340900
vn -0.478600 -0.847200 0.230600
vn -0.347500 -0.937700 0.006500
vn -0.229200 -0.970700 0.072800
vn -0.142500 -0.979400 0.142900
vn -0.379200 -0.915700 -0.132900
vn -0.947500 -0.120600 0.296100
vn -0.432100 -0.480000 0.763500
vn -0.259500 -0.492100 0.831000
vn -0.162000 -0.297700 0.940800
vn -0.336500 -0.404400 0.850400
vn -0.882200 0.403700 -0.242500
vn -0.683900 0.657700 -0.315600
vn -0.997400 0.071500 0.005900
vn -0.964600 -0.237800 -0.114000
vn -0.956100 0.134200 0.260500
vn -0.842300 -0.487500 0.229900
vn -0.721900 0.677700 0.139600
vn -0.901400 0.186400 0.390800
vn -0.822000 -0.537500 0.188200
vn -0.544100 -0.529300 0.651000
vn -0.466100 0.242000 0.851000
vn -0.261900 -0.111700 0.958600
vn -0.266300 0.250100 0.930900
vn -0.481400 -0.830600 0.279800
vn -0.263700 -0.918300 0.295200
vn -0.259600 0.771900 0.580300
vn -0.609200 0.752500 0.250400
vn -0.464200 0.852500 -0.240300
vn -0.342500 0.805800 -0.483100
vn -0.197400 0.927100 -0.318500
vn -0.217300 0.969100 0.117100
vn -0.262700 0.876700 -0.403000
vn -0.381800 0.876600 -0.292800
vn -0.310400 0.891800 -0.329200
vn -0.598200 -0.799900 0.047200
vn -0.256100 -0.965300 0.051500
vn -0.237100 -0.970600 0.041200
vn 0.055200 0.924200 0.377900
vn 0.124800 0.935900 0.329500
vn 0.125700 0.919200 0.373300
vn 0.085900 0.894700 0.438300
vn -0.053900 0.923100 0.380800
vn -0.256700 0.902600 0.345500
vn -0.243100 0.549900 0.799000
vn -0.252700 0.965300 -0.065900
vn -0.256300 0.872500 -0.416100
vn -0.253500 0.167500 0.952700
vn -0.118800 0.717800 -0.686000
vn -0.171900 0.564000 -0.807700
vn -0.196700 0.259400 -0.945500
vn -0.198400 -0.838600 -0.507300
vn -0.230200 0.384700 0.893900
vn -0.054700 0.312800 0.948200
vn -0.126700 -0.134300 0.982800
vn -0.594800 -0.154900 0.788800
vn -0.583000 0.453900 0.673800
vn -0.891900 -0.139000 0.430300
vn 0.031400 0.676700 0.735600
vn -0.122000 0.645700 0.753800
vn -0.019400 0.477200 0.878600
vn -0.251000 0.408900 0.877400
vn -0.424400 0.383000 0.820500
vn -0.236400 0.670200 0.703600
vn -0.238100 0.695100 0.678400
vn -0.276800 0.793600 0.541800
vn -0.777700 0.429200 0.459300
vn -0.269400 0.364000 0.891600
vn -0.089700 0.383900 0.919000
vn -0.279800 0.342500 0.896900
vn -0.127400 0.347700 0.928900
vn -0.571800 0.224100 0.789200
vn -0.643200 0.346500 0.682800
vn -0.759400 0.042600 0.649200
vn -0.921400 0.175400 0.346700
vn -0.385900 0.559300 0.733600
vn -0.327600 0.735500 0.593100
vn -0.702000 0.013400 0.712000
vn -0.979100 0.074400 0.189100
vn -0.713100 0.226500 0.663500
vn -0.327300 0.274500 0.904200
vn -0.928800 0.265700 0.258300
vn -0.960400 0.224000 -0.165900
vn -0.956900 0.247400 -0.152000
vn -0.767100 0.199200 -0.609900
vn -0.814700 0.060500 -0.576700
vn -0.405300 0.099800 -0.908700
vn -0.470600 -0.066300 -0.879900
vn -0.057400 0.051400 -0.997000
vn -0.089300 0.166100 -0.982100
vn -0.336900 0.227000 -0.913800
vn 0.058000 0.087600 -0.994500
vn -0.059700 0.062700 -0.996200
vn -0.323800 0.182900 -0.928300
vn -0.179500 -0.344100 -0.921600
vn -0.550200 -0.181200 -0.815100
vn -0.650800 0.383200 -0.655400
vn -0.871200 -0.098900 -0.480900
vn -0.824000 0.541400 -0.167100
vn -0.997100 -0.072700 0.022200
vn -0.863300 0.498400 0.079500
vn -0.394800 0.918500 0.021600
vn -0.463000 0.839100 -0.285500
vn 0.090300 0.036800 -0.995200
vn -0.531100 0.847300 0.003600
vn -0.523100 0.788000 -0.324700
vn -0.490500 0.489900 -0.720700
vn -0.413000 0.639600 -0.648300
vn -0.567700 -0.125600 -0.813600
vn -0.810400 -0.213500 -0.545600
vn -0.888000 -0.037100 -0.458300
vn -0.994500 0.038000 -0.097900
vn -0.988600 0.073200 -0.131800
vn -0.940300 -0.022200 0.339700
vn -0.238000 -0.621500 -0.746400
vn -0.460600 -0.608400 -0.646300
vn -0.597600 0.049400 -0.800300
vn -0.292900 0.222200 -0.930000
vn -0.305100 0.577800 -0.757000
vn -0.554300 -0.816800 -0.160100
vn -0.987000 0.121400 0.105000
vn -0.629300 -0.732500 0.259700
vn -0.278100 -0.950200 0.140300
vn -0.258500 -0.950800 -0.170600
vn -0.624700 0.670600 -0.400000
vn -0.251000 0.912400 -0.323200
vn -0.480400 0.853100 0.203700
vn -0.621800 0.641500 0.449300
vn -0.250800 0.861800 0.441000
vn -0.752100 0.557500 0.351600
vn -0.229800 0.951900 0.202600
vn -0.216900 0.893000 0.394400
vn -0.860800 -0.272200 0.430100
vn -0.987000 0.121300 0.105000
vn -0.057000 -0.584600 -0.809300
vn -0.115000 -0.712100 -0.692600
vn -0.233500 -0.621600 -0.747700
vn -0.232400 -0.454000 -0.860200
vn -0.171400 -0.895700 -0.410300
vn -0.186700 -0.908200 -0.374600
vn -0.141400 -0.987400 -0.070500
vn -0.203400 -0.971500 -0.122000
vn -0.203100 -0.977600 0.055600
vn -0.218700 -0.973300 0.069700
vn -0.290000 0.009300 -0.957000
vn -0.508000 -0.014400 -0.861200
vn -0.586400 -0.493600 -0.642300
vn -0.796700 0.041300 -0.603000
vn -0.436600 0.046600 -0.898500
vn -0.744900 -0.052300 -0.665100
vn -0.302900 -0.210900 -0.929400
vn -0.128000 0.250800 -0.959500
vn -0.204300 0.053000 -0.977500
vn -0.770500 -0.333900 -0.543000
vn -0.984500 0.067900 -0.161500
vn -0.971000 -0.089800 -0.221400
vn -0.818800 -0.220400 -0.530000
vn -0.993900 -0.057500 -0.094600
vn -0.950800 -0.051300 0.305500
vn -0.854700 -0.081100 0.512700
vn -0.426900 -0.321600 0.845200
vn -0.350000 -0.016900 0.936600
vn 0.532800 -0.012600 0.846200
vn -0.016100 -0.715900 0.698000
vn -0.193000 -0.373800 -0.907200
vn -0.173000 -0.705000 -0.687800
vn 0.532100 -0.376000 -0.758600
vn 0.397900 -0.795800 -0.456500
vn 0.880900 -0.258700 -0.396400
vn 0.297600 -0.949100 -0.102600
vn 0.064500 -0.214900 -0.974500
vn 0.691000 -0.148800 -0.707400
vn 0.919700 -0.094500 -0.381100
vn -0.587300 -0.096300 -0.803600
vn 0.030200 0.142300 -0.989400
vn -0.695300 0.074800 -0.714800
vn -0.956600 -0.022000 -0.290600
vn -0.987400 0.061600 -0.145800
vn -0.894100 0.088500 0.439100
vn -0.781800 0.047700 0.621700
vn -0.165700 0.201900 0.965300
vn -0.076500 0.083600 0.993600
vn 0.773900 0.070200 0.629400
vn 0.632900 0.008200 0.774200
vn -0.177900 -0.079600 0.980800
vn -0.865300 -0.017900 0.500900
vn -0.979700 0.122700 -0.158400
vn -0.239800 0.453700 0.858300
vn 0.717300 -0.017100 0.696600
vn 0.809300 0.445600 0.382800
vn 0.977200 0.024500 0.211000
vn 0.977700 0.166400 0.128400
vn 0.928700 0.367200 0.051600
vn 0.749200 0.651300 0.120000
vn -0.885700 0.376800 0.271300
vn -0.943900 0.297000 -0.144100
vn -0.762600 0.406800 -0.502900
vn -0.710200 0.207000 -0.672900
vn -0.818100 0.552200 -0.160500
vn -0.566300 0.817200 0.107500
vn -0.093900 0.567700 -0.817800
vn -0.600700 0.663900 -0.445500
vn -0.059500 0.773800 -0.630700
vn -0.150200 0.275700 -0.949500
vn 0.736000 0.543100 -0.404100
vn 0.643400 0.473300 -0.601700
vn 0.933000 0.228400 -0.278000
vn 0.981000 0.097700 -0.167700
vn 0.650400 0.235900 -0.722000
vn 0.938100 0.096700 -0.332500
vn 0.801400 0.108400 -0.588200
vn 0.932200 0.003300 -0.361900
vn 0.992000 0.101100 -0.076200
vn 0.735500 0.348700 -0.580900
vn 0.807400 -0.535400 -0.247900
vn 0.005600 -0.565200 -0.825000
vn 0.378100 -0.889200 -0.257500
vn 0.606000 -0.795400 0.006900
vn 0.865200 -0.501400 -0.011000
vn -0.025200 0.447400 -0.894000
vn -0.768100 0.363300 -0.527300
vn -0.755800 -0.361500 -0.545900
vn -0.556900 -0.744500 -0.368200
vn 0.038100 -0.924300 -0.379900
vn -0.955100 -0.225100 -0.192800
vn -0.755800 -0.644500 -0.116200
vn -0.878300 -0.421900 0.225100
vn -0.553800 -0.809700 0.194200
vn -0.480400 -0.481400 0.733100
vn -0.247100 -0.852400 0.460800
vn 0.086000 -0.557800 0.825500
vn 0.050000 -0.862400 0.503800
vn 0.295400 -0.870700 0.393200
vn 0.672500 -0.530800 0.515800
vn 0.509800 -0.853600 0.107000
vn 0.794900 -0.606200 0.026000
vn 0.537000 -0.838300 -0.094100
vn 0.933700 -0.323100 -0.154100
vn -0.942600 0.308000 0.129200
vn 0.526400 0.400100 0.750200
vn -0.064600 0.470400 0.880100
vn -0.638000 0.314900 0.702700
vn -0.462700 0.865900 0.189900
vn 0.036000 0.917500 0.396100
vn -0.832200 0.537500 -0.136200
vn -0.513200 0.857700 -0.032300
vn 0.974900 0.199500 0.098700
vn 0.509200 0.834500 0.210500
vn 0.963400 0.264300 -0.045100
vn 0.619700 0.784600 0.018600
vn -0.089800 0.994800 0.047700
vn 0.051900 0.965200 0.256400
vn -0.160200 0.170300 -0.972300
vn -0.111700 0.645200 -0.755800
vn -0.310300 0.560500 -0.767800
vn -0.386600 0.157200 -0.908800
vn -0.026600 0.442700 -0.896300
vn 0.026400 0.190800 -0.981300
vn -0.134000 0.433400 -0.891200
vn -0.345800 0.245100 -0.905700
vn -0.703000 0.240600 -0.669200
vn -0.591100 0.616800 -0.519700
vn -0.896900 0.406600 -0.173800
vn -0.773800 0.599000 -0.206100
vn -0.726000 0.175000 -0.665100
vn -0.967600 0.157000 -0.197800
vn -0.804000 0.548200 0.230100
vn -0.959500 0.186800 0.211000
vn -0.563800 0.515400 0.645300
vn -0.770800 0.619600 0.148300
vn -0.668300 0.358400 0.651800
vn -0.112200 0.144500 -0.983100
vn 0.080500 0.141500 -0.986700
vn -0.300200 0.200800 0.932500
vn -0.168300 0.283000 0.944200
vn -0.171700 0.065000 0.983000
vn -0.167200 -0.154400 0.973800
vn -0.370300 -0.195700 0.908100
vn -0.162900 -0.354100 0.920900
vn -0.348200 -0.323700 0.879800
vn -0.684100 -0.102500 0.722100
vn -0.724700 -0.156600 0.671000
vn -0.959700 -0.047600 0.276800
vn -0.934500 0.140900 0.326900
vn -0.969100 -0.055900 -0.240300
vn -0.215000 -0.634600 0.742300
vn -0.120100 -0.627700 0.769100
vn -0.155400 -0.883400 0.442000
vn -0.160500 -0.907500 0.388300
vn -0.185000 -0.952700 0.241000
vn -0.204000 -0.944300 0.258100
vn 0.274900 -0.905100 0.324300
vn -0.347300 -0.730600 0.587900
vn 0.965500 -0.059500 0.253400
vn 0.275000 -0.905100 0.324300
vn 0.960700 -0.083400 0.264600
vn 0.971600 -0.035400 0.234000
vn 0.970400 0.006500 0.241300
vn -0.678800 0.637200 0.364900
vn -0.684000 0.603800 0.409300
vn -0.624700 0.721200 -0.299200
vn -0.649200 0.736200 -0.191400
vn -0.272200 0.471100 -0.839000
vn -0.242900 0.439700 -0.864700
vn 0.196100 0.047500 -0.979400
vn 0.348300 -0.201900 -0.915400
vn 0.227300 -0.144500 -0.963000
vn -0.368400 0.461700 -0.806900
vn 0.611800 -0.572600 -0.545700
vn 0.582600 -0.601000 -0.547200
vn 0.130700 -0.198800 -0.971300
vn 0.647100 -0.602400 -0.467300
vn 0.705900 -0.638400 -0.306800
vn 0.682200 -0.654500 -0.325800
vn 0.549300 -0.631500 -0.547300
vn 0.088600 -0.195400 -0.976700
vn -0.446300 0.385100 -0.807800
vn -0.683000 0.707800 -0.180300
vn -0.718300 0.676600 -0.162100
vn -0.559400 0.661500 0.499500
vn -0.611200 0.565700 0.553600
vn -0.595400 0.694300 0.404200
vn -0.723300 0.674400 -0.148300
vn -0.469800 0.395200 -0.789400
vn 0.044200 -0.060400 -0.997200
vn -0.560600 0.513600 -0.649600
vn 0.126100 0.137600 0.982400
vn -0.164700 -0.051000 0.985000
vn -0.415100 0.165000 0.894700
vn 0.529400 -0.595200 0.604500
vn 0.617700 -0.490300 0.614800
vn 0.687900 -0.687700 0.232300
vn 0.687700 -0.676900 0.262400
vn 0.635500 -0.473100 0.610200
vn -0.007300 0.287800 0.957600
vn -0.568500 0.677800 0.466200
vn 0.044100 0.224200 0.973500
vn 0.693400 -0.695900 0.186800
vn 0.694200 -0.679600 0.237100
vn 0.585300 -0.679500 0.442400
vn 0.088400 -0.388300 0.917300
vn 0.716700 -0.680300 0.153500
vn 0.367900 -0.675600 0.638900
vn 0.226500 -0.731700 0.642800
vn -0.248200 -0.272800 0.929500
vn -0.457500 -0.177600 0.871300
vn 0.735500 -0.664500 0.132600
vn 0.627700 -0.481300 0.611800
vn 0.693900 -0.696000 0.184700
vn -0.512500 0.184500 0.838600
vn -0.607600 0.242700 0.756300
vn -0.695200 0.551600 0.460800
vn -0.692300 0.695200 -0.193300
vn -0.392000 0.528600 -0.752900
vn 0.296600 -0.030600 -0.954500
vn 0.674800 -0.445300 -0.588500
vn 0.823500 -0.479200 -0.303700
vn 0.779100 -0.605200 -0.163300
vn 0.818300 -0.561500 -0.122500
vn -0.091600 -0.203300 -0.974800
vn -0.044900 0.637900 -0.768800
vn -0.068800 0.114200 -0.991100
vn -0.000700 -1.000000 -0.000200
vn -0.001200 -1.000000 0.000000
vn -0.004100 -1.000000 0.002600
vn -0.000400 -1.000000 -0.000400
vn -0.009600 -0.999900 0.007200
vn -0.013800 -0.999900 0.010300
vn -0.000600 -1.000000 0.000300
vn -0.000700 -1.000000 0.001300
vn -0.000700 -1.000000 0.002000
vn -0.013800 -0.999800 0.010600
vn 0.760500 -0.536400 0.366100
vn 0.569800 -0.596200 0.565600
vn 0.356600 -0.926200 0.122500
vn 0.715800 -0.698000 0.019200
vn 0.485200 -0.726300 -0.486900
vn 0.038600 -0.843000 -0.536500
vn 0.206000 -0.460200 -0.863600
vn 0.847700 -0.519700 -0.106400
vn 0.486000 -0.649900 -0.584400
vn 0.788400 -0.176000 0.589400
vn 0.699400 -0.138300 0.701200
vn 0.589000 -0.756800 0.283500
vn 0.479400 -0.731700 0.484600
vn 0.547900 -0.179600 0.817000
vn 0.411100 0.134800 0.901600
vn 0.223700 -0.202900 0.953300
vn 0.066800 -0.950600 -0.303100
vn 0.471400 -0.871100 -0.137500
vn 0.777800 -0.536700 -0.327100
vn 0.885000 -0.452100 -0.111500
vn 0.420300 -0.653000 -0.630000
vn 0.884000 -0.196600 -0.424200
vn 0.995600 -0.068000 -0.063800
vn -0.136200 -0.847700 -0.512700
vn -0.716100 -0.622900 -0.314900
vn -0.715800 -0.459000 -0.526300
vn -0.021600 -0.998000 -0.058700
vn -0.578100 -0.815700 0.019700
vn -0.383800 -0.827400 0.410000
vn 0.164600 -0.920500 0.354300
vn 0.627300 -0.768900 0.123600
vn 0.631800 -0.733900 -0.249500
vn -0.871300 -0.487900 0.052100
vn 0.762800 -0.637000 -0.111500
vn 0.954000 -0.299900 0.000600
vn -0.958600 -0.281900 -0.040700
vn -0.394400 -0.746400 0.536000
vn 0.713700 -0.700300 0.012800
vn 0.611200 -0.784400 -0.105300
vn 0.248900 -0.911700 -0.326900
vn -0.394300 -0.746500 0.536000
vn 0.600900 -0.713100 -0.361100
vn 0.636600 -0.560100 -0.530100
vn 0.339500 -0.362400 -0.868000
vn 0.801600 -0.370300 -0.469400
vn 0.513800 -0.173900 -0.840100
vn 0.603600 -0.034800 -0.796500
vn 0.592800 -0.466900 -0.656200
vn 0.469600 -0.119900 -0.874700
vn 0.849200 -0.207800 -0.485500
vn 0.670300 -0.000500 -0.742100
vn 0.617500 -0.765200 -0.181900
vn 0.416200 -0.903600 -0.101400
vn 0.712400 -0.700900 0.034900
vn 0.431600 -0.583200 0.688200
vn -0.114400 -0.492200 0.862900
vn -0.438000 -0.204200 0.875500
vn 0.734900 -0.095200 -0.671500
vn 0.774100 -0.617300 0.140700
vn 0.819200 -0.437000 -0.371300
vn 0.558500 -0.724500 -0.403900
vn 0.426600 -0.904000 0.028300
vn 0.494000 -0.671200 0.552700
vn 0.294500 -0.793000 0.533300
vn 0.233600 -0.327500 0.915500
vn 0.535500 -0.419200 -0.733100
vn 0.272000 -0.344200 -0.898600
vn 0.154800 -0.355100 -0.921900
vn 0.789900 -0.612600 -0.027100
vn 0.695600 -0.717300 0.040500
vn 0.647500 -0.454900 0.611400
vn 0.158300 -0.245300 0.956400
vn -0.101500 0.014900 0.994700
vn 0.535500 -0.540000 -0.649300
vn 0.593900 -0.803700 -0.035800
vn 0.070100 -0.841400 -0.535800
vn 0.189200 -0.977800 0.090000
vn 0.531100 -0.643300 0.551400
vn 0.232000 -0.665700 0.709200
vn 0.345500 -0.201800 -0.916500
vn 0.453000 -0.181000 0.872900
vn -0.345600 0.517400 0.782900
vn -0.254500 0.717200 0.648700
vn -0.703900 0.650800 0.284600
vn -0.186300 0.411500 0.892200
vn 0.451300 0.545400 0.706300
vn -0.785700 0.555600 0.272000
vn -0.949300 0.297900 -0.100000
vn -0.629600 0.730100 0.265600
vn -0.496200 0.815000 0.299100
vn 0.271500 0.697700 0.662900
vn -0.828600 0.217600 -0.515800
vn -0.761300 -0.161900 -0.627800
vn -0.887200 0.411600 0.208300
vn -0.698300 0.704200 -0.128700
vn -0.251600 0.597900 0.761100
vn 0.022600 0.288400 0.957200
vn -0.677300 0.696500 -0.236900
vn -0.478500 0.540200 -0.692300
vn -0.339700 0.452500 -0.824500
vn -0.807600 0.540500 -0.236000
vn -0.361700 0.471000 -0.804600
vn -0.836500 0.431400 0.338000
vn -0.918900 0.018300 -0.394200
vn -0.935100 0.189100 0.299600
vn -0.877800 0.031100 -0.478000
vn -0.944100 -0.139800 -0.298600
vn -0.875700 -0.365400 0.315700
vn -0.703600 -0.672600 -0.229100
vn -0.554900 -0.692000 0.461700
vn -0.499200 -0.060600 0.864300
vn -0.194000 -0.382300 0.903400
vn -0.588200 -0.086000 -0.804100
vn -0.423200 0.221400 0.878600
vn -0.667900 -0.082300 -0.739700
vn -0.045400 0.197400 0.979300
vn -0.290400 0.385900 0.875700
vn 0.041400 0.343400 0.938300
vn -0.839900 -0.140200 0.524300
vn -0.752100 0.320400 0.575900
vn 0.308200 0.728400 0.611900
vn -0.444900 0.534000 0.719000
vn 0.198700 0.754800 0.625100
vn 0.730600 0.670000 0.131400
vn 0.710200 0.645200 0.281600
vn 0.598800 0.738600 0.309600
vn 0.022600 0.872000 0.488900
vn 0.719500 0.545600 0.429800
vn 0.052000 0.384800 0.921500
vn 0.368500 -0.105900 0.923600
vn 0.897000 -0.007000 0.442100
vn -0.412900 -0.131600 0.901200
vn -0.633000 0.454900 0.626400
vn 0.915200 0.401500 -0.033600
vn -0.466500 0.593500 0.655900
vn -0.888200 0.173100 0.425600
vn 0.837600 0.489000 0.243500
vn 0.792100 0.405900 0.455900
vn -0.884900 0.051900 0.462900
vn -0.927000 0.308600 -0.213100
vn -0.829100 0.512900 -0.222700
vn -0.883900 0.425200 -0.194700
vn -0.799400 0.387600 0.459100
vn -0.708900 0.282400 -0.646400
vn -0.815700 -0.105800 -0.568700
vn -0.886700 0.454600 -0.084500
vn -0.699900 0.234000 0.674800
vn -0.458000 0.162800 0.873900
vn -0.417300 0.155100 0.895400
vn -0.673500 0.186100 -0.715400
vn -0.956600 0.289400 0.034900
vn -0.622800 0.259500 -0.738100
vn -0.333400 0.105900 -0.936800
vn -0.747000 0.090200 -0.658700
vn -0.968100 -0.250300 0.006300
vn -0.617000 -0.475300 -0.627200
vn -0.707200 -0.642300 0.295500
vn -0.677300 -0.063600 0.733000
vn -0.410500 -0.397800 0.820500
vn -0.295700 0.100700 0.949900
vn -0.647800 0.228400 0.726800
vn -0.290500 0.131700 -0.947800
vn -0.319600 0.021100 -0.947300
vn -0.908400 0.250100 0.335100
vn -0.803300 0.551900 -0.223900
vn -0.913500 0.113200 0.390700
vn -0.587300 0.000500 0.809400
vn -0.681800 -0.047000 0.730000
vn -0.841500 0.361000 -0.402000
vn -0.231800 0.565800 -0.791300
vn -0.326700 0.317200 -0.890300
vn -0.961800 0.118400 -0.246900
vn -0.915300 0.003100 0.402800
vn -0.707900 -0.092200 0.700300
vn -0.900800 -0.327100 0.285700
vn -0.424900 0.175900 -0.888000
vn 0.088000 0.227100 -0.969900
vn -0.630900 -0.674800 0.382900
vn -0.578200 -0.797700 -0.171200
vn -0.826900 -0.438400 -0.352100
vn -0.243900 -0.561300 -0.790800
vn -0.466200 0.033900 -0.884100
vn 0.058600 0.140400 -0.988400
vn 0.120200 0.311100 -0.942700
vn -0.136800 0.267200 -0.953900
vn -0.151800 0.298600 -0.942200
vn 0.015000 0.337100 -0.941400
vn 0.041300 -0.493900 -0.868600
vn -0.156500 -0.343300 -0.926100
vn 0.601200 0.129500 0.788500
vn 0.673800 -0.720200 -0.165600
vn 0.667600 -0.728700 -0.152700
vn 0.579100 -0.608900 -0.542100
vn 0.652700 -0.713300 -0.255400
vn -0.360100 0.624100 0.693400
vn 0.102100 0.703300 0.703500
vn 0.354100 0.472100 0.807300
vn 0.033600 0.614000 0.788600
vn -0.364700 0.569500 0.736600
vn -0.608800 0.432000 0.665400
vn -0.651700 0.420000 0.631600
vn 0.198900 0.540900 0.817200
vn -0.673500 0.223900 0.704500
vn 0.384100 0.273600 0.881800
vn 0.345800 0.933000 -0.099600
vn -0.000200 -0.986900 0.161500
vn -0.802300 0.593500 -0.064300
vn -0.985800 0.089000 0.142300
vn -0.284100 0.407900 0.867700
vn -0.402900 0.905300 -0.134500
vn -0.010300 0.998700 -0.050100
vn 0.305700 0.951300 0.040600
vn 0.566100 0.788700 0.239700
vn 0.882600 0.219900 0.415500
vn 0.655300 -0.544000 0.524000
vn 0.203500 -0.870200 0.448800
vn -0.440700 -0.808100 0.391000
vn -0.856000 -0.455800 0.243900
vn -0.965100 0.109300 -0.238000
vn -0.905800 0.325500 -0.271300
vn -0.586800 0.740900 -0.326800
vn -0.404800 0.853700 -0.327500
vn -0.071900 0.954900 -0.288300
vn 0.177200 0.955200 -0.237100
vn 0.739300 0.669000 -0.076500
vn 0.534100 0.835600 -0.128300
vn 0.984400 -0.127900 0.121200
vn 0.898600 -0.398000 0.184700
vn 0.540100 -0.809300 0.231000
vn 0.277300 -0.936600 0.214300
vn -0.222900 -0.963200 0.150400
vn -0.631700 -0.772200 0.069200
vn -0.643000 -0.760000 0.094800
vn -0.947400 -0.315300 -0.054700
vn -0.856000 -0.455900 0.243900
vn -0.731700 0.666600 -0.142500
vn -0.088200 0.360100 -0.928700
vn -0.471400 -0.874400 0.115100
vn -0.614800 -0.393100 0.683700
vn -0.491100 -0.700000 0.518500
vn 0.526200 0.833500 -0.168700
vn 0.287100 0.902600 -0.320800
vn 0.880000 0.473500 -0.038500
vn 0.409100 0.687100 0.600500
vn 0.634000 -0.103700 0.766400
vn 0.698800 -0.655700 -0.286000
vn 0.879500 -0.305700 -0.364900
vn 0.294900 -0.943400 0.152000
vn 0.115000 -0.809200 -0.576100
vn 0.025100 -0.950700 -0.309100
vn 0.074400 -0.812000 -0.579000
vn 0.110800 -0.619500 -0.777100
vn 0.120400 -0.641600 -0.757500
vn 0.201200 -0.682000 -0.703100
vn -0.307700 -0.067800 0.949100
vn 0.091700 0.776200 -0.623800
vn 0.138000 0.979000 -0.150300
vn 0.240100 0.750700 -0.615400
vn 0.157600 0.983100 0.093100
vn 0.225400 0.972500 0.058000
vn 0.365900 0.727100 -0.580900
vn -0.079400 -0.615500 0.784200
vn -0.016300 -0.952300 -0.304700
vn 0.409100 0.687100 0.600400
vn -0.107500 -0.151900 0.982500
vn -0.139800 -0.186200 0.972500
vn -0.231700 -0.825500 0.514700
vn -0.336400 0.843600 0.418500
vn -0.220900 0.973100 0.065000
vn -0.696900 0.686300 0.208000
vn -0.182700 0.981400 -0.059100
vn -0.894900 0.437100 0.089900
vn -0.971900 0.081000 0.221200
vn -0.802500 0.248200 0.542500
vn -0.598300 0.532300 0.599000
vn -0.158500 0.975200 0.154200
vn -0.336500 0.843600 0.418500
vn -0.992000 0.000000 0.126300
vn -0.520800 0.356200 0.775900
vn 0.340000 0.843600 0.415700
vn 0.603200 0.532300 0.594000
vn 0.159800 0.975200 0.152900
vn 0.527200 0.356200 0.771500
vn 0.807000 0.248200 0.535900
vn 0.698600 0.686300 0.202200
vn 0.221400 0.973100 0.063200
vn 0.973700 0.081000 0.213200
vn 0.895600 0.437100 0.082400
vn 0.993000 0.000000 0.118100
vn 0.182200 0.981400 -0.060600
vn -0.126100 0.259200 0.957600
vn 0.289200 0.610800 0.737100
vn 0.040100 0.742300 0.668900
vn 0.433200 0.373800 0.820100
vn 0.434100 0.094600 0.895900
vn 0.291700 -0.152600 0.944300
vn 0.043700 -0.302000 0.952300
vn -0.244100 -0.313200 0.917800
vn -0.494600 -0.182800 0.849700
vn -0.640300 0.054800 0.766200
vn -0.641300 0.335700 0.689900
vn -0.497500 0.583900 0.641500
vn -0.247800 0.732700 0.633900
vn 0.366100 0.789700 0.492400
vn -0.007700 0.911400 0.411400
vn 0.620900 0.500300 0.603500
vn 0.688600 0.120800 0.715000
vn 0.551000 -0.247200 0.797100
vn 0.244900 -0.505000 0.827700
vn -0.147500 -0.583500 0.798600
vn -0.521300 -0.461700 0.717700
vn -0.776100 -0.172300 0.606600
vn -0.843800 0.207200 0.495100
vn -0.706200 0.575100 0.413000
vn -0.400100 0.832900 0.382400
vn 0.134000 0.259200 0.956500
vn -0.034600 0.742300 0.669200
vn -0.283100 0.610800 0.739500
vn -0.426400 0.373800 0.823700
vn -0.426700 0.094600 0.899400
vn -0.283900 -0.152600 0.946600
vn -0.035800 -0.302000 0.952700
vn 0.251800 -0.313200 0.915700
vn 0.501700 -0.182800 0.845500
vn 0.646600 0.054800 0.760900
vn 0.647000 0.335700 0.684600
vn 0.502800 0.583900 0.637400
vn 0.253100 0.732700 0.631800
vn -0.362000 0.789700 0.495400
vn 0.011100 0.911400 0.411400
vn -0.615900 0.500300 0.608600
vn -0.682700 0.120800 0.720700
vn -0.544400 -0.247200 0.801600
vn -0.238100 -0.504900 0.829700
vn 0.154200 -0.583500 0.797400
vn 0.527200 -0.461700 0.713300
vn 0.781100 -0.172300 0.600100
vn 0.847900 0.207200 0.488000
vn 0.709600 0.575100 0.407100
vn 0.403300 0.832900 0.379100
vn 0.885500 0.441100 -0.145900
vn 0.832500 0.528800 -0.165100
vn 0.769700 0.611700 -0.182600
vn 0.621100 0.754800 -0.211000
vn 0.535200 0.815000 -0.222000
vn 0.348800 0.906900 -0.236400
vn 0.299000 0.924000 -0.238400
vn 0.042400 0.970200 -0.238500
vn -0.062900 0.970200 -0.234000
vn 0.146200 0.959600 -0.240500
vn -0.268100 0.938600 -0.217400
vn -0.368000 0.906900 -0.205300
vn -0.552400 0.815000 -0.174900
vn -0.637000 0.754800 -0.156600
vn -0.774300 0.621700 -0.118200
vn -0.802400 0.586800 -0.108500
vn -0.874500 0.475500 -0.095300
vn -0.874500 0.475500 -0.095200
vn -0.872700 0.475300 -0.112300
vn -0.503200 -0.836700 0.216100
vn -0.475000 -0.850000 0.228000
vn -0.464900 -0.855300 0.228900
vn -0.348800 -0.906900 0.236400
vn -0.299000 -0.924000 0.238400
vn -0.042500 -0.970200 0.238600
vn -0.501400 -0.840100 0.207000
vn -0.042400 -0.970200 0.238600
vn 0.062900 -0.970200 0.234000
vn -0.146200 -0.959600 0.240500
vn 0.268100 -0.938500 0.217400
vn 0.368000 -0.906900 0.205300
vn 0.552400 -0.815000 0.174900
vn 0.637000 -0.754800 0.156600
vn 0.782600 -0.611700 0.115400
vn 0.843700 -0.528800 0.092500
vn 0.894800 -0.441100 0.068900
vn 0.011700 -0.991600 0.128800
vn 0.036800 -0.992900 0.112700
vn -0.013400 -0.989400 0.144800
vn 0.322900 -0.922600 0.211200
vn 0.319100 -0.915700 0.244200
vn 0.218700 -0.947000 0.235400
vn 0.069600 -0.941400 0.330000
vn 0.015300 -0.948700 0.315900
vn -0.036600 -0.875200 0.482300
vn -0.059400 -0.831900 0.551800
vn -0.043100 -0.601900 0.797400
vn 0.006300 -0.380000 0.925000
vn 0.032800 -0.144800 0.988900
vn 0.081100 -0.159500 0.983900
vn -0.100600 0.958600 -0.266600
vn -0.104700 0.967200 -0.231400
vn -0.100600 0.958600 -0.266500
vn -0.102400 0.921500 -0.374700
vn -0.110600 0.835800 -0.537800
vn -0.108000 0.816700 -0.566900
vn -0.113800 0.620900 -0.775600
vn -0.153800 0.437600 -0.885900
vn -0.110100 0.224100 -0.968300
vn -0.226900 0.250900 -0.941000
vn 0.630400 0.188500 0.753000
vn 0.633800 0.189300 0.750000
vn 0.829300 0.141100 0.540600
vn 0.828500 0.135700 0.543300
vn 0.978100 0.061700 0.199000
vn 0.992200 0.048400 0.114700
vn 0.999900 0.010700 -0.011700
vn 0.998400 -0.016100 -0.055000
vn 0.974500 -0.133100 -0.180500
vn 0.942700 -0.282100 -0.178200
vn 0.896300 -0.388400 -0.214000
vn 0.885600 -0.456300 -0.086400
vn -0.953400 -0.087000 -0.289000
vn -0.953700 -0.080600 -0.289700
vn -0.976700 -0.065500 -0.204500
vn -0.991800 -0.049300 -0.117600
vn -0.999900 -0.010700 0.011800
vn -0.998400 0.015800 0.054900
vn -0.974100 0.134200 0.181800
vn -0.942800 0.283400 0.175400
vn -0.896100 0.390900 0.210300
vn -0.886500 0.456600 0.075200
vn -0.013300 0.959400 -0.281800
vn -0.016500 0.934200 -0.356300
vn -0.019700 0.903300 -0.428600
vn 0.041800 0.237000 0.970600
vn 0.042100 0.236900 0.970600
vn 0.042100 0.236800 0.970600
vn 0.042000 0.236800 0.970600
vn 0.042000 0.236900 0.970600
vn 0.041700 0.237100 0.970600
vn 0.041800 0.236800 0.970700
vn 0.041900 0.236500 0.970700
vn 0.042000 0.236600 0.970700
vn 0.042000 0.236800 0.970700
vn 0.473900 0.846500 -0.242500
vn 0.063300 0.959900 -0.273000
vn -0.108000 0.956400 -0.271300
vn -0.467200 0.851000 -0.239800
vn -0.467200 0.851000 -0.239900
vn -0.727800 0.660500 -0.184600
vn -0.912000 0.395500 -0.108600
vn -0.993200 0.112600 -0.027900
vn -0.993200 0.112700 -0.027900
vn -0.998800 -0.046400 0.017300
vn -0.998800 -0.046300 0.017300
vn -0.877200 -0.460900 0.134600
vn -0.727000 -0.659700 0.190400
vn -0.727000 -0.659700 0.190500
vn -0.439200 -0.863700 0.247200
vn -0.110400 -0.955900 0.272000
vn -0.110400 -0.955900 0.272100
vn 0.138600 -0.952800 0.270100
vn 0.455500 -0.856800 0.241600
vn 0.455500 -0.856800 0.241500
vn 0.708800 -0.679300 0.190100
vn 0.708800 -0.679300 0.190000
vn 0.905800 -0.408500 0.112300
vn 0.992000 -0.122400 0.030700
vn 0.992000 -0.122300 0.030600
vn 1.000000 -0.005200 -0.002700
vn 0.940300 0.326300 -0.096600
vn 0.685800 0.699300 -0.201600
vn 0.685800 0.699300 -0.201500
vn 0.862100 0.486500 -0.141800
vn 0.862100 0.486500 -0.141900
vn 0.862100 0.486500 -0.141700
vn -0.886700 0.441100 -0.138600
vn -0.833900 0.528800 -0.158200
vn -0.771200 0.611700 -0.176200
vn -0.622800 0.754800 -0.205900
vn -0.537000 0.815000 -0.217600
vn -0.350800 0.906900 -0.233500
vn -0.301000 0.924000 -0.235900
vn -0.044400 0.970200 -0.238200
vn -0.148100 0.959600 -0.239200
vn 0.061000 0.970200 -0.234500
vn 0.266300 0.938600 -0.219600
vn 0.366300 0.906900 -0.208400
vn 0.550900 0.815000 -0.179500
vn 0.635700 0.754800 -0.161800
vn 0.773300 0.621700 -0.124600
vn 0.801500 0.586800 -0.115100
vn 0.873700 0.475600 -0.102500
vn 0.871700 0.475300 -0.119500
vn 0.505000 -0.836700 0.211900
vn 0.503100 -0.840100 0.202800
vn 0.466700 -0.855300 0.224900
vn 0.476800 -0.850000 0.224000
vn 0.350800 -0.906900 0.233400
vn 0.301000 -0.924000 0.235900
vn 0.044400 -0.970200 0.238200
vn 0.148200 -0.959600 0.239200
vn -0.061000 -0.970200 0.234500
vn -0.266300 -0.938500 0.219600
vn -0.366300 -0.906900 0.208400
vn -0.550900 -0.815000 0.179500
vn -0.635700 -0.754800 0.161800
vn -0.781600 -0.611700 0.121900
vn -0.842900 -0.528800 0.099500
vn -0.894200 -0.441100 0.076300
vn -0.010700 -0.991600 0.128900
vn 0.014600 -0.989400 0.144700
vn -0.035900 -0.992900 0.113000
vn -0.321100 -0.922600 0.213800
vn -0.216700 -0.947000 0.237200
vn -0.317000 -0.915700 0.246800
vn -0.066800 -0.941400 0.330500
vn -0.012700 -0.948700 0.316100
vn 0.040600 -0.875200 0.482000
vn 0.063900 -0.831900 0.551300
vn 0.049700 -0.601900 0.797000
vn 0.001400 -0.380000 0.925000
vn -0.024600 -0.144800 0.989200
vn -0.072900 -0.159500 0.984500
vn 0.098400 0.958600 -0.267400
vn 0.102700 0.967200 -0.232300
vn 0.099300 0.921500 -0.375500
vn 0.103400 0.816700 -0.567800
vn 0.106100 0.835800 -0.538700
vn 0.107400 0.620900 -0.776500
vn 0.146500 0.437600 -0.887200
vn 0.102100 0.224100 -0.969200
vn 0.219100 0.250900 -0.942900
vn -0.624100 0.188500 0.758200
vn -0.824000 0.135700 0.550100
vn -0.824900 0.141100 0.547400
vn -0.627600 0.189300 0.755200
vn -0.976400 0.061700 0.207100
vn -0.991200 0.048400 0.122900
vn -0.999900 0.010700 -0.003400
vn -0.998800 -0.016100 -0.046700
vn -0.976000 -0.133100 -0.172500
vn -0.944100 -0.282100 -0.170300
vn -0.898000 -0.388500 -0.206500
vn -0.886300 -0.456300 -0.079000
vn 0.950900 -0.087000 -0.296900
vn 0.990800 -0.049300 -0.125800
vn 0.974900 -0.065500 -0.212600
vn 0.951300 -0.080600 -0.297600
vn 0.999900 -0.010700 0.003500
vn 0.998800 0.015800 0.046600
vn 0.975600 0.134200 0.173700
vn 0.944200 0.283400 0.167600
vn 0.897800 0.390900 0.202900
vn 0.887100 0.456600 0.067800
vn 0.013600 0.934200 -0.356400
vn 0.011000 0.959400 -0.281900
vn 0.016100 0.903300 -0.428700
vn -0.033800 0.236900 0.970900
vn -0.034000 0.236800 0.971000
vn -0.033900 0.236800 0.971000
vn -0.033600 0.237100 0.970900
vn -0.033800 0.236800 0.971000
vn -0.033900 0.236500 0.971000
vn -0.034000 0.236600 0.971000
vn -0.033900 0.236600 0.971000
vn -0.034000 0.236900 0.970900
vn -0.475900 0.846500 -0.238500
vn -0.475900 0.846600 -0.238500
vn -0.065600 0.959900 -0.272500
vn -0.065600 0.959900 -0.272400
vn 0.105800 0.956400 -0.272200
vn 0.465200 0.851000 -0.243700
vn 0.465300 0.851000 -0.243700
vn 0.726200 0.660500 -0.190700
vn 0.911100 0.395500 -0.116200
vn 0.993000 0.112600 -0.036100
vn 0.998900 -0.046300 0.009000
vn 0.878300 -0.460900 0.127300
vn 0.728500 -0.659700 0.184400
vn 0.728500 -0.659700 0.184500
vn 0.441200 -0.863700 0.243600
vn 0.112600 -0.955900 0.271100
vn -0.136400 -0.952800 0.271300
vn -0.136400 -0.952800 0.271200
vn -0.453500 -0.856900 0.245300
vn -0.707200 -0.679300 0.195900
vn -0.707200 -0.679300 0.196000
vn -0.904900 -0.408500 0.119800
vn -0.991700 -0.122400 0.038900
vn -0.991700 -0.122300 0.038900
vn -0.991700 -0.122300 0.038800
vn -1.000000 -0.005200 0.005600
vn -1.000000 -0.005200 0.005700
vn -0.941100 0.326300 -0.088800
vn -0.687400 0.699300 -0.195800
vn -0.687400 0.699300 -0.195900
vn -0.687500 0.699300 -0.195800
vn -0.863200 0.486500 -0.134600
vn 0.228500 0.971100 0.069200
vn 0.674900 0.724700 0.139000
vn 0.545700 0.827400 0.132600
vn 0.069900 0.996000 0.055000
vn 0.878300 0.435700 0.196900
vn 0.937500 0.288200 0.195000
vn 0.968500 -0.030300 0.247300
vn 0.942600 -0.178200 0.282500
vn 0.796800 -0.478400 0.369200
vn 0.667400 -0.619700 0.412900
vn 0.385300 -0.803300 0.454300
vn 0.222000 -0.856300 0.466400
vn -0.102800 -0.874700 0.473700
vn -0.272700 -0.835000 0.478000
vn -0.574900 -0.673700 0.464500
vn -0.708000 -0.548500 0.444800
vn -0.879500 -0.282300 0.383200
vn -0.928000 -0.145400 0.343200
vn -0.950200 0.151900 0.272300
vn -0.921200 0.304900 0.241800
vn -0.798800 0.574100 0.179900
vn -0.691400 0.704700 0.159100
vn -0.430200 0.897100 0.100700
vn -0.262200 0.962900 0.063700
vn -0.526000 0.840100 0.132800
vn -0.057500 0.996700 0.057300
vn -0.236800 0.968800 0.073700
vn -0.680700 0.717300 0.148900
vn -0.867500 0.454800 0.201400
vn -0.940500 0.267300 0.209800
vn -0.963800 -0.047400 0.262400
vn -0.935800 -0.198000 0.291600
vn -0.796700 -0.475900 0.372500
vn -0.677100 -0.606700 0.416500
vn -0.381300 -0.803100 0.457900
vn -0.214800 -0.857100 0.468300
vn 0.119000 -0.873100 0.472700
vn 0.276500 -0.836300 0.473400
vn 0.570000 -0.682100 0.458200
vn 0.703000 -0.557100 0.442000
vn 0.881700 -0.283300 0.377400
vn 0.933300 -0.134400 0.333000
vn 0.951400 0.160900 0.262700
vn 0.923000 0.306600 0.232600
vn 0.793800 0.583900 0.169700
vn 0.698900 0.698400 0.154300
vn 0.439700 0.892800 0.097700
vn 0.274500 0.959200 0.067900
usemtl _brainy
s 1
f 1/1/1 2/2/2 3/3/3
f 4/4/4 1/1/1 3/3/3
f 5/5/5 4/4/4 3/3/3
f 5/5/5 3/3/3 6/6/6
f 6/6/6 7/7/7 5/5/5
f 5/5/5 7/7/7 8/8/8
f 9/9/9 8/8/8 7/7/7
f 7/7/7 10/10/10 9/9/9
f 8/8/8 11/11/11 5/5/5
f 5/5/5 11/11/11 12/12/12
f 5/5/5 12/12/12 4/4/4
f 8/8/8 13/13/13 12/12/14
f 14/14/15 13/13/13 8/8/8
f 8/8/8 9/9/9 14/14/15
f 9/9/9 15/15/16 14/14/15
f 15/15/16 9/9/9 10/10/10
f 16/16/17 15/15/16 10/10/10
f 7/7/7 6/6/6 17/17/18
f 17/17/18 10/10/10 7/7/7
f 18/18/19 15/15/16 16/16/17
f 16/16/17 19/19/20 18/18/19
f 19/19/20 16/16/17 20/20/21
f 20/20/21 16/16/17 10/10/10
f 10/10/10 17/17/18 20/20/21
f 20/20/21 17/17/18 21/21/22
f 21/21/22 17/17/18 6/6/6
f 22/22/23 20/20/21 21/21/22
f 20/20/21 22/22/23 23/19/24
f 23/19/24 22/22/23 24/23/25
f 24/23/25 22/22/23 21/21/22
f 24/23/25 25/24/26 19/19/27
f 18/18/19 26/19/28 25/24/26
f 27/25/29 14/14/15 15/15/16
f 15/15/16 18/18/19 27/25/29
f 27/25/29 18/18/19 28/26/30
f 29/24/31 28/26/30 18/18/19
f 28/26/30 29/24/31 30/27/32
f 30/27/32 31/28/33 28/26/30
f 32/29/34 28/26/30 31/28/33
f 28/26/30 32/29/34 27/25/29
f 31/28/33 33/30/35 32/29/34
f 34/31/36 24/23/25 21/21/22
f 35/32/37 34/31/36 21/21/22
f 36/33/38 35/32/37 21/21/22
f 3/3/3 36/33/38 21/21/22
f 6/6/6 3/3/3 21/21/22
f 36/33/38 3/3/3 2/2/2
f 35/32/37 36/33/38 37/34/39
f 36/33/38 2/2/2 37/34/39
f 38/35/40 35/32/37 37/34/39
f 37/34/39 39/36/41 38/35/40
f 40/37/42 38/35/40 39/36/41
f 40/37/42 35/32/37 38/35/40
f 41/38/43 35/32/37 40/37/42
f 42/39/44 40/37/42 39/36/41
f 40/37/42 42/39/44 43/40/45
f 43/40/45 44/41/46 40/37/42
f 40/37/42 44/41/46 41/38/43
f 43/40/45 42/39/44 45/42/47
f 45/42/47 46/43/48 43/40/45
f 47/44/49 45/42/47 42/39/44
f 39/36/41 47/44/49 42/39/44
f 48/45/50 47/44/49 39/36/41
f 49/46/51 47/44/49 48/45/50
f 49/46/51 45/42/47 47/44/49
f 49/46/51 50/47/52 45/42/47
f 45/42/47 50/47/52 46/43/48
f 37/34/39 2/2/2 1/1/1
f 37/34/39 1/1/1 39/36/41
f 51/48/53 52/49/54 53/50/55
f 51/48/53 54/51/56 52/49/54
f 51/48/53 55/52/57 54/51/56
f 55/52/57 56/53/58 54/51/56
f 55/52/57 51/48/53 57/54/59
f 57/54/59 58/55/60 55/52/57
f 55/52/57 58/55/60 59/56/61
f 60/57/62 55/52/57 59/56/61
f 60/57/62 61/58/63 55/52/57
f 56/53/58 55/52/57 61/58/63
f 59/56/61 62/59/64 60/57/62
f 60/57/62 63/60/65 61/58/63
f 64/61/66 63/60/65 60/57/62
f 63/60/65 64/61/66 65/62/67
f 65/62/67 66/63/68 63/60/65
f 67/64/69 63/60/65 66/63/68
f 63/60/65 67/64/69 61/58/63
f 66/63/68 68/65/70 67/64/69
f 69/66/71 68/65/70 66/63/68
f 66/63/68 70/67/72 69/66/71
f 69/66/71 70/67/72 71/68/73
f 71/68/73 72/69/74 69/66/71
f 73/70/75 72/69/74 71/68/73
f 71/68/73 74/71/76 73/70/75
f 73/70/75 74/71/76 75/72/77
f 75/72/77 76/73/78 73/70/75
f 76/73/78 75/72/77 77/74/79
f 77/74/79 78/75/80 76/73/78
f 78/75/80 77/74/79 79/76/81
f 79/76/81 80/77/82 78/75/80
f 81/78/83 78/75/80 80/77/82
f 80/77/82 82/79/84 81/78/83
f 81/78/83 82/79/84 83/80/85
f 84/81/86 83/80/85 82/79/84
f 85/82/87 83/80/85 84/81/86
f 83/80/85 85/82/87 81/78/83
f 84/81/86 86/83/88 85/82/87
f 87/84/89 85/82/87 86/83/88
f 86/83/88 88/85/90 87/84/89
f 82/79/84 89/86/91 84/81/86
f 85/82/87 87/84/89 90/87/92
f 90/87/92 81/78/83 85/82/87
f 78/75/80 81/78/83 90/87/92
f 90/87/92 76/73/78 78/75/80
f 91/88/93 90/87/92 87/84/89
f 90/87/92 91/88/93 76/73/78
f 87/84/89 92/89/94 91/88/93
f 93/90/95 92/89/94 87/84/89
f 87/84/89 94/85/96 93/90/95
f 82/79/84 80/77/82 95/91/97
f 95/91/97 89/86/91 82/79/84
f 96/92/98 97/93/99 91/88/93
f 91/88/93 98/94/100 96/92/98
f 91/88/93 97/93/99 99/95/101
f 100/96/102 91/88/93 99/95/101
f 100/96/102 99/95/101 72/69/74
f 72/69/74 73/70/75 100/96/102
f 76/73/78 100/96/102 73/70/75
f 91/88/93 100/96/102 76/73/78
f 72/69/74 99/95/101 101/97/103
f 101/97/103 97/93/99 96/92/98
f 99/95/101 97/93/99 101/97/103
f 101/97/103 69/66/71 72/69/74
f 96/92/98 98/94/100 102/98/104
f 102/98/104 103/99/105 96/92/98
f 104/100/106 96/92/98 103/99/105
f 96/92/98 104/100/106 101/97/103
f 69/66/71 101/97/103 104/100/106
f 103/99/105 105/101/107 104/100/106
f 103/99/105 102/98/104 106/102/108
f 107/103/109 106/102/108 102/98/104
f 102/98/104 108/104/110 107/103/109
f 108/104/110 102/98/104 98/94/100
f 107/103/109 108/104/110 109/105/111
f 109/105/111 110/106/112 107/103/109
f 111/107/113 107/103/109 110/106/112
f 106/102/108 107/103/109 111/107/113
f 110/106/112 112/108/114 111/107/113
f 111/107/113 113/109/115 106/102/108
f 114/110/116 106/102/108 113/109/115
f 106/102/108 114/110/116 103/99/105
f 113/109/115 115/111/117 114/110/116
f 116/112/118 113/109/115 111/107/113
f 111/107/113 117/113/119 116/112/118
f 112/108/114 117/113/119 111/107/113
f 118/114/120 117/113/119 112/108/114
f 112/108/114 119/115/121 118/114/120
f 118/114/120 119/115/121 120/116/122
f 120/116/122 121/117/123 118/114/120
f 122/118/124 115/111/117 113/109/115
f 113/109/115 116/112/118 122/118/124
f 123/119/125 114/110/116 115/111/117
f 115/111/117 124/120/126 123/119/125
f 122/118/124 124/120/126 115/111/117
f 122/118/124 125/121/127 124/120/126
f 126/122/128 123/119/125 124/120/126
f 124/120/126 127/123/129 126/122/128
f 128/124/130 126/122/128 127/123/129
f 126/122/128 128/124/130 129/125/131
f 103/99/105 123/119/125 126/122/128
f 114/110/116 123/119/125 103/99/105
f 130/126/132 129/125/131 128/124/130
f 131/127/133 129/125/131 130/126/132
f 132/128/134 131/127/133 130/126/132
f 131/127/133 132/128/134 133/129/135
f 133/129/135 61/58/63 131/127/133
f 61/58/63 133/129/135 56/53/58
f 127/123/129 124/120/126 134/130/136
f 124/120/126 125/121/127 134/130/136
f 135/131/137 134/130/136 125/121/127
f 134/130/136 136/132/138 127/123/129
f 128/124/130 127/123/129 136/132/138
f 137/133/139 136/132/138 134/130/136
f 135/131/137 137/133/139 134/130/136
f 138/134/140 137/133/139 135/131/137
f 138/134/140 135/131/137 139/135/141
f 139/135/141 140/136/142 138/134/140
f 141/137/143 138/134/140 140/136/142
f 140/136/142 142/138/144 141/137/143
f 141/137/143 142/138/144 143/139/145
f 143/139/145 144/140/146 141/137/143
f 138/134/140 145/141/147 137/133/139
f 138/134/140 146/142/148 145/141/147
f 138/134/140 141/137/143 146/142/148
f 145/141/147 146/142/148 147/143/149
f 147/143/149 146/142/148 148/144/150
f 149/145/151 144/140/146 143/139/145
f 143/139/145 150/146/152 149/145/151
f 151/147/153 149/145/151 150/146/152
f 150/146/152 120/116/122 151/147/153
f 147/143/149 152/148/154 145/141/147
f 152/148/154 147/143/149 153/149/155
f 154/150/156 145/141/147 152/148/154
f 155/151/157 145/141/147 154/150/156
f 156/152/158 154/150/156 152/148/154
f 152/148/154 153/149/155 156/152/158
f 156/152/158 153/149/155 157/153/159
f 158/154/160 157/153/159 153/149/155
f 157/153/159 159/155/161 156/152/158
f 160/156/162 159/155/161 157/153/159
f 157/153/159 161/157/163 160/156/162
f 158/154/160 162/158/164 161/157/165
f 163/157/166 157/153/159 158/154/160
f 149/145/151 151/147/153 164/159/167
f 120/116/122 150/146/152 121/117/123
f 165/160/168 155/151/157 154/150/156
f 166/161/169 165/160/168 154/150/156
f 155/151/157 165/160/168 167/162/170
f 136/132/138 155/151/157 167/162/170
f 168/163/171 167/162/170 165/160/168
f 168/163/171 165/160/168 53/50/55
f 53/50/55 165/160/168 166/161/169
f 53/50/55 166/161/169 169/164/172
f 53/50/55 169/164/172 170/165/173
f 51/48/53 53/50/55 170/165/173
f 170/165/173 57/54/59 51/48/53
f 136/132/138 167/162/170 171/166/174
f 136/132/138 171/166/174 128/124/130
f 170/165/173 169/164/172 172/167/175
f 172/167/175 169/164/172 173/168/176
f 169/164/172 166/161/169 173/168/176
f 173/168/176 166/161/169 174/169/177
f 175/170/178 173/168/176 174/169/177
f 174/169/177 159/155/161 175/170/178
f 173/168/176 175/170/178 176/171/179
f 172/167/175 173/168/176 176/171/179
f 177/172/180 172/167/175 176/171/179
f 174/169/177 156/152/158 159/155/161
f 156/152/158 174/169/177 154/150/156
f 166/161/169 154/150/156 174/169/177
f 175/170/178 178/173/181 176/171/179
f 175/170/178 160/156/162 178/173/181
f 175/170/178 159/155/161 160/156/162
f 179/174/182 180/175/183 181/176/184
f 181/176/184 182/177/185 179/174/182
f 183/149/186 180/175/183 179/174/182
f 184/174/187 182/177/188 185/176/189
f 185/176/189 186/175/190 184/174/187
f 187/149/191 184/174/187 186/175/190
f 147/143/149 188/144/192 189/176/192
f 190/176/193 191/175/194 147/143/149
f 153/149/155 147/143/149 191/175/194
f 192/178/195 193/179/196 194/180/197
f 194/180/197 195/181/198 192/178/195
f 193/179/196 192/178/195 196/182/199
f 196/182/199 197/183/200 193/179/196
f 198/184/201 195/181/198 194/180/197
f 194/180/197 199/185/202 198/184/201
f 200/186/203 199/185/202 194/180/197
f 201/187/204 197/183/200 196/182/199
f 196/182/199 202/188/205 201/187/204
f 203/189/206 201/187/204 202/188/205
f 202/188/205 204/190/207 203/189/206
f 201/187/204 205/191/208 197/183/200
f 205/191/208 201/187/204 206/192/209
f 207/193/210 204/190/207 202/188/205
f 202/188/205 208/194/211 207/193/210
f 208/194/211 202/188/205 196/182/199
f 207/193/210 208/194/211 209/195/212
f 192/178/195 209/195/212 208/194/211
f 208/194/211 196/182/199 192/178/195
f 209/195/212 192/178/195 195/181/198
f 195/181/198 210/196/213 209/195/212
f 211/197/214 209/195/212 210/196/213
f 209/195/212 211/197/214 212/193/215
f 210/196/213 213/198/216 211/197/214
f 213/198/216 210/196/213 214/199/217
f 214/199/217 215/200/218 213/198/216
f 214/199/217 210/196/213 195/181/198
f 195/181/198 198/184/201 214/199/217
f 216/201/219 205/191/208 206/192/209
f 197/183/200 205/191/208 216/201/219
f 216/201/219 193/179/196 197/183/200
f 206/192/209 217/202/220 216/201/219
f 216/201/219 217/202/220 218/203/221
f 218/203/221 200/186/203 216/201/219
f 216/201/219 200/186/203 194/180/197
f 194/180/197 193/179/196 216/201/219
f 219/204/222 220/205/223 221/89/224
f 221/89/224 222/90/225 219/204/222
f 91/88/93 221/89/224 220/205/223
f 98/94/100 91/88/93 220/205/223
f 98/94/100 220/205/223 219/204/222
f 219/204/222 223/206/226 98/94/100
f 98/94/100 223/206/226 108/104/110
f 109/105/111 108/104/110 223/206/226
f 224/207/227 225/208/228 79/76/81
f 79/76/81 77/74/79 224/207/227
f 224/207/227 77/74/79 75/72/77
f 75/72/77 226/209/229 224/207/227
f 226/209/229 75/72/77 74/71/76
f 74/71/76 227/210/230 226/209/229
f 227/210/230 74/71/76 71/68/73
f 79/76/81 225/208/228 228/91/231
f 228/91/231 80/77/82 79/76/81
f 71/68/73 229/211/232 230/210/233
f 231/212/234 229/211/232 71/68/73
f 71/68/73 70/67/72 231/212/234
f 231/212/234 70/67/72 66/63/68
f 66/63/68 65/62/67 231/212/234
f 60/57/62 232/59/235 64/61/66
f 105/101/107 67/64/69 68/65/70
f 68/65/70 104/100/106 105/101/107
f 104/100/106 68/65/70 69/66/71
f 131/127/133 67/64/69 105/101/107
f 105/101/107 129/125/131 131/127/133
f 126/122/128 129/125/131 105/101/107
f 61/58/63 67/64/69 131/127/133
f 103/99/105 126/122/128 105/101/107
f 233/213/236 234/214/237 235/215/238
f 235/215/238 236/216/239 233/213/236
f 234/214/237 233/213/236 237/217/240
f 234/214/237 237/217/240 238/218/241
f 233/213/236 236/216/239 239/219/242
f 239/219/242 240/220/243 233/213/236
f 240/220/243 239/219/242 241/221/244
f 241/221/244 242/222/245 240/220/243
f 240/220/243 242/222/245 243/223/246
f 243/223/246 244/224/247 240/220/243
f 233/213/236 240/220/243 244/224/247
f 244/224/247 237/217/240 233/213/236
f 245/225/248 237/217/240 244/224/247
f 243/223/246 245/225/248 244/224/247
f 237/217/240 245/225/248 246/226/249
f 246/226/249 247/227/250 237/217/240
f 237/217/240 247/227/250 238/218/241
f 248/228/251 242/222/245 241/221/244
f 241/221/244 249/229/252 248/228/251
f 250/230/253 248/228/251 249/229/252
f 249/229/252 251/231/254 250/230/253
f 252/232/255 242/222/245 248/228/251
f 243/223/246 242/222/245 252/232/255
f 252/232/255 248/228/251 253/233/256
f 248/228/251 250/230/253 253/233/256
f 243/223/246 252/232/255 254/234/257
f 252/232/255 255/235/258 254/234/257
f 255/235/258 252/232/255 253/233/256
f 246/226/249 245/225/248 256/236/259
f 243/223/246 256/236/259 245/225/248
f 256/236/259 257/237/260 246/226/249
f 256/236/259 243/223/246 258/238/261
f 243/223/246 254/234/257 258/238/261
f 254/234/257 255/235/258 259/239/262
f 260/240/263 253/233/256 250/230/253
f 250/230/253 261/241/264 260/240/263
f 261/241/264 250/230/253 251/231/254
f 253/233/256 262/242/265 255/235/258
f 262/242/265 253/233/256 260/240/263
f 263/243/266 255/235/258 262/242/265
f 262/242/265 264/244/267 263/243/266
f 263/243/266 264/244/267 265/245/268
f 265/245/268 266/246/269 263/243/266
f 266/246/269 265/245/268 267/247/270
f 267/247/270 268/248/271 266/246/269
f 269/249/272 268/248/271 267/247/270
f 268/248/271 269/249/272 270/250/273
f 270/250/273 271/251/274 268/248/271
f 272/252/275 270/250/273 269/249/272
f 270/250/273 272/252/275 273/253/276
f 273/253/276 274/254/277 270/250/273
f 274/254/277 271/251/274 270/250/273
f 274/254/277 273/253/276 275/255/278
f 275/255/278 276/256/279 274/254/277
f 277/257/280 274/254/277 276/256/279
f 276/256/279 278/258/281 277/257/280
f 277/257/280 278/258/281 279/259/282
f 279/259/282 278/258/281 280/260/283
f 280/260/283 281/261/284 279/259/282
f 279/259/282 281/261/284 282/262/285
f 282/262/285 283/263/286 279/259/282
f 277/257/280 279/259/282 283/263/286
f 269/249/272 284/264/287 272/252/275
f 283/263/286 282/262/285 285/265/288
f 285/265/288 286/266/289 283/263/286
f 283/263/286 286/266/289 287/267/290
f 287/267/290 288/268/291 283/263/286
f 274/254/277 277/257/280 288/268/291
f 283/263/286 288/268/291 277/257/280
f 271/251/274 288/268/291 287/267/290
f 288/268/291 271/251/274 274/254/277
f 271/251/274 287/267/290 289/269/292
f 268/248/271 271/251/274 289/269/292
f 290/270/293 268/248/271 289/269/292
f 290/270/293 291/271/294 268/248/271
f 291/271/294 290/270/293 292/272/295
f 292/272/295 293/273/296 291/271/294
f 259/239/262 293/273/296 292/272/295
f 292/272/295 294/274/297 259/239/262
f 293/273/296 259/239/262 255/235/258
f 255/235/258 263/243/266 293/273/296
f 293/273/296 263/243/266 266/246/269
f 266/246/269 291/271/294 293/273/296
f 291/271/294 266/246/269 268/248/271
f 254/234/257 259/239/262 294/274/297
f 294/274/297 258/238/261 254/234/257
f 295/275/298 296/276/299 297/277/300
f 297/277/300 298/278/301 295/275/298
f 297/277/300 296/276/299 299/279/302
f 300/280/303 298/278/301 297/277/300
f 295/275/298 298/278/301 300/280/303
f 297/277/300 301/281/304 300/280/303
f 302/282/305 300/280/303 301/281/304
f 300/280/303 302/282/305 303/283/306
f 303/283/306 304/284/307 300/280/303
f 300/280/303 304/284/307 295/275/298
f 301/281/304 297/277/300 305/285/308
f 306/279/309 305/285/308 297/277/300
f 305/285/308 307/286/310 301/281/304
f 307/286/310 305/285/308 306/279/309
f 301/281/304 307/286/310 308/287/311
f 309/288/312 308/287/311 307/286/310
f 308/287/311 310/289/313 301/281/304
f 306/279/309 311/290/314 307/286/310
f 307/286/310 311/290/314 312/288/315
f 301/281/316 313/289/317 314/282/317
f 315/283/318 316/282/319 317/291/320
f 317/291/320 318/292/321 315/283/318
f 319/293/322 318/292/321 317/291/320
f 317/291/320 320/294/323 319/293/322
f 319/293/322 320/294/323 321/295/324
f 321/295/324 322/296/325 319/293/322
f 323/297/326 322/296/325 321/295/324
f 321/295/324 324/298/327 323/297/326
f 325/299/328 317/291/320 316/282/319
f 325/299/328 326/300/329 317/291/320
f 327/301/330 317/291/320 326/300/329
f 327/301/330 326/300/329 328/302/331
f 328/302/331 326/300/329 329/303/332
f 329/303/332 326/300/329 325/299/328
f 329/303/332 330/304/333 328/302/331
f 316/282/319 331/289/334 325/299/328
f 331/289/334 332/287/335 325/299/328
f 325/299/328 332/287/335 333/305/336
f 325/299/328 333/305/336 329/303/332
f 334/306/337 327/301/330 328/302/331
f 334/306/337 328/302/331 335/307/338
f 335/307/338 336/308/339 334/306/337
f 337/309/340 334/306/337 336/308/339
f 336/308/339 338/310/341 337/309/340
f 338/310/341 336/308/339 339/311/342
f 339/311/342 336/308/339 335/307/338
f 339/311/342 340/312/343 338/310/341
f 340/312/343 339/311/342 341/313/344
f 341/313/344 342/314/345 340/312/343
f 343/315/346 342/314/345 341/313/344
f 341/313/344 344/316/347 343/315/346
f 334/306/337 337/309/340 345/317/348
f 345/317/348 346/318/349 334/306/337
f 346/318/349 345/317/348 347/319/350
f 347/319/350 348/320/351 346/318/349
f 348/320/351 347/319/350 349/321/352
f 349/321/352 350/322/353 348/320/351
f 347/319/350 345/317/348 351/323/354
f 351/323/354 352/324/355 347/319/350
f 349/321/352 347/319/350 352/324/355
f 352/324/355 353/325/356 349/321/352
f 320/294/323 346/318/349 348/320/351
f 320/294/323 317/291/320 346/318/349
f 317/291/320 327/301/330 346/318/349
f 327/301/330 334/306/337 346/318/349
f 348/320/351 321/295/324 320/294/323
f 321/295/324 348/320/351 350/322/353
f 354/326/357 351/323/354 345/317/348
f 355/327/358 351/323/354 354/326/357
f 352/324/355 351/323/354 355/327/358
f 354/326/357 356/328/359 355/327/358
f 356/328/359 354/326/357 357/329/360
f 357/329/360 358/330/361 356/328/359
f 358/330/361 357/329/360 359/331/362
f 359/331/362 360/332/363 358/330/361
f 360/332/363 359/331/362 361/333/364
f 361/333/364 362/334/365 360/332/363
f 362/334/365 361/333/364 363/335/366
f 363/335/366 364/336/367 362/334/365
f 360/332/363 362/334/365 365/337/368
f 365/337/368 362/334/365 364/336/367
f 365/337/368 366/338/369 360/332/363
f 358/330/361 360/332/363 366/338/369
f 366/338/369 367/339/370 358/330/361
f 366/338/369 365/337/368 368/340/371
f 368/340/371 365/337/368 369/341/372
f 364/336/367 369/341/372 365/337/368
f 369/341/372 370/342/373 368/340/371
f 370/342/373 369/341/372 371/343/374
f 371/343/374 372/344/375 370/342/373
f 370/342/373 372/344/375 373/345/376
f 373/345/376 374/346/377 370/342/373
f 368/340/371 375/347/378 366/338/369
f 367/339/370 366/338/369 375/347/378
f 375/347/378 376/348/379 367/339/370
f 367/339/370 376/348/379 377/349/380
f 377/349/380 378/350/381 367/339/370
f 379/351/382 376/348/379 375/347/378
f 377/349/380 376/348/379 379/351/382
f 375/347/378 380/352/383 379/351/382
f 380/352/383 375/347/378 368/340/371
f 378/350/381 377/349/380 381/353/384
f 381/353/384 377/349/380 382/354/385
f 379/351/382 382/354/385 377/349/380
f 382/354/385 383/355/386 381/353/384
f 381/353/384 384/356/387 378/350/381
f 381/353/384 383/355/386 385/357/388
f 385/357/388 386/358/389 381/353/384
f 387/359/390 386/358/389 385/357/388
f 385/357/388 388/360/391 387/359/390
f 389/361/392 386/358/389 387/359/390
f 381/353/384 386/358/389 389/361/392
f 389/361/392 384/356/387 381/353/384
f 387/359/390 390/362/393 389/361/392
f 355/327/358 384/356/387 389/361/392
f 389/361/392 391/363/394 355/327/358
f 391/363/394 389/361/392 390/362/393
f 390/362/393 392/364/395 391/363/394
f 384/356/387 355/327/358 356/328/359
f 356/328/359 378/350/381 384/356/387
f 378/350/381 356/328/359 358/330/361
f 358/330/361 367/339/370 378/350/381
f 355/327/358 391/363/394 352/324/355
f 391/363/394 392/364/395 353/325/356
f 353/325/356 352/324/355 391/363/394
f 393/365/396 388/360/391 385/357/388
f 385/357/388 394/366/397 393/365/396
f 394/366/397 395/367/398 393/365/396
f 396/368/399 395/367/398 394/366/397
f 396/368/399 397/369/400 395/367/398
f 395/367/398 397/369/400 398/370/401
f 398/370/401 399/371/402 395/367/398
f 395/367/398 399/371/402 393/365/396
f 394/366/397 400/372/403 396/368/399
f 383/355/386 400/372/403 394/366/397
f 401/373/404 400/372/403 383/355/386
f 396/368/399 400/372/403 401/373/404
f 402/374/405 396/368/399 401/373/404
f 396/368/399 402/374/405 403/375/406
f 403/375/406 404/376/407 396/368/399
f 396/368/399 404/376/407 397/369/400
f 403/375/406 402/374/405 405/377/408
f 405/377/408 402/374/405 401/373/404
f 405/377/408 406/378/409 403/375/406
f 406/378/409 405/377/408 407/379/410
f 407/379/410 408/380/411 406/378/409
f 408/380/411 407/379/410 409/381/412
f 409/381/412 410/382/413 408/380/411
f 410/382/413 409/381/412 411/383/414
f 411/383/414 412/384/415 410/382/413
f 413/385/416 412/384/415 411/383/414
f 411/383/414 414/386/417 413/385/416
f 415/387/418 413/385/416 414/386/417
f 414/386/417 416/388/419 415/387/418
f 417/389/420 415/387/418 416/388/419
f 416/388/419 418/390/421 417/389/420
f 407/379/410 405/377/408 419/391/422
f 414/386/417 411/383/414 420/392/423
f 421/393/424 411/383/414 409/381/412
f 411/383/414 421/393/424 420/392/423
f 409/381/412 422/394/425 421/393/424
f 422/394/425 409/381/412 407/379/410
f 407/379/410 419/391/422 422/394/425
f 421/393/424 422/394/425 423/395/426
f 423/395/426 422/394/425 419/391/422
f 423/395/426 424/396/427 421/393/424
f 420/392/423 421/393/424 424/396/427
f 423/395/426 419/391/422 425/397/428
f 425/397/428 426/398/429 423/395/426
f 420/392/423 427/399/430 414/386/417
f 427/399/430 416/388/419 414/386/417
f 418/390/421 416/388/419 427/399/430
f 428/400/431 427/399/430 420/392/423
f 424/396/427 428/400/431 420/392/423
f 418/390/421 427/399/430 429/401/432
f 429/401/432 427/399/430 430/402/433
f 427/399/430 428/400/431 430/402/433
f 423/395/426 426/398/429 431/403/434
f 431/403/434 424/396/427 423/395/426
f 428/400/431 424/396/427 431/403/434
f 431/403/434 430/402/433 428/400/431
f 431/403/434 426/398/429 380/352/383
f 380/352/383 426/398/429 425/397/428
f 380/352/383 432/404/435 431/403/434
f 430/402/433 431/403/434 432/404/435
f 425/397/428 379/351/382 380/352/383
f 429/401/432 430/402/433 374/346/377
f 432/404/435 374/346/377 430/402/433
f 374/346/377 373/345/376 429/401/432
f 370/342/373 374/346/377 432/404/435
f 432/404/435 368/340/371 370/342/373
f 368/340/371 432/404/435 380/352/383
f 379/351/382 425/397/428 401/373/404
f 401/373/404 425/397/428 405/377/408
f 401/373/404 382/354/385 379/351/382
f 383/355/386 382/354/385 401/373/404
f 394/366/397 385/357/388 383/355/386
f 405/377/408 425/397/428 419/391/422
f 433/405/436 434/406/437 435/407/438
f 435/407/438 436/408/439 433/405/436
f 433/405/436 436/408/439 437/409/440
f 437/409/440 438/410/441 433/405/436
f 439/411/442 436/408/439 435/407/438
f 435/407/438 440/412/443 439/411/442
f 441/413/444 440/412/443 435/407/438
f 435/407/438 442/414/445 441/413/444
f 443/415/446 441/413/444 442/414/445
f 442/414/445 444/416/447 443/415/446
f 444/416/447 442/414/445 445/417/448
f 445/417/448 442/414/445 435/407/438
f 435/407/438 434/406/437 445/417/448
f 445/417/448 446/418/449 444/416/447
f 447/419/450 444/416/447 446/418/449
f 446/418/449 448/420/451 447/419/450
f 447/419/450 448/420/451 260/240/263
f 260/240/263 449/421/452 447/419/450
f 444/416/447 447/419/450 450/422/453
f 450/422/453 443/415/446 444/416/447
f 447/419/450 449/421/452 451/423/454
f 451/423/454 450/422/453 447/419/450
f 446/418/449 445/417/448 265/245/268
f 265/245/268 445/417/448 434/406/437
f 434/406/437 267/247/270 265/245/268
f 452/424/455 267/247/270 434/406/437
f 267/247/270 452/424/455 269/249/272
f 269/249/272 452/424/455 453/425/456
f 453/425/456 284/264/287 269/249/272
f 434/406/437 433/405/436 452/424/455
f 265/245/268 264/244/267 446/418/449
f 448/420/451 446/418/449 264/244/267
f 264/244/267 262/242/265 448/420/451
f 260/240/263 448/420/451 262/242/265
f 438/410/441 453/425/456 452/424/455
f 452/424/455 433/405/436 438/410/441
f 449/421/452 260/240/263 261/241/264
f 261/241/264 454/426/457 449/421/452
f 451/423/454 449/421/452 454/426/457
f 454/426/457 261/241/264 455/427/458
f 251/231/254 455/427/458 261/241/264
f 455/427/458 456/428/459 454/426/457
f 454/426/457 456/428/459 457/429/460
f 457/429/460 458/430/461 454/426/457
f 458/430/461 457/429/460 459/431/462
f 459/431/462 460/432/463 458/430/461
f 458/430/461 460/432/463 461/433/464
f 461/433/464 462/434/465 458/430/461
f 463/435/466 462/434/465 461/433/464
f 461/433/464 464/436/467 463/435/466
f 462/434/465 451/423/454 458/430/461
f 451/423/454 462/434/465 463/435/466
f 451/423/454 454/426/457 458/430/461
f 463/435/466 464/436/467 335/307/338
f 335/307/338 465/437/468 463/435/466
f 466/438/469 460/432/463 459/431/462
f 459/431/462 467/439/470 466/438/469
f 466/438/469 467/439/470 468/440/471
f 468/440/471 469/441/472 466/438/469
f 466/438/469 469/441/472 344/316/347
f 470/442/473 469/441/472 468/440/471
f 468/440/471 471/443/474 470/442/473
f 472/444/475 344/316/347 469/441/472
f 469/441/472 470/442/473 472/444/475
f 460/432/463 466/438/469 341/313/344
f 473/316/476 341/313/344 466/438/469
f 335/307/338 464/436/467 339/311/342
f 461/433/464 341/313/344 339/311/342
f 339/311/342 464/436/467 461/433/464
f 341/313/344 461/433/464 460/432/463
f 465/437/468 335/307/338 328/302/331
f 328/302/331 330/304/333 465/437/468
f 465/437/468 330/304/333 441/413/444
f 441/413/444 330/304/333 329/303/332
f 440/412/443 441/413/444 329/303/332
f 440/412/443 329/303/332 333/305/336
f 333/305/336 439/411/442 440/412/443
f 439/411/442 333/305/336 474/445/477
f 475/316/478 472/444/475 476/446/479
f 476/446/479 343/315/346 475/316/478
f 363/335/366 343/315/346 476/446/479
f 476/446/479 477/447/480 363/335/366
f 343/315/346 363/335/366 361/333/364
f 361/333/364 342/314/345 343/315/346
f 342/314/345 361/333/364 359/331/362
f 359/331/362 340/312/343 342/314/345
f 338/310/341 340/312/343 359/331/362
f 359/331/362 357/329/360 338/310/341
f 337/309/340 338/310/341 357/329/360
f 357/329/360 354/326/357 337/309/340
f 345/317/348 337/309/340 354/326/357
f 363/335/366 477/447/480 478/448/481
f 478/448/481 364/336/367 363/335/366
f 369/341/372 364/336/367 478/448/481
f 478/448/481 371/343/374 369/341/372
f 479/449/482 480/450/483 481/451/484
f 481/451/484 482/452/485 479/449/482
f 481/451/484 480/450/483 483/453/486
f 483/453/486 484/454/487 481/451/484
f 485/455/488 484/454/487 483/453/486
f 483/453/486 486/456/489 485/455/488
f 487/457/490 486/456/489 483/453/486
f 483/453/486 488/458/491 487/457/490
f 488/458/491 483/453/486 480/450/483
f 486/456/489 487/457/490 489/459/492
f 490/460/493 489/459/492 487/457/490
f 487/457/490 491/461/494 490/460/493
f 491/461/494 487/457/490 488/458/491
f 489/459/492 492/462/495 486/456/489
f 493/463/496 492/462/495 489/459/492
f 489/459/492 494/464/497 493/463/496
f 494/464/497 489/459/492 490/460/493
f 495/465/498 490/460/493 491/461/494
f 491/461/494 496/466/499 495/465/498
f 488/458/491 497/467/500 491/461/494
f 496/466/499 491/461/494 497/467/500
f 497/467/500 488/458/491 498/468/501
f 498/468/501 499/469/502 497/467/500
f 500/470/503 499/469/502 498/468/501
f 498/468/501 501/471/504 500/470/503
f 499/469/502 500/470/503 502/472/505
f 502/472/505 503/473/506 499/469/502
f 499/469/502 503/473/506 504/474/507
f 504/474/507 497/467/500 499/469/502
f 497/467/500 504/474/507 496/466/499
f 505/475/508 496/466/499 504/474/507
f 504/474/507 506/476/509 505/475/508
f 506/476/509 504/474/507 503/473/506
f 507/477/510 500/470/503 501/471/504
f 501/471/504 508/478/511 507/477/510
f 501/471/504 509/479/512 508/478/511
f 507/477/510 508/478/511 510/480/513
f 510/480/513 511/481/514 507/477/510
f 512/482/515 511/481/514 510/480/513
f 510/480/513 513/483/516 512/482/515
f 507/477/510 511/481/514 514/484/517
f 514/484/517 511/481/514 512/482/515
f 514/484/517 515/485/518 507/477/510
f 500/470/503 507/477/510 515/485/518
f 515/485/518 502/472/505 500/470/503
f 516/486/519 502/472/505 515/485/518
f 503/473/506 502/472/505 516/486/519
f 515/485/518 517/487/520 516/486/519
f 512/482/515 518/488/521 514/484/517
f 519/489/522 513/483/516 510/480/513
f 510/480/513 520/490/523 519/489/522
f 510/480/513 521/491/524 520/490/523
f 509/479/512 521/491/524 508/478/511
f 510/480/513 508/478/511 521/491/524
f 522/492/525 519/489/522 520/490/523
f 520/490/523 523/493/526 522/492/525
f 523/493/526 520/490/523 521/491/524
f 522/492/525 523/493/526 524/494/527
f 524/494/527 523/493/526 525/495/528
f 521/491/524 525/495/528 523/493/526
f 525/495/528 526/496/529 524/494/527
f 524/494/527 527/497/530 522/492/525
f 528/498/531 517/487/520 515/485/518
f 515/485/518 514/484/517 528/498/531
f 528/498/531 514/484/517 518/488/521
f 518/488/521 529/499/532 528/498/531
f 525/495/528 521/491/524 509/479/512
f 509/479/512 530/500/533 525/495/528
f 526/496/529 525/495/528 530/500/533
f 531/501/534 526/496/529 530/500/533
f 532/502/535 531/501/534 530/500/533
f 530/500/533 482/452/485 532/502/535
f 482/452/485 530/500/533 509/479/512
f 509/479/512 479/449/482 482/452/485
f 501/471/504 479/449/482 509/479/512
f 480/450/483 479/449/482 501/471/504
f 501/471/504 498/468/501 480/450/483
f 480/450/483 498/468/501 488/458/491
f 533/503/536 532/502/535 482/452/485
f 482/452/485 481/451/484 533/503/536
f 534/504/537 533/503/536 481/451/484
f 481/451/484 484/454/487 534/504/537
f 535/505/538 534/504/537 484/454/487
f 484/454/487 485/455/488 535/505/538
f 535/505/538 485/455/488 536/506/539
f 536/506/539 537/507/540 535/505/538
f 537/507/540 536/506/539 538/508/541
f 538/508/541 539/509/542 537/507/540
f 536/506/539 485/455/488 486/456/489
f 486/456/489 492/462/495 536/506/539
f 538/508/541 536/506/539 492/462/495
f 492/462/495 493/463/496 538/508/541
f 540/445/543 541/510/544 439/411/442
f 436/408/439 439/411/442 541/510/544
f 541/510/544 437/409/440 436/408/439
f 540/445/545 333/305/336 332/287/335
f 542/511/546 543/512/547 544/513/548
f 544/513/548 545/514/549 542/511/546
f 546/515/550 545/514/549 544/513/548
f 544/513/548 547/516/551 546/515/550
f 548/517/552 543/512/547 542/511/546
f 542/511/546 549/518/553 548/517/552
f 548/517/552 549/518/553 550/519/554
f 547/516/551 551/520/555 546/515/550
f 552/521/556 553/522/557 554/523/558
f 554/523/558 555/524/559 552/521/556
f 554/523/558 553/522/557 556/525/560
f 556/525/560 557/526/561 554/523/558
f 557/526/561 556/525/560 558/527/562
f 556/525/560 553/522/557 559/528/563
f 559/528/563 553/522/557 552/521/556
f 559/528/563 560/529/564 556/525/560
f 558/527/562 556/525/560 560/529/564
f 552/521/556 561/530/565 559/528/563
f 561/530/565 552/521/556 562/531/566
f 562/531/566 552/521/556 555/524/559
f 560/529/564 559/528/563 563/532/567
f 563/532/567 559/528/563 561/530/565
f 563/532/567 564/533/568 560/529/564
f 561/530/565 565/534/569 563/532/567
f 566/535/570 565/534/569 561/530/565
f 566/535/570 567/536/571 565/534/569
f 568/537/572 563/532/567 567/536/571
f 568/537/572 569/538/573 563/532/567
f 569/538/573 568/537/572 570/539/574
f 570/539/574 571/540/575 569/538/573
f 572/541/576 570/539/574 568/537/572
f 570/539/574 572/541/576 573/542/577
f 573/542/577 574/543/578 570/539/574
f 571/540/575 570/539/574 574/543/578
f 568/537/572 575/544/579 572/541/576
f 576/545/580 575/544/579 568/537/572
f 568/537/572 577/536/581 576/545/580
f 578/546/582 575/544/579 576/545/580
f 572/541/576 575/544/579 578/546/582
f 576/545/580 579/547/583 578/546/582
f 578/546/582 579/547/583 580/548/584
f 580/548/584 581/549/585 578/546/582
f 578/546/582 581/549/585 582/550/586
f 582/550/586 583/551/587 578/546/582
f 578/546/582 583/551/587 572/541/576
f 573/542/577 572/541/576 583/551/587
f 583/551/587 582/550/586 573/542/577
f 580/548/584 579/547/583 584/552/588
f 584/552/588 579/547/583 576/545/580
f 585/553/589 569/538/573 571/540/575
f 571/540/575 586/554/590 585/553/589
f 574/543/578 586/554/590 571/540/575
f 584/552/588 576/545/580 587/555/591
f 587/555/591 576/545/580 588/536/592
f 585/553/589 586/554/590 589/556/593
f 585/553/589 590/557/594 569/538/573
f 591/533/595 569/538/573 590/557/594
f 569/538/573 591/533/595 563/532/567
f 563/532/567 565/534/569 588/536/592
f 592/558/596 590/557/594 585/553/589
f 592/558/596 585/553/589 593/559/597
f 592/558/596 593/559/597 594/560/598
f 593/559/597 585/553/589 595/561/599
f 585/553/589 589/556/593 595/561/599
f 593/559/597 595/561/599 596/562/600
f 593/559/597 596/562/600 594/560/598
f 595/561/599 597/563/601 596/562/600
f 598/564/602 592/558/596 594/560/598
f 599/565/603 598/564/602 594/560/598
f 600/566/604 598/564/602 599/565/603
f 599/565/603 601/567/605 600/566/604
f 598/564/602 602/568/606 592/558/596
f 590/557/594 592/558/596 602/568/606
f 590/557/594 602/568/606 603/569/607
f 603/569/607 602/568/606 604/570/608
f 604/570/608 602/568/606 598/564/602
f 598/564/602 600/566/604 604/570/608
f 604/570/608 605/571/609 603/569/607
f 603/569/607 605/571/609 606/572/610
f 606/572/610 607/573/611 603/569/607
f 608/574/612 600/566/604 601/567/605
f 609/575/613 604/570/608 600/566/604
f 605/571/609 604/570/608 609/575/613
f 600/566/604 610/576/614 609/575/613
f 600/566/604 608/574/612 610/576/614
f 609/575/613 610/576/614 611/577/615
f 610/576/614 608/574/612 611/577/615
f 611/577/615 612/578/616 609/575/613
f 613/579/617 609/575/613 612/578/616
f 609/575/613 613/579/617 605/571/609
f 612/578/616 614/580/618 613/579/617
f 605/571/609 613/579/617 615/581/619
f 615/581/619 613/579/617 614/580/618
f 605/571/609 615/581/619 606/572/610
f 603/569/607 616/573/620 617/582/621
f 617/582/621 618/583/622 603/569/607
f 603/569/607 618/583/622 619/584/623
f 619/584/623 618/583/622 620/585/624
f 620/585/624 621/586/625 619/584/623
f 621/586/625 620/585/624 622/587/626
f 622/587/626 623/588/627 621/586/625
f 624/589/628 621/586/625 623/588/627
f 623/588/627 625/590/629 624/589/628
f 622/587/626 620/585/624 626/591/630
f 626/591/630 620/585/624 618/583/622
f 626/591/630 618/583/622 617/582/621
f 621/586/625 624/589/628 627/592/631
f 627/592/631 619/584/623 621/586/625
f 619/584/623 627/592/631 564/533/568
f 564/533/568 627/592/631 628/593/632
f 628/593/632 629/594/633 564/533/568
f 564/533/568 630/595/634 619/584/623
f 619/584/623 630/595/634 603/569/607
f 630/595/634 590/557/594 603/569/607
f 564/533/568 590/557/594 630/595/634
f 627/592/631 624/589/628 631/596/635
f 631/596/635 624/589/628 625/590/629
f 627/592/631 631/596/635 628/593/632
f 632/597/636 633/598/637 634/599/638
f 634/599/638 635/600/639 632/597/636
f 636/601/640 635/600/639 634/599/638
f 637/602/641 633/598/637 632/597/636
f 638/603/642 633/598/637 637/602/641
f 638/603/642 639/604/643 633/598/637
f 633/598/637 639/604/643 634/599/638
f 634/599/638 639/604/643 640/605/644
f 640/605/644 641/606/645 634/599/638
f 636/601/640 634/599/638 641/606/645
f 637/602/641 642/607/646 638/603/642
f 638/603/642 642/607/646 643/608/647
f 643/608/647 644/609/648 638/603/642
f 638/603/642 644/609/648 639/604/643
f 644/609/648 645/610/649 639/604/643
f 640/605/644 639/604/643 645/610/649
f 632/597/636 646/611/650 637/602/641
f 632/597/636 647/612/651 646/611/650
f 632/597/636 635/600/639 647/612/651
f 645/610/649 648/613/652 640/605/644
f 648/613/652 645/610/649 649/614/653
f 649/614/653 650/615/654 648/613/652
f 645/610/649 651/616/655 649/614/653
f 649/614/653 651/616/655 652/617/656
f 642/607/646 637/602/641 653/618/657
f 653/618/657 637/602/641 646/611/650
f 653/618/657 654/619/658 642/607/646
f 654/619/658 653/618/657 655/620/659
f 655/620/659 656/621/660 654/619/658
f 657/622/661 656/621/660 655/620/659
f 655/620/659 658/623/662 657/622/661
f 659/624/663 657/622/661 658/623/662
f 658/623/662 660/625/664 659/624/663
f 660/625/664 658/623/662 661/626/665
f 661/626/665 658/623/662 655/620/659
f 661/626/665 662/627/666 660/625/664
f 654/619/658 656/621/660 663/628/667
f 655/620/659 664/629/668 661/626/665
f 664/629/668 655/620/659 653/618/657
f 665/630/669 657/622/661 659/624/663
f 656/621/660 657/622/661 665/630/669
f 665/630/669 663/628/667 656/621/660
f 661/626/665 666/631/670 662/627/666
f 666/631/670 661/626/665 664/629/668
f 653/618/657 667/632/671 664/629/668
f 667/632/671 668/633/672 664/629/668
f 664/629/668 668/633/672 666/631/670
f 668/633/672 667/632/671 646/611/650
f 646/611/650 667/632/671 653/618/657
f 646/611/650 647/612/651 668/633/672
f 635/600/639 669/634/673 647/612/651
f 635/600/639 670/635/674 669/634/673
f 671/636/675 670/635/674 635/600/639
f 672/637/676 670/635/674 671/636/675
f 671/636/675 673/638/677 672/637/676
f 673/638/677 671/636/675 674/639/678
f 674/639/678 675/640/679 673/638/677
f 673/638/677 675/640/679 676/641/680
f 676/641/680 677/642/681 673/638/677
f 635/600/639 636/601/640 671/636/675
f 677/642/681 676/641/680 678/643/682
f 678/643/682 679/644/683 677/642/681
f 680/645/684 679/644/683 678/643/682
f 678/643/682 681/646/685 680/645/684
f 679/644/683 680/645/684 682/647/686
f 682/647/686 683/648/687 679/644/683
f 677/642/681 679/644/683 683/648/687
f 681/646/685 678/643/682 684/649/688
f 684/649/688 675/640/679 674/639/678
f 676/641/680 675/640/679 684/649/688
f 678/643/682 676/641/680 684/649/688
f 683/648/687 685/650/689 677/642/681
f 685/650/689 672/637/676 673/638/677
f 673/638/677 677/642/681 685/650/689
f 683/648/687 686/651/690 685/650/689
f 686/651/690 672/637/676 685/650/689
f 684/649/688 674/639/678 687/652/691
f 687/652/691 636/601/640 688/653/692
f 689/654/693 683/648/687 682/647/686
f 683/648/687 689/654/693 686/651/690
f 671/636/675 636/601/640 687/652/691
f 687/652/691 674/639/678 671/636/675
f 636/601/640 641/606/645 688/653/692
f 670/635/674 672/637/676 686/651/690
f 670/635/674 686/651/690 669/634/673
f 690/655/694 645/610/649 691/656/695
f 690/655/694 691/656/695 692/657/696
f 692/657/696 691/656/695 644/609/648
f 644/609/648 691/656/695 645/610/649
f 644/609/648 693/658/697 692/657/696
f 692/657/696 694/659/698 690/655/694
f 690/655/694 694/659/698 695/660/699
f 696/661/700 692/657/696 693/658/697
f 694/659/698 692/657/696 696/661/700
f 693/658/697 697/662/701 696/661/700
f 697/662/701 693/658/697 698/608/702
f 693/658/697 644/609/648 698/608/702
f 698/608/702 699/663/703 697/662/701
f 696/661/700 700/664/704 694/659/698
f 700/664/704 696/661/700 701/665/705
f 701/665/705 696/661/700 697/662/701
f 701/665/705 702/666/706 700/664/704
f 700/664/704 702/666/706 703/667/707
f 700/664/704 703/667/707 695/660/699
f 704/668/708 702/666/706 701/665/705
f 701/665/705 705/669/709 704/668/708
f 706/670/710 704/668/708 705/669/709
f 705/669/709 707/671/711 706/670/710
f 707/671/711 705/669/709 708/672/712
f 708/672/712 705/669/709 701/665/705
f 708/672/712 709/673/713 707/671/711
f 709/673/713 708/672/712 710/674/714
f 701/665/705 711/675/715 708/672/712
f 710/674/714 708/672/712 711/675/715
f 711/675/715 699/663/703 710/674/714
f 697/662/701 711/675/715 701/665/705
f 711/675/715 697/662/701 699/663/703
f 712/676/716 704/668/708 706/670/710
f 702/666/706 704/668/708 712/676/716
f 712/676/716 703/667/707 702/666/706
f 713/660/717 694/659/698 700/664/704
f 714/677/718 715/678/719 651/616/655
f 651/616/655 690/655/694 714/677/718
f 715/678/719 714/677/718 716/679/720
f 716/679/720 714/677/718 717/660/721
f 717/660/721 718/680/722 716/679/720
f 716/679/720 719/681/723 715/678/719
f 720/682/724 715/678/719 719/681/723
f 719/681/723 721/683/725 720/682/724
f 722/684/726 719/681/723 716/679/720
f 716/679/720 723/685/727 722/684/726
f 723/685/727 716/679/720 718/680/722
f 723/685/727 718/680/722 724/686/728
f 724/686/728 725/687/729 723/685/727
f 722/684/726 723/685/727 725/687/729
f 719/681/723 722/684/726 726/688/730
f 726/688/730 721/683/725 719/681/723
f 721/683/725 726/688/730 727/689/731
f 720/682/724 721/683/725 727/689/731
f 725/687/729 724/686/728 728/690/732
f 725/687/729 728/690/732 729/691/733
f 729/691/733 730/692/734 725/687/729
f 725/687/729 730/692/734 722/684/726
f 730/692/734 729/691/733 731/693/735
f 731/693/735 732/694/736 730/692/734
f 722/684/726 730/692/734 732/694/736
f 732/694/736 726/688/730 722/684/726
f 733/695/737 732/694/736 731/693/735
f 726/688/730 732/694/736 733/695/737
f 733/695/737 727/689/731 726/688/730
f 727/689/731 734/696/738 720/682/724
f 652/617/656 720/682/724 734/696/738
f 734/696/738 735/697/739 652/617/656
f 735/697/739 649/614/653 652/617/656
f 736/698/740 649/614/653 735/697/739
f 650/615/654 649/614/653 736/698/740
f 737/699/741 650/615/654 736/698/740
f 652/617/656 651/616/655 715/678/719
f 715/678/719 720/682/724 652/617/656
f 690/655/694 651/616/655 645/610/649
f 714/677/718 690/655/694 695/660/699
f 738/700/742 560/529/564 591/533/595
f 558/527/562 560/529/564 738/700/742
f 739/533/743 740/594/743 738/700/744
f 561/530/565 741/701/745 566/535/570
f 561/530/565 562/531/566 741/701/745
f 742/702/746 495/465/498 743/703/747
f 743/703/747 744/704/748 742/702/746
f 495/465/498 742/702/746 745/705/749
f 745/705/749 490/460/493 495/465/498
f 490/460/493 745/705/749 494/464/497
f 743/703/747 495/465/498 496/466/499
f 496/466/499 505/475/508 743/703/747
f 116/112/118 117/113/119 746/706/750
f 746/706/750 747/707/751 116/112/118
f 746/706/750 117/113/119 118/114/120
f 118/114/120 748/708/752 746/706/750
f 747/707/751 746/706/750 749/709/753
f 749/709/753 746/706/750 748/708/752
f 749/709/753 750/710/754 747/707/751
f 747/707/751 750/710/754 751/711/755
f 751/711/755 752/712/756 747/707/751
f 116/112/118 747/707/751 752/712/756
f 752/712/756 122/118/124 116/112/118
f 125/121/127 122/118/124 752/712/756
f 748/708/752 753/713/757 749/709/753
f 754/714/758 752/712/756 751/711/755
f 125/121/127 752/712/756 754/714/758
f 118/114/120 121/117/123 748/708/752
f 748/708/752 121/117/123 755/713/759
f 125/121/127 754/714/758 139/135/141
f 139/135/141 135/131/137 125/121/127
f 756/12/760 757/11/760 758/8/760
f 59/56/61 58/55/60 759/715/761
f 760/716/762 761/717/763 762/718/764
f 763/719/765 761/717/763 760/716/762
f 764/720/766 761/717/763 763/719/765
f 765/721/767 761/717/763 764/720/766
f 766/722/768 761/717/763 765/721/767
f 767/723/769 761/717/763 766/722/768
f 768/724/770 761/717/763 767/723/769
f 769/725/771 761/717/763 768/724/770
f 770/726/772 761/717/763 769/725/771
f 771/727/773 761/717/763 770/726/772
f 762/718/764 761/717/763 771/727/773
f 760/716/762 762/718/764 772/117/774
f 772/117/774 762/718/764 771/727/773
f 772/117/774 773/146/775 760/716/762
f 763/719/765 760/716/762 774/146/776
f 774/146/776 775/139/777 763/719/765
f 776/138/778 764/720/766 763/719/765
f 763/719/765 775/139/777 776/138/778
f 777/136/779 765/721/767 764/720/766
f 764/720/766 776/138/778 777/136/779
f 778/135/780 766/722/768 765/721/767
f 767/723/769 766/722/768 778/135/780
f 765/721/767 779/136/781 778/135/780
f 778/135/780 780/714/782 767/723/769
f 768/724/770 767/723/769 780/714/782
f 780/714/782 781/711/783 768/724/770
f 769/725/771 768/724/770 782/711/784
f 782/711/784 783/710/785 769/725/771
f 784/709/786 770/726/772 769/725/771
f 769/725/771 783/710/785 784/709/786
f 785/713/787 771/727/773 770/726/772
f 770/726/772 784/709/786 786/713/788
f 771/727/789 787/713/790 788/117/790
f 516/486/519 789/728/791 503/473/506
f 503/473/506 789/728/791 506/476/509
f 350/322/353 324/298/327 321/295/324
f 790/287/792 791/288/792 792/445/792
f 793/27/793 794/24/793 24/23/25
f 24/23/25 795/729/794 796/27/795
f 34/31/36 795/729/794 24/23/25
f 137/133/139 155/151/157 136/132/138
f 155/151/157 137/133/139 145/141/147
f 797/730/796 798/731/797 799/732/798
f 800/733/799 799/732/798 798/731/797
f 798/731/797 801/734/800 800/733/799
f 801/734/800 798/731/797 802/735/801
f 803/730/802 802/735/801 798/731/797
f 802/735/801 804/736/803 801/734/800
f 804/736/803 802/735/801 805/737/804
f 805/737/804 806/738/805 804/736/803
f 806/738/805 805/737/804 807/739/806
f 808/740/807 807/739/806 805/737/804
f 805/737/804 809/741/808 808/740/807
f 810/730/809 809/741/808 805/737/804
f 810/730/809 805/737/804 802/735/801
f 801/734/800 804/736/803 811/738/810
f 812/742/811 813/743/812 799/732/798
f 799/732/798 814/744/813 812/742/811
f 815/739/814 816/745/815 806/738/805
f 817/733/816 818/738/816 816/745/817
f 818/738/816 817/733/816 801/734/800
f 816/745/817 819/746/818 800/733/819
f 814/744/813 799/732/798 820/733/820
f 820/733/820 821/746/821 814/744/813
f 822/730/822 799/732/798 813/743/812
f 463/435/466 450/422/453 451/423/454
f 443/415/446 450/422/453 463/435/466
f 463/435/466 465/437/468 443/415/446
f 441/413/444 443/415/446 465/437/468
f 823/747/823 141/137/143 144/140/146
f 144/140/146 824/748/824 823/747/823
f 146/142/148 141/137/143 823/747/823
f 823/747/823 825/749/825 146/142/148
f 146/142/148 825/749/825 826/750/826
f 826/750/826 827/751/827 146/142/148
f 824/748/824 144/140/146 149/145/151
f 149/145/151 828/752/828 824/748/824
f 164/159/167 828/752/828 149/145/151
f 146/142/148 827/751/827 148/144/150
f 206/192/209 201/187/204 829/189/829
f 642/607/646 654/619/658 663/628/667
f 663/628/667 643/608/647 642/607/646
f 830/3/830 831/2/831 832/1/832
f 830/3/830 832/1/832 833/4/833
f 834/5/834 830/3/830 833/4/833
f 835/6/835 830/3/830 834/5/834
f 834/5/834 836/7/836 835/6/835
f 837/8/837 836/7/836 834/5/834
f 836/7/836 837/8/837 838/9/838
f 838/9/838 839/10/839 836/7/836
f 834/5/834 840/11/840 837/8/837
f 834/5/834 841/12/841 840/11/840
f 834/5/834 833/4/833 841/12/841
f 841/12/841 842/13/842 837/8/837
f 843/14/843 838/9/838 837/8/837
f 837/8/837 842/13/842 843/14/843
f 838/9/838 843/14/843 844/15/844
f 844/15/844 839/10/839 838/9/838
f 845/16/845 839/10/839 844/15/844
f 836/7/836 839/10/839 846/17/846
f 846/17/846 835/6/835 836/7/836
f 845/16/845 844/15/844 847/18/847
f 847/18/847 848/19/848 845/16/845
f 849/20/849 845/16/845 848/19/848
f 849/20/849 846/17/846 839/10/839
f 839/10/839 845/16/845 849/20/849
f 849/20/849 850/21/850 846/17/846
f 850/21/850 835/6/835 846/17/846
f 851/22/851 850/21/850 849/20/849
f 852/19/852 851/22/851 849/20/849
f 853/23/853 851/22/851 852/19/852
f 853/23/853 850/21/850 851/22/851
f 848/19/848 854/24/854 853/23/853
f 854/24/854 855/19/855 847/18/847
f 856/25/856 847/18/847 844/15/844
f 844/15/844 843/14/843 856/25/856
f 857/26/857 847/18/847 856/25/856
f 847/18/847 857/26/857 858/24/858
f 859/27/859 858/24/858 857/26/857
f 857/26/857 860/28/860 859/27/859
f 860/28/860 857/26/857 861/29/861
f 856/25/856 861/29/861 857/26/857
f 861/29/861 862/30/862 860/28/860
f 863/31/863 850/21/850 853/23/853
f 864/32/864 850/21/850 863/31/863
f 865/33/865 850/21/850 864/32/864
f 830/3/830 850/21/850 865/33/865
f 835/6/835 850/21/850 830/3/830
f 865/33/865 831/2/831 830/3/830
f 864/32/864 866/34/866 865/33/865
f 865/33/865 866/34/866 831/2/831
f 867/35/867 866/34/866 864/32/864
f 866/34/866 867/35/867 868/36/868
f 869/37/869 868/36/868 867/35/867
f 869/37/869 867/35/867 864/32/864
f 870/38/870 869/37/869 864/32/864
f 868/36/868 869/37/869 871/39/871
f 872/40/872 871/39/871 869/37/869
f 869/37/869 873/41/873 872/40/872
f 869/37/869 870/38/870 873/41/873
f 874/42/874 871/39/871 872/40/872
f 872/40/872 875/43/875 874/42/874
f 876/44/876 871/39/871 874/42/874
f 871/39/871 876/44/876 868/36/868
f 877/45/877 868/36/868 876/44/876
f 878/46/878 877/45/877 876/44/876
f 878/46/878 876/44/876 874/42/874
f 878/46/878 874/42/874 879/47/879
f 874/42/874 875/43/875 879/47/879
f 866/34/866 832/1/832 831/2/831
f 866/34/866 868/36/868 832/1/832
f 880/48/880 881/50/881 882/49/882
f 880/48/880 882/49/882 883/51/883
f 880/48/880 883/51/883 884/52/884
f 884/52/884 883/51/883 885/53/885
f 886/54/886 880/48/880 884/52/884
f 884/52/884 887/55/887 886/54/886
f 884/52/884 888/56/888 887/55/887
f 888/56/888 884/52/884 889/57/889
f 889/57/889 884/52/884 890/58/890
f 890/58/890 884/52/884 885/53/885
f 889/57/889 891/59/891 888/56/888
f 889/57/889 890/58/890 892/60/892
f 889/57/889 892/60/892 893/61/893
f 894/62/894 893/61/893 892/60/892
f 892/60/892 895/63/895 894/62/894
f 895/63/895 892/60/892 896/64/896
f 892/60/892 890/58/890 896/64/896
f 896/64/896 897/65/897 895/63/895
f 895/63/895 897/65/897 898/66/898
f 898/66/898 899/67/899 895/63/895
f 900/68/900 899/67/899 898/66/898
f 898/66/898 901/69/901 900/68/900
f 900/68/900 901/69/901 902/70/902
f 902/70/902 903/71/903 900/68/900
f 904/72/904 903/71/903 902/70/902
f 902/70/902 905/73/905 904/72/904
f 906/74/906 904/72/904 905/73/905
f 905/73/905 907/75/907 906/74/906
f 908/76/908 906/74/906 907/75/907
f 907/75/907 909/77/909 908/76/908
f 909/77/909 907/75/907 910/78/910
f 910/78/910 911/79/911 909/77/909
f 912/80/912 911/79/911 910/78/910
f 911/79/911 912/80/912 913/81/913
f 913/81/913 912/80/912 914/82/914
f 910/78/910 914/82/914 912/80/912
f 914/82/914 915/83/915 913/81/913
f 915/83/915 914/82/914 916/84/916
f 916/84/916 917/85/917 915/83/915
f 913/81/913 918/86/918 911/79/911
f 914/82/914 910/78/910 919/87/919
f 919/87/919 916/84/916 914/82/914
f 907/75/907 905/73/905 919/87/919
f 919/87/919 910/78/910 907/75/907
f 916/84/916 919/87/919 920/88/920
f 919/87/919 905/73/905 920/88/920
f 920/88/920 921/89/921 916/84/916
f 916/84/916 921/89/921 922/90/922
f 922/90/922 923/85/923 916/84/916
f 911/79/911 918/86/918 924/91/924
f 924/91/924 909/77/909 911/79/911
f 925/92/925 926/94/926 920/88/920
f 920/88/920 927/93/927 925/92/925
f 920/88/920 928/95/928 927/93/927
f 929/96/929 928/95/928 920/88/920
f 901/69/901 928/95/928 929/96/929
f 929/96/929 902/70/902 901/69/901
f 905/73/905 902/70/902 929/96/929
f 920/88/920 905/73/905 929/96/929
f 930/97/930 928/95/928 901/69/901
f 925/92/925 927/93/927 930/97/930
f 928/95/928 930/97/930 927/93/927
f 901/69/901 898/66/898 930/97/930
f 931/98/931 926/94/926 925/92/925
f 925/92/925 932/99/932 931/98/931
f 932/99/932 925/92/925 933/100/933
f 930/97/930 933/100/933 925/92/925
f 933/100/933 930/97/930 898/66/898
f 933/100/933 934/101/934 932/99/932
f 935/102/935 931/98/931 932/99/932
f 931/98/931 935/102/935 936/103/936
f 936/103/936 937/104/937 931/98/931
f 926/94/926 931/98/931 937/104/937
f 938/105/938 937/104/937 936/103/936
f 936/103/936 939/106/939 938/105/938
f 939/106/939 936/103/936 940/107/940
f 940/107/940 936/103/936 935/102/935
f 940/107/940 941/108/941 939/106/939
f 935/102/935 942/109/942 940/107/940
f 942/109/942 935/102/935 943/110/943
f 932/99/932 943/110/943 935/102/935
f 943/110/943 944/111/944 942/109/942
f 940/107/940 942/109/942 945/112/945
f 945/112/945 946/113/946 940/107/940
f 941/108/941 940/107/940 946/113/946
f 941/108/941 946/113/946 947/114/947
f 947/114/947 948/115/948 941/108/941
f 949/116/949 948/115/948 947/114/947
f 947/114/947 950/117/950 949/116/949
f 951/118/951 945/112/945 942/109/942
f 942/109/942 944/111/944 951/118/951
f 944/111/944 943/110/943 952/119/952
f 952/119/952 953/120/953 944/111/944
f 951/118/951 944/111/944 953/120/953
f 951/118/951 953/120/953 954/121/954
f 953/120/953 952/119/952 955/122/955
f 955/122/955 956/123/956 953/120/953
f 957/124/957 956/123/956 955/122/955
f 955/122/955 958/125/958 957/124/957
f 932/99/932 955/122/955 952/119/952
f 943/110/943 932/99/932 952/119/952
f 959/126/959 957/124/957 958/125/958
f 960/127/960 959/126/959 958/125/958
f 961/128/961 959/126/959 960/127/960
f 962/129/962 961/128/961 960/127/960
f 960/127/960 890/58/890 962/129/962
f 885/53/885 962/129/962 890/58/890
f 963/130/963 953/120/953 956/123/956
f 953/120/953 963/130/963 954/121/954
f 964/131/964 954/121/954 963/130/963
f 956/123/956 965/132/965 963/130/963
f 965/132/965 956/123/956 957/124/957
f 966/133/966 963/130/963 965/132/965
f 964/131/964 963/130/963 966/133/966
f 967/134/967 964/131/964 966/133/966
f 968/135/968 964/131/964 967/134/967
f 967/134/967 969/136/969 968/135/968
f 969/136/969 967/134/967 970/137/970
f 970/137/970 971/138/971 969/136/969
f 972/139/972 971/138/971 970/137/970
f 970/137/970 973/140/973 972/139/972
f 967/134/967 966/133/966 974/141/974
f 967/134/967 974/141/974 975/142/975
f 967/134/967 975/142/975 970/137/970
f 974/141/974 976/143/976 975/142/975
f 976/143/976 977/144/977 975/142/975
f 972/139/972 973/140/973 978/145/978
f 978/145/978 979/146/979 972/139/972
f 979/146/979 978/145/978 980/147/980
f 980/147/980 949/116/949 979/146/979
f 976/143/976 974/141/974 981/148/981
f 981/148/981 982/149/982 976/143/976
f 983/150/983 981/148/981 974/141/974
f 984/151/984 983/150/983 974/141/974
f 985/152/985 981/148/981 983/150/983
f 981/148/981 985/152/985 982/149/982
f 986/153/986 982/149/982 985/152/985
f 987/154/987 982/149/982 986/153/986
f 985/152/985 988/155/988 986/153/986
f 986/153/986 988/155/988 989/156/989
f 989/156/989 990/157/990 986/153/986
f 987/154/987 986/153/986 991/157/991
f 990/157/992 992/158/993 987/154/987
f 993/159/994 980/147/980 978/145/978
f 978/145/978 994/752/995 993/159/994
f 995/748/996 994/752/995 978/145/978
f 978/145/978 973/140/973 995/748/996
f 996/747/997 995/748/996 973/140/973
f 973/140/973 970/137/970 996/747/997
f 996/747/997 970/137/970 975/142/975
f 975/142/975 997/749/998 996/747/997
f 998/750/999 997/749/998 975/142/975
f 975/142/975 999/751/1000 998/750/999
f 1000/170/1001 989/156/989 988/155/988
f 1001/169/1002 1000/170/1001 988/155/988
f 1000/170/1001 1001/169/1002 1002/168/1003
f 1002/168/1003 1001/169/1002 1003/161/1004
f 1000/170/1001 1004/173/1005 989/156/989
f 1002/168/1003 1005/171/1006 1000/170/1001
f 1000/170/1001 1005/171/1006 1004/173/1005
f 1001/169/1002 988/155/988 985/152/985
f 985/152/985 983/150/983 1001/169/1002
f 1003/161/1004 1001/169/1002 983/150/983
f 1003/161/1004 983/150/983 1006/160/1007
f 1006/160/1007 983/150/983 984/151/984
f 984/151/984 1007/162/1008 1006/160/1007
f 965/132/965 1007/162/1008 984/151/984
f 1008/163/1009 1006/160/1007 1007/162/1008
f 1008/163/1009 881/50/881 1006/160/1007
f 881/50/881 1003/161/1004 1006/160/1007
f 881/50/881 1009/164/1010 1003/161/1004
f 1009/164/1010 1002/168/1003 1003/161/1004
f 1010/167/1011 1002/168/1003 1009/164/1010
f 1010/167/1011 1005/171/1006 1002/168/1003
f 1011/172/1012 1005/171/1006 1010/167/1011
f 881/50/881 1012/165/1013 1009/164/1010
f 1012/165/1013 1010/167/1011 1009/164/1010
f 1012/165/1013 881/50/881 880/48/880
f 880/48/880 886/54/886 1012/165/1013
f 965/132/965 1013/166/1014 1007/162/1008
f 957/124/957 1013/166/1014 965/132/965
f 966/133/966 965/132/965 984/151/984
f 984/151/984 974/141/974 966/133/966
f 976/143/976 1014/175/1015 1015/176/1016
f 982/149/982 1014/175/1015 976/143/976
f 1016/176/1017 1017/144/1017 976/143/1018
f 1018/178/1019 1019/181/1020 1020/180/1021
f 1020/180/1021 1021/179/1022 1018/178/1019
f 1022/182/1023 1018/178/1019 1021/179/1022
f 1021/179/1022 1023/183/1024 1022/182/1023
f 1020/180/1021 1019/181/1020 1024/184/1025
f 1024/184/1025 1025/185/1026 1020/180/1021
f 1026/186/1027 1020/180/1021 1025/185/1026
f 1022/182/1023 1023/183/1024 1027/187/1028
f 1027/187/1028 1028/188/1029 1022/182/1023
f 1028/188/1029 1027/187/1028 1029/189/1030
f 1029/189/1030 1030/190/1031 1028/188/1029
f 1027/187/1028 1023/183/1024 1031/191/1032
f 1031/191/1032 1032/192/1033 1027/187/1028
f 1028/188/1029 1030/190/1031 1033/193/1034
f 1033/193/1034 1034/194/1035 1028/188/1029
f 1034/194/1035 1022/182/1023 1028/188/1029
f 1035/195/1036 1034/194/1035 1033/193/1034
f 1018/178/1019 1022/182/1023 1034/194/1035
f 1034/194/1035 1035/195/1036 1018/178/1019
f 1019/181/1020 1018/178/1019 1035/195/1036
f 1035/195/1036 1036/196/1037 1019/181/1020
f 1036/196/1037 1035/195/1036 1037/197/1038
f 1038/193/1039 1037/197/1038 1035/195/1036
f 1037/197/1038 1039/198/1040 1036/196/1037
f 1040/199/1041 1036/196/1037 1039/198/1040
f 1019/181/1020 1036/196/1037 1040/199/1041
f 1039/198/1040 1041/200/1042 1040/199/1041
f 1040/199/1041 1024/184/1025 1019/181/1020
f 1032/192/1033 1031/191/1032 1042/201/1043
f 1042/201/1043 1031/191/1032 1023/183/1024
f 1023/183/1024 1021/179/1022 1042/201/1043
f 1042/201/1043 1043/202/1044 1032/192/1033
f 1044/203/1045 1043/202/1044 1042/201/1043
f 1042/201/1043 1026/186/1027 1044/203/1045
f 1042/201/1043 1021/179/1022 1020/180/1021
f 1020/180/1021 1026/186/1027 1042/201/1043
f 1045/204/1046 1046/90/1047 1047/89/1048
f 1047/89/1048 1048/205/1049 1045/204/1046
f 920/88/920 1048/205/1049 1047/89/1048
f 926/94/926 1048/205/1049 920/88/920
f 1045/204/1046 1048/205/1049 926/94/926
f 926/94/926 1049/206/1050 1045/204/1046
f 937/104/937 1049/206/1050 926/94/926
f 937/104/937 938/105/938 1049/206/1050
f 1050/207/1051 906/74/906 908/76/908
f 908/76/908 1051/208/1052 1050/207/1051
f 904/72/904 906/74/906 1050/207/1051
f 1050/207/1051 1052/209/1053 904/72/904
f 903/71/903 904/72/904 1052/209/1053
f 1052/209/1053 1053/210/1054 903/71/903
f 900/68/900 903/71/903 1053/210/1054
f 1054/91/1055 1051/208/1052 908/76/908
f 908/76/908 909/77/909 1054/91/1055
f 1055/210/1056 1056/211/1057 900/68/900
f 900/68/900 1056/211/1057 1057/212/1058
f 1057/212/1058 899/67/899 900/68/900
f 895/63/895 899/67/899 1057/212/1058
f 1057/212/1058 894/62/894 895/63/895
f 893/61/893 1058/59/1059 889/57/889
f 934/101/934 933/100/933 897/65/897
f 897/65/897 896/64/896 934/101/934
f 898/66/898 897/65/897 933/100/933
f 934/101/934 896/64/896 960/127/960
f 960/127/960 958/125/958 934/101/934
f 955/122/955 934/101/934 958/125/958
f 890/58/890 960/127/960 896/64/896
f 932/99/932 934/101/934 955/122/955
f 1059/213/1060 1060/216/1061 1061/215/1062
f 1061/215/1062 1062/214/1063 1059/213/1060
f 1062/214/1063 1063/217/1064 1059/213/1060
f 1062/214/1063 1064/218/1065 1063/217/1064
f 1065/219/1066 1060/216/1061 1059/213/1060
f 1059/213/1060 1066/220/1067 1065/219/1066
f 1067/221/1068 1065/219/1066 1066/220/1067
f 1066/220/1067 1068/222/1069 1067/221/1068
f 1069/223/1070 1068/222/1069 1066/220/1067
f 1066/220/1067 1070/224/1071 1069/223/1070
f 1059/213/1060 1063/217/1064 1070/224/1071
f 1070/224/1071 1066/220/1067 1059/213/1060
f 1071/225/1072 1070/224/1071 1063/217/1064
f 1069/223/1070 1070/224/1071 1071/225/1072
f 1072/226/1073 1071/225/1072 1063/217/1064
f 1063/217/1064 1073/227/1074 1072/226/1073
f 1063/217/1064 1064/218/1065 1073/227/1074
f 1067/221/1068 1068/222/1069 1074/228/1075
f 1074/228/1075 1075/229/1076 1067/221/1068
f 1075/229/1076 1074/228/1075 1076/230/1077
f 1076/230/1077 1077/231/1078 1075/229/1076
f 1078/232/1079 1074/228/1075 1068/222/1069
f 1069/223/1070 1078/232/1079 1068/222/1069
f 1078/232/1079 1079/233/1080 1074/228/1075
f 1074/228/1075 1079/233/1080 1076/230/1077
f 1069/223/1070 1080/234/1081 1078/232/1079
f 1078/232/1079 1080/234/1081 1081/235/1082
f 1079/233/1080 1078/232/1079 1081/235/1082
f 1082/236/1083 1071/225/1072 1072/226/1073
f 1069/223/1070 1071/225/1072 1082/236/1083
f 1072/226/1073 1083/237/1084 1082/236/1083
f 1082/236/1083 1084/238/1085 1069/223/1070
f 1069/223/1070 1084/238/1085 1080/234/1081
f 1080/234/1081 1085/239/1086 1081/235/1082
f 1076/230/1077 1079/233/1080 1086/240/1087
f 1086/240/1087 1087/241/1088 1076/230/1077
f 1077/231/1078 1076/230/1077 1087/241/1088
f 1081/235/1082 1088/242/1089 1079/233/1080
f 1086/240/1087 1079/233/1080 1088/242/1089
f 1088/242/1089 1081/235/1082 1089/243/1090
f 1089/243/1090 1090/244/1091 1088/242/1089
f 1091/245/1092 1090/244/1091 1089/243/1090
f 1089/243/1090 1092/246/1093 1091/245/1092
f 1093/247/1094 1091/245/1092 1092/246/1093
f 1092/246/1093 1094/248/1095 1093/247/1094
f 1093/247/1094 1094/248/1095 1095/249/1096
f 1096/250/1097 1095/249/1096 1094/248/1095
f 1094/248/1095 1097/251/1098 1096/250/1097
f 1095/249/1096 1096/250/1097 1098/252/1099
f 1099/253/1100 1098/252/1099 1096/250/1097
f 1096/250/1097 1100/254/1101 1099/253/1100
f 1100/254/1101 1096/250/1097 1097/251/1098
f 1101/255/1102 1099/253/1100 1100/254/1101
f 1100/254/1101 1102/256/1103 1101/255/1102
f 1102/256/1103 1100/254/1101 1103/257/1104
f 1103/257/1104 1104/258/1105 1102/256/1103
f 1103/257/1104 1105/259/1106 1104/258/1105
f 1106/260/1107 1104/258/1105 1105/259/1106
f 1105/259/1106 1107/261/1108 1106/260/1107
f 1108/262/1109 1107/261/1108 1105/259/1106
f 1105/259/1106 1109/263/1110 1108/262/1109
f 1109/263/1110 1105/259/1106 1103/257/1104
f 1098/252/1099 1110/264/1111 1095/249/1096
f 1111/265/1112 1108/262/1109 1109/263/1110
f 1109/263/1110 1112/266/1113 1111/265/1112
f 1113/267/1114 1112/266/1113 1109/263/1110
f 1109/263/1110 1114/268/1115 1113/267/1114
f 1114/268/1115 1103/257/1104 1100/254/1101
f 1103/257/1104 1114/268/1115 1109/263/1110
f 1097/251/1098 1113/267/1114 1114/268/1115
f 1100/254/1101 1097/251/1098 1114/268/1115
f 1097/251/1098 1115/269/1116 1113/267/1114
f 1094/248/1095 1115/269/1116 1097/251/1098
f 1116/270/1117 1115/269/1116 1094/248/1095
f 1116/270/1117 1094/248/1095 1117/271/1118
f 1118/272/1119 1116/270/1117 1117/271/1118
f 1117/271/1118 1119/273/1120 1118/272/1119
f 1118/272/1119 1119/273/1120 1085/239/1086
f 1085/239/1086 1120/274/1121 1118/272/1119
f 1081/235/1082 1085/239/1086 1119/273/1120
f 1119/273/1120 1089/243/1090 1081/235/1082
f 1119/273/1120 1117/271/1118 1092/246/1093
f 1092/246/1093 1089/243/1090 1119/273/1120
f 1117/271/1118 1094/248/1095 1092/246/1093
f 1120/274/1121 1085/239/1086 1080/234/1081
f 1080/234/1081 1084/238/1085 1120/274/1121
f 1121/275/1122 1122/278/1123 1123/277/1124
f 1123/277/1124 1124/276/1125 1121/275/1122
f 1125/279/1126 1124/276/1125 1123/277/1124
f 1123/277/1124 1122/278/1123 1126/280/1127
f 1126/280/1127 1122/278/1123 1121/275/1122
f 1126/280/1127 1127/281/1128 1123/277/1124
f 1127/281/1128 1126/280/1127 1128/282/1129
f 1129/283/1130 1128/282/1129 1126/280/1127
f 1126/280/1127 1130/284/1131 1129/283/1130
f 1121/275/1122 1130/284/1131 1126/280/1127
f 1131/285/1132 1123/277/1124 1127/281/1128
f 1123/277/1124 1131/285/1132 1132/279/1133
f 1127/281/1128 1133/286/1134 1131/285/1132
f 1132/279/1133 1131/285/1132 1133/286/1134
f 1134/287/1135 1133/286/1134 1127/281/1128
f 1133/286/1134 1134/287/1135 1135/288/1136
f 1127/281/1128 1136/289/1137 1134/287/1135
f 1133/286/1134 1137/290/1138 1132/279/1133
f 1138/288/1139 1137/290/1138 1133/286/1134
f 1139/282/1140 1140/289/1140 1127/281/1141
f 1141/283/1142 1142/292/1143 1143/291/1144
f 1143/291/1144 1144/282/1145 1141/283/1142
f 1143/291/1144 1142/292/1143 1145/293/1146
f 1145/293/1146 1146/294/1147 1143/291/1144
f 1147/295/1148 1146/294/1147 1145/293/1146
f 1145/293/1146 1148/296/1149 1147/295/1148
f 1147/295/1148 1148/296/1149 1149/297/1150
f 1149/297/1150 1150/298/1151 1147/295/1148
f 1144/282/1145 1143/291/1144 1151/299/1152
f 1151/299/1152 1143/291/1144 1152/300/1153
f 1153/301/1154 1152/300/1153 1143/291/1144
f 1153/301/1154 1154/302/1155 1152/300/1153
f 1155/303/1156 1152/300/1153 1154/302/1155
f 1151/299/1152 1152/300/1153 1155/303/1156
f 1154/302/1155 1156/304/1157 1155/303/1156
f 1151/299/1152 1157/289/1158 1144/282/1145
f 1157/289/1158 1151/299/1152 1158/287/1159
f 1151/299/1152 1159/305/1160 1158/287/1159
f 1155/303/1156 1159/305/1160 1151/299/1152
f 1160/306/1161 1154/302/1155 1153/301/1154
f 1161/307/1162 1154/302/1155 1160/306/1161
f 1160/306/1161 1162/308/1163 1161/307/1162
f 1162/308/1163 1160/306/1161 1163/309/1164
f 1163/309/1164 1164/310/1165 1162/308/1163
f 1165/311/1166 1162/308/1163 1164/310/1165
f 1161/307/1162 1162/308/1163 1165/311/1166
f 1164/310/1165 1166/312/1167 1165/311/1166
f 1167/313/1168 1165/311/1166 1166/312/1167
f 1166/312/1167 1168/314/1169 1167/313/1168
f 1167/313/1168 1168/314/1169 1169/315/1170
f 1169/315/1170 1170/316/1171 1167/313/1168
f 1171/317/1172 1163/309/1164 1160/306/1161
f 1160/306/1161 1172/318/1173 1171/317/1172
f 1173/319/1174 1171/317/1172 1172/318/1173
f 1172/318/1173 1174/320/1175 1173/319/1174
f 1175/321/1176 1173/319/1174 1174/320/1175
f 1174/320/1175 1176/322/1177 1175/321/1176
f 1177/323/1178 1171/317/1172 1173/319/1174
f 1173/319/1174 1178/324/1179 1177/323/1178
f 1178/324/1179 1173/319/1174 1175/321/1176
f 1175/321/1176 1179/325/1180 1178/324/1179
f 1174/320/1175 1172/318/1173 1146/294/1147
f 1146/294/1147 1172/318/1173 1143/291/1144
f 1143/291/1144 1172/318/1173 1153/301/1154
f 1153/301/1154 1172/318/1173 1160/306/1161
f 1146/294/1147 1147/295/1148 1174/320/1175
f 1176/322/1177 1174/320/1175 1147/295/1148
f 1171/317/1172 1177/323/1178 1180/326/1181
f 1180/326/1181 1177/323/1178 1181/327/1182
f 1181/327/1182 1177/323/1178 1178/324/1179
f 1181/327/1182 1182/328/1183 1180/326/1181
f 1183/329/1184 1180/326/1181 1182/328/1183
f 1182/328/1183 1184/330/1185 1183/329/1184
f 1185/331/1186 1183/329/1184 1184/330/1185
f 1184/330/1185 1186/332/1187 1185/331/1186
f 1187/333/1188 1185/331/1186 1186/332/1187
f 1186/332/1187 1188/334/1189 1187/333/1188
f 1189/335/1190 1187/333/1188 1188/334/1189
f 1188/334/1189 1190/336/1191 1189/335/1190
f 1191/337/1192 1188/334/1189 1186/332/1187
f 1190/336/1191 1188/334/1189 1191/337/1192
f 1186/332/1187 1192/338/1193 1191/337/1192
f 1192/338/1193 1186/332/1187 1184/330/1185
f 1184/330/1185 1193/339/1194 1192/338/1193
f 1194/340/1195 1191/337/1192 1192/338/1193
f 1195/341/1196 1191/337/1192 1194/340/1195
f 1191/337/1192 1195/341/1196 1190/336/1191
f 1194/340/1195 1196/342/1197 1195/341/1196
f 1197/343/1198 1195/341/1196 1196/342/1197
f 1196/342/1197 1198/344/1199 1197/343/1198
f 1199/345/1200 1198/344/1199 1196/342/1197
f 1196/342/1197 1200/346/1201 1199/345/1200
f 1192/338/1193 1201/347/1202 1194/340/1195
f 1201/347/1202 1192/338/1193 1193/339/1194
f 1193/339/1194 1202/348/1203 1201/347/1202
f 1203/349/1204 1202/348/1203 1193/339/1194
f 1193/339/1194 1204/350/1205 1203/349/1204
f 1201/347/1202 1202/348/1203 1205/351/1206
f 1205/351/1206 1202/348/1203 1203/349/1204
f 1205/351/1206 1206/352/1207 1201/347/1202
f 1194/340/1195 1201/347/1202 1206/352/1207
f 1207/353/1208 1203/349/1204 1204/350/1205
f 1208/354/1209 1203/349/1204 1207/353/1208
f 1203/349/1204 1208/354/1209 1205/351/1206
f 1207/353/1208 1209/355/1210 1208/354/1209
f 1204/350/1205 1210/356/1211 1207/353/1208
f 1211/357/1212 1209/355/1210 1207/353/1208
f 1207/353/1208 1212/358/1213 1211/357/1212
f 1211/357/1212 1212/358/1213 1213/359/1214
f 1213/359/1214 1214/360/1215 1211/357/1212
f 1213/359/1214 1212/358/1213 1215/361/1216
f 1207/353/1208 1210/356/1211 1215/361/1216
f 1215/361/1216 1212/358/1213 1207/353/1208
f 1215/361/1216 1216/362/1217 1213/359/1214
f 1215/361/1216 1210/356/1211 1181/327/1182
f 1181/327/1182 1217/363/1218 1215/361/1216
f 1216/362/1217 1215/361/1216 1217/363/1218
f 1217/363/1218 1218/364/1219 1216/362/1217
f 1210/356/1211 1204/350/1205 1182/328/1183
f 1182/328/1183 1181/327/1182 1210/356/1211
f 1184/330/1185 1182/328/1183 1204/350/1205
f 1204/350/1205 1193/339/1194 1184/330/1185
f 1178/324/1179 1217/363/1218 1181/327/1182
f 1217/363/1218 1178/324/1179 1179/325/1180
f 1179/325/1180 1218/364/1219 1217/363/1218
f 1211/357/1212 1214/360/1215 1219/365/1220
f 1219/365/1220 1220/366/1221 1211/357/1212
f 1220/366/1221 1219/365/1220 1221/367/1222
f 1220/366/1221 1221/367/1222 1222/368/1223
f 1222/368/1223 1221/367/1222 1223/369/1224
f 1224/370/1225 1223/369/1224 1221/367/1222
f 1221/367/1222 1225/371/1226 1224/370/1225
f 1221/367/1222 1219/365/1220 1225/371/1226
f 1222/368/1223 1226/372/1227 1220/366/1221
f 1220/366/1221 1226/372/1227 1209/355/1210
f 1209/355/1210 1226/372/1227 1227/373/1228
f 1222/368/1223 1227/373/1228 1226/372/1227
f 1228/374/1229 1227/373/1228 1222/368/1223
f 1229/375/1230 1228/374/1229 1222/368/1223
f 1222/368/1223 1230/376/1231 1229/375/1230
f 1222/368/1223 1223/369/1224 1230/376/1231
f 1231/377/1232 1228/374/1229 1229/375/1230
f 1227/373/1228 1228/374/1229 1231/377/1232
f 1229/375/1230 1232/378/1233 1231/377/1232
f 1233/379/1234 1231/377/1232 1232/378/1233
f 1232/378/1233 1234/380/1235 1233/379/1234
f 1235/381/1236 1233/379/1234 1234/380/1235
f 1234/380/1235 1236/382/1237 1235/381/1236
f 1237/383/1238 1235/381/1236 1236/382/1237
f 1236/382/1237 1238/384/1239 1237/383/1238
f 1237/383/1238 1238/384/1239 1239/385/1240
f 1239/385/1240 1240/386/1241 1237/383/1238
f 1240/386/1241 1239/385/1240 1241/387/1242
f 1241/387/1242 1242/388/1243 1240/386/1241
f 1242/388/1243 1241/387/1242 1243/389/1244
f 1243/389/1244 1244/390/1245 1242/388/1243
f 1233/379/1234 1245/391/1246 1231/377/1232
f 1240/386/1241 1246/392/1247 1237/383/1238
f 1235/381/1236 1237/383/1238 1247/393/1248
f 1237/383/1238 1246/392/1247 1247/393/1248
f 1247/393/1248 1248/394/1249 1235/381/1236
f 1248/394/1249 1245/391/1246 1233/379/1234
f 1233/379/1234 1235/381/1236 1248/394/1249
f 1249/395/1250 1248/394/1249 1247/393/1248
f 1249/395/1250 1245/391/1246 1248/394/1249
f 1247/393/1248 1250/396/1251 1249/395/1250
f 1250/396/1251 1247/393/1248 1246/392/1247
f 1251/397/1252 1245/391/1246 1249/395/1250
f 1249/395/1250 1252/398/1253 1251/397/1252
f 1246/392/1247 1240/386/1241 1253/399/1254
f 1253/399/1254 1240/386/1241 1242/388/1243
f 1244/390/1245 1253/399/1254 1242/388/1243
f 1254/400/1255 1246/392/1247 1253/399/1254
f 1246/392/1247 1254/400/1255 1250/396/1251
f 1244/390/1245 1255/401/1256 1253/399/1254
f 1255/401/1256 1256/402/1257 1253/399/1254
f 1253/399/1254 1256/402/1257 1254/400/1255
f 1249/395/1250 1250/396/1251 1257/403/1258
f 1257/403/1258 1252/398/1253 1249/395/1250
f 1254/400/1255 1256/402/1257 1257/403/1258
f 1257/403/1258 1250/396/1251 1254/400/1255
f 1206/352/1207 1252/398/1253 1257/403/1258
f 1251/397/1252 1252/398/1253 1206/352/1207
f 1257/403/1258 1258/404/1259 1206/352/1207
f 1258/404/1259 1257/403/1258 1256/402/1257
f 1206/352/1207 1205/351/1206 1251/397/1252
f 1200/346/1201 1256/402/1257 1255/401/1256
f 1256/402/1257 1200/346/1201 1258/404/1259
f 1255/401/1256 1199/345/1200 1200/346/1201
f 1258/404/1259 1200/346/1201 1196/342/1197
f 1196/342/1197 1194/340/1195 1258/404/1259
f 1206/352/1207 1258/404/1259 1194/340/1195
f 1227/373/1228 1251/397/1252 1205/351/1206
f 1231/377/1232 1251/397/1252 1227/373/1228
f 1205/351/1206 1208/354/1209 1227/373/1228
f 1227/373/1228 1208/354/1209 1209/355/1210
f 1209/355/1210 1211/357/1212 1220/366/1221
f 1231/377/1232 1245/391/1246 1251/397/1252
f 1259/405/1260 1260/408/1261 1261/407/1262
f 1261/407/1262 1262/406/1263 1259/405/1260
f 1263/409/1264 1260/408/1261 1259/405/1260
f 1259/405/1260 1264/410/1265 1263/409/1264
f 1261/407/1262 1260/408/1261 1265/411/1266
f 1265/411/1266 1266/412/1267 1261/407/1262
f 1261/407/1262 1266/412/1267 1267/413/1268
f 1267/413/1268 1268/414/1269 1261/407/1262
f 1268/414/1269 1267/413/1268 1269/415/1270
f 1269/415/1270 1270/416/1271 1268/414/1269
f 1271/417/1272 1268/414/1269 1270/416/1271
f 1271/417/1272 1262/406/1263 1261/407/1262
f 1261/407/1262 1268/414/1269 1271/417/1272
f 1270/416/1271 1272/418/1273 1271/417/1272
f 1272/418/1273 1270/416/1271 1273/419/1274
f 1273/419/1274 1274/420/1275 1272/418/1273
f 1086/240/1087 1274/420/1275 1273/419/1274
f 1273/419/1274 1275/421/1276 1086/240/1087
f 1270/416/1271 1269/415/1270 1276/422/1277
f 1276/422/1277 1273/419/1274 1270/416/1271
f 1273/419/1274 1276/422/1277 1277/423/1278
f 1277/423/1278 1275/421/1276 1273/419/1274
f 1091/245/1092 1271/417/1272 1272/418/1273
f 1262/406/1263 1271/417/1272 1091/245/1092
f 1091/245/1092 1093/247/1094 1262/406/1263
f 1262/406/1263 1093/247/1094 1278/424/1279
f 1095/249/1096 1278/424/1279 1093/247/1094
f 1279/425/1280 1278/424/1279 1095/249/1096
f 1095/249/1096 1110/264/1111 1279/425/1280
f 1278/424/1279 1259/405/1260 1262/406/1263
f 1272/418/1273 1090/244/1091 1091/245/1092
f 1090/244/1091 1272/418/1273 1274/420/1275
f 1274/420/1275 1088/242/1089 1090/244/1091
f 1088/242/1089 1274/420/1275 1086/240/1087
f 1264/410/1265 1259/405/1260 1278/424/1279
f 1278/424/1279 1279/425/1280 1264/410/1265
f 1087/241/1088 1086/240/1087 1275/421/1276
f 1275/421/1276 1280/426/1281 1087/241/1088
f 1277/423/1278 1280/426/1281 1275/421/1276
f 1281/427/1282 1087/241/1088 1280/426/1281
f 1087/241/1088 1281/427/1282 1077/231/1078
f 1280/426/1281 1282/428/1283 1281/427/1282
f 1283/429/1284 1282/428/1283 1280/426/1281
f 1280/426/1281 1284/430/1285 1283/429/1284
f 1285/431/1286 1283/429/1284 1284/430/1285
f 1284/430/1285 1286/432/1287 1285/431/1286
f 1287/433/1288 1286/432/1287 1284/430/1285
f 1284/430/1285 1288/434/1289 1287/433/1288
f 1287/433/1288 1288/434/1289 1289/435/1290
f 1289/435/1290 1290/436/1291 1287/433/1288
f 1288/434/1289 1284/430/1285 1277/423/1278
f 1289/435/1290 1288/434/1289 1277/423/1278
f 1277/423/1278 1284/430/1285 1280/426/1281
f 1161/307/1162 1290/436/1291 1289/435/1290
f 1289/435/1290 1291/437/1292 1161/307/1162
f 1285/431/1286 1286/432/1287 1292/438/1293
f 1292/438/1293 1293/439/1294 1285/431/1286
f 1294/440/1295 1293/439/1294 1292/438/1293
f 1292/438/1293 1295/441/1296 1294/440/1295
f 1170/316/1171 1295/441/1296 1292/438/1293
f 1294/440/1295 1295/441/1296 1296/442/1297
f 1296/442/1297 1297/443/1298 1294/440/1295
f 1298/444/1299 1296/442/1297 1295/441/1296
f 1295/441/1296 1170/316/1171 1298/444/1299
f 1286/432/1287 1287/433/1288 1167/313/1168
f 1292/438/1293 1167/313/1168 1299/316/1300
f 1167/313/1168 1292/438/1293 1286/432/1287
f 1165/311/1166 1290/436/1291 1161/307/1162
f 1287/433/1288 1290/436/1291 1165/311/1166
f 1165/311/1166 1167/313/1168 1287/433/1288
f 1154/302/1155 1161/307/1162 1291/437/1292
f 1300/446/1301 1298/444/1302 1301/316/1303
f 1301/316/1303 1169/315/1170 1300/446/1301
f 1300/446/1301 1169/315/1170 1189/335/1190
f 1189/335/1190 1302/447/1304 1300/446/1301
f 1187/333/1188 1189/335/1190 1169/315/1170
f 1169/315/1170 1168/314/1169 1187/333/1188
f 1185/331/1186 1187/333/1188 1168/314/1169
f 1168/314/1169 1166/312/1167 1185/331/1186
f 1185/331/1186 1166/312/1167 1164/310/1165
f 1164/310/1165 1183/329/1184 1185/331/1186
f 1183/329/1184 1164/310/1165 1163/309/1164
f 1163/309/1164 1180/326/1181 1183/329/1184
f 1180/326/1181 1163/309/1164 1171/317/1172
f 1303/448/1305 1302/447/1304 1189/335/1190
f 1189/335/1190 1190/336/1191 1303/448/1305
f 1303/448/1305 1190/336/1191 1195/341/1196
f 1195/341/1196 1197/343/1198 1303/448/1305
f 1304/449/1306 1305/452/1307 1306/451/1308
f 1306/451/1308 1307/450/1309 1304/449/1306
f 1308/453/1310 1307/450/1309 1306/451/1308
f 1306/451/1308 1309/454/1311 1308/453/1310
f 1308/453/1310 1309/454/1311 1310/455/1312
f 1310/455/1312 1311/456/1313 1308/453/1310
f 1308/453/1310 1311/456/1313 1312/457/1314
f 1312/457/1314 1313/458/1315 1308/453/1310
f 1307/450/1309 1308/453/1310 1313/458/1315
f 1314/459/1316 1312/457/1314 1311/456/1313
f 1312/457/1314 1314/459/1316 1315/460/1317
f 1315/460/1317 1316/461/1318 1312/457/1314
f 1313/458/1315 1312/457/1314 1316/461/1318
f 1311/456/1313 1317/462/1319 1314/459/1316
f 1314/459/1316 1317/462/1319 1318/463/1320
f 1318/463/1320 1319/464/1321 1314/459/1316
f 1315/460/1317 1314/459/1316 1319/464/1321
f 1316/461/1318 1315/460/1317 1320/465/1322
f 1320/465/1322 1321/466/1323 1316/461/1318
f 1316/461/1318 1322/467/1324 1313/458/1315
f 1322/467/1324 1316/461/1318 1321/466/1323
f 1323/468/1325 1313/458/1315 1322/467/1324
f 1322/467/1324 1324/469/1326 1323/468/1325
f 1323/468/1325 1324/469/1326 1325/470/1327
f 1325/470/1327 1326/471/1328 1323/468/1325
f 1327/472/1329 1325/470/1327 1324/469/1326
f 1324/469/1326 1328/473/1330 1327/472/1329
f 1324/469/1326 1322/467/1324 1329/474/1331
f 1329/474/1331 1328/473/1330 1324/469/1326
f 1321/466/1323 1329/474/1331 1322/467/1324
f 1329/474/1331 1321/466/1323 1330/475/1332
f 1330/475/1332 1331/476/1333 1329/474/1331
f 1328/473/1330 1329/474/1331 1331/476/1333
f 1326/471/1328 1325/470/1327 1332/477/1334
f 1332/477/1334 1333/478/1335 1326/471/1328
f 1326/471/1328 1333/478/1335 1334/479/1336
f 1335/480/1337 1333/478/1335 1332/477/1334
f 1332/477/1334 1336/481/1338 1335/480/1337
f 1335/480/1337 1336/481/1338 1337/482/1339
f 1337/482/1339 1338/483/1340 1335/480/1337
f 1339/484/1341 1336/481/1338 1332/477/1334
f 1337/482/1339 1336/481/1338 1339/484/1341
f 1332/477/1334 1340/485/1342 1339/484/1341
f 1325/470/1327 1327/472/1329 1340/485/1342
f 1340/485/1342 1332/477/1334 1325/470/1327
f 1340/485/1342 1327/472/1329 1341/486/1343
f 1341/486/1343 1327/472/1329 1328/473/1330
f 1341/486/1343 1342/487/1344 1340/485/1342
f 1339/484/1341 1343/488/1345 1337/482/1339
f 1335/480/1337 1338/483/1340 1344/489/1346
f 1344/489/1346 1345/490/1347 1335/480/1337
f 1335/480/1337 1345/490/1347 1346/491/1348
f 1334/479/1336 1333/478/1335 1346/491/1348
f 1335/480/1337 1346/491/1348 1333/478/1335
f 1345/490/1347 1344/489/1346 1347/492/1349
f 1347/492/1349 1348/493/1350 1345/490/1347
f 1346/491/1348 1345/490/1347 1348/493/1350
f 1349/494/1351 1348/493/1350 1347/492/1349
f 1350/495/1352 1348/493/1350 1349/494/1351
f 1348/493/1350 1350/495/1352 1346/491/1348
f 1349/494/1351 1351/496/1353 1350/495/1352
f 1347/492/1349 1352/497/1354 1349/494/1351
f 1353/498/1355 1339/484/1341 1340/485/1342
f 1340/485/1342 1342/487/1344 1353/498/1355
f 1343/488/1345 1339/484/1341 1353/498/1355
f 1353/498/1355 1354/499/1356 1343/488/1345
f 1334/479/1336 1346/491/1348 1350/495/1352
f 1350/495/1352 1355/500/1357 1334/479/1336
f 1351/496/1353 1355/500/1357 1350/495/1352
f 1356/501/1358 1355/500/1357 1351/496/1353
f 1355/500/1357 1356/501/1358 1357/502/1359
f 1357/502/1359 1305/452/1307 1355/500/1357
f 1334/479/1336 1355/500/1357 1305/452/1307
f 1305/452/1307 1304/449/1306 1334/479/1336
f 1326/471/1328 1334/479/1336 1304/449/1306
f 1326/471/1328 1304/449/1306 1307/450/1309
f 1307/450/1309 1323/468/1325 1326/471/1328
f 1313/458/1315 1323/468/1325 1307/450/1309
f 1305/452/1307 1357/502/1359 1358/503/1360
f 1358/503/1360 1306/451/1308 1305/452/1307
f 1306/451/1308 1358/503/1360 1359/504/1361
f 1359/504/1361 1309/454/1311 1306/451/1308
f 1309/454/1311 1359/504/1361 1360/505/1362
f 1360/505/1362 1310/455/1312 1309/454/1311
f 1361/506/1363 1310/455/1312 1360/505/1362
f 1360/505/1362 1362/507/1364 1361/506/1363
f 1363/508/1365 1361/506/1363 1362/507/1364
f 1362/507/1364 1364/509/1366 1363/508/1365
f 1311/456/1313 1310/455/1312 1361/506/1363
f 1361/506/1363 1317/462/1319 1311/456/1313
f 1317/462/1319 1361/506/1363 1363/508/1365
f 1363/508/1365 1318/463/1320 1317/462/1319
f 1365/445/1367 1159/305/1160 1265/411/1266
f 1266/412/1267 1265/411/1266 1159/305/1160
f 1159/305/1160 1155/303/1156 1266/412/1267
f 1266/412/1267 1155/303/1156 1267/413/1268
f 1267/413/1268 1155/303/1156 1156/304/1157
f 1267/413/1268 1156/304/1157 1291/437/1292
f 1291/437/1292 1156/304/1157 1154/302/1155
f 1291/437/1292 1269/415/1270 1267/413/1268
f 1269/415/1270 1291/437/1292 1289/435/1290
f 1289/435/1290 1276/422/1277 1269/415/1270
f 1277/423/1278 1276/422/1277 1289/435/1290
f 1265/411/1266 1366/510/1368 1367/445/1369
f 1158/287/1159 1159/305/1160 1367/445/1369
f 1366/510/1368 1265/411/1266 1260/408/1261
f 1260/408/1261 1263/409/1264 1366/510/1368
f 1368/511/1370 1369/514/1371 1370/513/1372
f 1370/513/1372 1371/512/1373 1368/511/1370
f 1370/513/1372 1369/514/1371 1372/515/1374
f 1372/515/1374 1373/516/1375 1370/513/1372
f 1368/511/1370 1371/512/1373 1374/517/1376
f 1374/517/1376 1375/518/1377 1368/511/1370
f 1374/517/1376 1376/519/1378 1375/518/1377
f 1373/516/1375 1372/515/1374 1377/520/1379
f 1378/521/1380 1379/524/1381 1380/523/1382
f 1380/523/1382 1381/522/1383 1378/521/1380
f 1382/525/1384 1381/522/1383 1380/523/1382
f 1380/523/1382 1383/526/1385 1382/525/1384
f 1383/526/1385 1384/527/1386 1382/525/1384
f 1385/528/1387 1381/522/1383 1382/525/1384
f 1378/521/1380 1381/522/1383 1385/528/1387
f 1382/525/1384 1386/529/1388 1385/528/1387
f 1384/527/1386 1386/529/1388 1382/525/1384
f 1385/528/1387 1387/530/1389 1378/521/1380
f 1387/530/1389 1388/531/1390 1378/521/1380
f 1388/531/1390 1379/524/1381 1378/521/1380
f 1389/532/1391 1385/528/1387 1386/529/1388
f 1387/530/1389 1385/528/1387 1389/532/1391
f 1386/529/1388 1390/533/1392 1389/532/1391
f 1389/532/1391 1391/534/1393 1387/530/1389
f 1387/530/1389 1391/534/1393 1392/535/1394
f 1392/535/1394 1391/534/1393 1393/536/1395
f 1394/537/1396 1393/536/1395 1389/532/1391
f 1394/537/1396 1389/532/1391 1395/538/1397
f 1396/539/1398 1394/537/1396 1395/538/1397
f 1395/538/1397 1397/540/1399 1396/539/1398
f 1394/537/1396 1396/539/1398 1398/541/1400
f 1399/542/1401 1398/541/1400 1396/539/1398
f 1396/539/1398 1400/543/1402 1399/542/1401
f 1400/543/1402 1396/539/1398 1397/540/1399
f 1398/541/1400 1401/544/1403 1394/537/1396
f 1394/537/1396 1401/544/1403 1402/545/1404
f 1402/545/1404 1403/536/1405 1394/537/1396
f 1402/545/1404 1401/544/1403 1404/546/1406
f 1404/546/1406 1401/544/1403 1398/541/1400
f 1404/546/1406 1405/547/1407 1402/545/1404
f 1406/548/1408 1405/547/1407 1404/546/1406
f 1404/546/1406 1407/549/1409 1406/548/1408
f 1408/550/1410 1407/549/1409 1404/546/1406
f 1404/546/1406 1409/551/1411 1408/550/1410
f 1398/541/1400 1409/551/1411 1404/546/1406
f 1399/542/1401 1408/550/1410 1409/551/1411
f 1409/551/1411 1398/541/1400 1399/542/1401
f 1406/548/1408 1410/552/1412 1405/547/1407
f 1410/552/1412 1402/545/1404 1405/547/1407
f 1411/553/1413 1397/540/1399 1395/538/1397
f 1397/540/1399 1411/553/1413 1412/554/1414
f 1397/540/1399 1412/554/1414 1400/543/1402
f 1410/552/1412 1413/555/1415 1402/545/1404
f 1413/555/1415 1414/536/1416 1402/545/1404
f 1411/553/1413 1415/556/1417 1412/554/1414
f 1411/553/1413 1395/538/1397 1416/557/1418
f 1417/533/1419 1416/557/1418 1395/538/1397
f 1395/538/1397 1389/532/1391 1417/533/1419
f 1389/532/1391 1414/536/1420 1391/534/1393
f 1418/558/1421 1411/553/1413 1416/557/1418
f 1418/558/1421 1419/559/1422 1411/553/1413
f 1418/558/1421 1420/560/1423 1419/559/1422
f 1419/559/1422 1421/561/1424 1411/553/1413
f 1411/553/1413 1421/561/1424 1415/556/1417
f 1419/559/1422 1422/562/1425 1421/561/1424
f 1419/559/1422 1420/560/1423 1422/562/1425
f 1421/561/1424 1422/562/1425 1423/563/1426
f 1424/564/1427 1420/560/1423 1418/558/1421
f 1425/565/1428 1420/560/1423 1424/564/1427
f 1425/565/1428 1424/564/1427 1426/566/1429
f 1426/566/1429 1427/567/1430 1425/565/1428
f 1424/564/1427 1418/558/1421 1428/568/1431
f 1416/557/1418 1428/568/1431 1418/558/1421
f 1416/557/1418 1429/569/1432 1428/568/1431
f 1430/570/1433 1428/568/1431 1429/569/1432
f 1430/570/1433 1426/566/1429 1424/564/1427
f 1424/564/1427 1428/568/1431 1430/570/1433
f 1429/569/1432 1431/571/1434 1430/570/1433
f 1432/572/1435 1431/571/1434 1429/569/1432
f 1429/569/1432 1433/573/1436 1432/572/1435
f 1434/574/1437 1427/567/1430 1426/566/1429
f 1426/566/1429 1430/570/1433 1435/575/1438
f 1435/575/1438 1430/570/1433 1431/571/1434
f 1435/575/1438 1436/576/1439 1426/566/1429
f 1426/566/1429 1436/576/1439 1434/574/1437
f 1437/577/1440 1436/576/1439 1435/575/1438
f 1436/576/1439 1437/577/1440 1434/574/1437
f 1435/575/1438 1438/578/1441 1437/577/1440
f 1438/578/1441 1435/575/1438 1439/579/1442
f 1431/571/1434 1439/579/1442 1435/575/1438
f 1439/579/1442 1440/580/1443 1438/578/1441
f 1431/571/1434 1441/581/1444 1439/579/1442
f 1441/581/1444 1440/580/1443 1439/579/1442
f 1431/571/1434 1432/572/1435 1441/581/1444
f 1429/569/1432 1442/583/1445 1443/582/1446
f 1443/582/1446 1444/573/1447 1429/569/1432
f 1445/584/1448 1442/583/1445 1429/569/1432
f 1429/569/1432 1446/595/1449 1445/584/1448
f 1445/584/1448 1446/595/1449 1390/533/1392
f 1390/533/1392 1447/592/1450 1445/584/1448
f 1448/593/1451 1447/592/1450 1390/533/1392
f 1390/533/1392 1449/594/1452 1448/593/1451
f 1446/595/1449 1429/569/1432 1416/557/1418
f 1390/533/1392 1446/595/1449 1416/557/1418
f 1450/585/1453 1442/583/1445 1445/584/1448
f 1445/584/1448 1451/586/1454 1450/585/1453
f 1451/586/1454 1445/584/1448 1447/592/1450
f 1452/587/1455 1450/585/1453 1451/586/1454
f 1451/586/1454 1453/588/1456 1452/587/1455
f 1453/588/1456 1451/586/1454 1454/589/1457
f 1447/592/1450 1454/589/1457 1451/586/1454
f 1454/589/1457 1455/590/1458 1453/588/1456
f 1452/587/1455 1456/591/1459 1450/585/1453
f 1447/592/1450 1457/596/1460 1454/589/1457
f 1457/596/1460 1455/590/1458 1454/589/1457
f 1447/592/1450 1448/593/1451 1457/596/1460
f 1456/591/1459 1442/583/1445 1450/585/1453
f 1456/591/1459 1443/582/1446 1442/583/1445
f 1458/597/1461 1459/599/1462 1460/598/1463
f 1459/599/1462 1458/597/1461 1461/600/1464
f 1462/601/1465 1459/599/1462 1461/600/1464
f 1458/597/1461 1460/598/1463 1463/602/1466
f 1463/602/1466 1460/598/1463 1464/603/1467
f 1464/603/1467 1460/598/1463 1465/604/1468
f 1460/598/1463 1459/599/1462 1465/604/1468
f 1466/605/1469 1465/604/1468 1459/599/1462
f 1459/599/1462 1467/606/1470 1466/605/1469
f 1462/601/1465 1467/606/1470 1459/599/1462
f 1464/603/1467 1468/607/1471 1463/602/1466
f 1464/603/1467 1469/608/1472 1468/607/1471
f 1469/608/1472 1464/603/1467 1470/609/1473
f 1464/603/1467 1465/604/1468 1470/609/1473
f 1470/609/1473 1465/604/1468 1471/610/1474
f 1471/610/1474 1465/604/1468 1466/605/1469
f 1463/602/1466 1472/611/1475 1458/597/1461
f 1458/597/1461 1472/611/1475 1473/612/1476
f 1458/597/1461 1473/612/1476 1461/600/1464
f 1466/605/1469 1474/613/1477 1471/610/1474
f 1475/614/1478 1471/610/1474 1474/613/1477
f 1474/613/1477 1476/615/1479 1475/614/1478
f 1471/610/1474 1475/614/1478 1477/616/1480
f 1475/614/1478 1478/617/1481 1477/616/1480
f 1479/618/1482 1463/602/1466 1468/607/1471
f 1472/611/1475 1463/602/1466 1479/618/1482
f 1468/607/1471 1480/619/1483 1479/618/1482
f 1481/620/1484 1479/618/1482 1480/619/1483
f 1480/619/1483 1482/621/1485 1481/620/1484
f 1481/620/1484 1482/621/1485 1483/622/1486
f 1483/622/1486 1484/623/1487 1481/620/1484
f 1484/623/1487 1483/622/1486 1485/624/1488
f 1485/624/1488 1486/625/1489 1484/623/1487
f 1487/626/1490 1484/623/1487 1486/625/1489
f 1481/620/1484 1484/623/1487 1487/626/1490
f 1486/625/1489 1488/627/1491 1487/626/1490
f 1480/619/1483 1489/628/1492 1482/621/1485
f 1487/626/1490 1490/629/1493 1481/620/1484
f 1479/618/1482 1481/620/1484 1490/629/1493
f 1491/630/1494 1485/624/1488 1483/622/1486
f 1482/621/1485 1489/628/1492 1491/630/1494
f 1491/630/1494 1483/622/1486 1482/621/1485
f 1487/626/1490 1488/627/1491 1492/631/1495
f 1490/629/1493 1487/626/1490 1492/631/1495
f 1490/629/1493 1493/632/1496 1479/618/1482
f 1493/632/1496 1490/629/1493 1494/633/1497
f 1492/631/1495 1494/633/1497 1490/629/1493
f 1472/611/1475 1493/632/1496 1494/633/1497
f 1479/618/1482 1493/632/1496 1472/611/1475
f 1494/633/1497 1473/612/1476 1472/611/1475
f 1461/600/1464 1473/612/1476 1495/634/1498
f 1461/600/1464 1495/634/1498 1496/635/1499
f 1461/600/1464 1496/635/1499 1497/636/1500
f 1497/636/1500 1496/635/1499 1498/637/1501
f 1498/637/1501 1499/638/1502 1497/636/1500
f 1500/639/1503 1497/636/1500 1499/638/1502
f 1499/638/1502 1501/640/1504 1500/639/1503
f 1502/641/1505 1501/640/1504 1499/638/1502
f 1499/638/1502 1503/642/1506 1502/641/1505
f 1497/636/1500 1462/601/1465 1461/600/1464
f 1504/643/1507 1502/641/1505 1503/642/1506
f 1503/642/1506 1505/644/1508 1504/643/1507
f 1504/643/1507 1505/644/1508 1506/645/1509
f 1506/645/1509 1507/646/1510 1504/643/1507
f 1508/647/1511 1506/645/1509 1505/644/1508
f 1505/644/1508 1509/648/1512 1508/647/1511
f 1509/648/1512 1505/644/1508 1503/642/1506
f 1507/646/1510 1510/649/1513 1504/643/1507
f 1510/649/1513 1500/639/1503 1501/640/1504
f 1502/641/1505 1510/649/1513 1501/640/1504
f 1504/643/1507 1510/649/1513 1502/641/1505
f 1503/642/1506 1511/650/1514 1509/648/1512
f 1511/650/1514 1503/642/1506 1499/638/1502
f 1499/638/1502 1498/637/1501 1511/650/1514
f 1509/648/1512 1511/650/1514 1512/651/1515
f 1512/651/1515 1511/650/1514 1498/637/1501
f 1510/649/1513 1513/652/1516 1500/639/1503
f 1513/652/1516 1514/653/1517 1462/601/1465
f 1515/654/1518 1508/647/1511 1509/648/1512
f 1509/648/1512 1512/651/1515 1515/654/1518
f 1513/652/1516 1462/601/1465 1497/636/1500
f 1497/636/1500 1500/639/1503 1513/652/1516
f 1462/601/1465 1514/653/1517 1467/606/1470
f 1496/635/1499 1512/651/1515 1498/637/1501
f 1496/635/1499 1495/634/1498 1512/651/1515
f 1516/655/1519 1517/656/1520 1471/610/1474
f 1518/657/1521 1517/656/1520 1516/655/1519
f 1470/609/1473 1517/656/1520 1518/657/1521
f 1470/609/1473 1471/610/1474 1517/656/1520
f 1518/657/1521 1519/658/1522 1470/609/1473
f 1516/655/1519 1520/659/1523 1518/657/1521
f 1516/655/1519 1521/660/1524 1520/659/1523
f 1519/658/1522 1518/657/1521 1522/661/1525
f 1522/661/1525 1518/657/1521 1520/659/1523
f 1522/661/1525 1523/662/1526 1519/658/1522
f 1524/608/1527 1519/658/1522 1523/662/1526
f 1519/658/1522 1524/608/1527 1470/609/1473
f 1523/662/1526 1525/663/1528 1524/608/1527
f 1520/659/1523 1526/664/1529 1522/661/1525
f 1527/665/1530 1522/661/1525 1526/664/1529
f 1523/662/1526 1522/661/1525 1527/665/1530
f 1526/664/1529 1528/666/1531 1527/665/1530
f 1526/664/1529 1529/667/1532 1528/666/1531
f 1521/660/1524 1529/667/1532 1526/664/1529
f 1527/665/1530 1528/666/1531 1530/668/1533
f 1530/668/1533 1531/669/1534 1527/665/1530
f 1531/669/1534 1530/668/1533 1532/670/1535
f 1532/670/1535 1533/671/1536 1531/669/1534
f 1534/672/1537 1531/669/1534 1533/671/1536
f 1527/665/1530 1531/669/1534 1534/672/1537
f 1533/671/1536 1535/673/1538 1534/672/1537
f 1535/673/1538 1536/674/1539 1534/672/1537
f 1534/672/1537 1537/675/1540 1527/665/1530
f 1536/674/1539 1525/663/1528 1537/675/1540
f 1537/675/1540 1534/672/1537 1536/674/1539
f 1527/665/1530 1537/675/1540 1523/662/1526
f 1537/675/1540 1525/663/1528 1523/662/1526
f 1538/676/1541 1532/670/1535 1530/668/1533
f 1528/666/1531 1529/667/1532 1538/676/1541
f 1538/676/1541 1530/668/1533 1528/666/1531
f 1526/664/1529 1520/659/1523 1539/660/1542
f 1540/677/1543 1516/655/1519 1477/616/1480
f 1477/616/1480 1541/678/1544 1540/677/1543
f 1542/679/1545 1540/677/1543 1541/678/1544
f 1543/660/1546 1540/677/1543 1542/679/1545
f 1542/679/1545 1544/680/1547 1543/660/1546
f 1541/678/1544 1545/681/1548 1542/679/1545
f 1545/681/1548 1541/678/1544 1546/682/1549
f 1546/682/1549 1547/683/1550 1545/681/1548
f 1542/679/1545 1545/681/1548 1548/684/1551
f 1548/684/1551 1549/685/1552 1542/679/1545
f 1549/685/1552 1544/680/1547 1542/679/1545
f 1550/686/1553 1544/680/1547 1549/685/1552
f 1549/685/1552 1551/687/1554 1550/686/1553
f 1551/687/1554 1549/685/1552 1548/684/1551
f 1545/681/1548 1547/683/1550 1552/688/1555
f 1552/688/1555 1548/684/1551 1545/681/1548
f 1547/683/1550 1553/689/1556 1552/688/1555
f 1553/689/1556 1547/683/1550 1546/682/1549
f 1551/687/1554 1554/690/1557 1550/686/1553
f 1555/691/1558 1554/690/1557 1551/687/1554
f 1551/687/1554 1556/692/1559 1555/691/1558
f 1548/684/1551 1556/692/1559 1551/687/1554
f 1557/693/1560 1555/691/1558 1556/692/1559
f 1556/692/1559 1558/694/1561 1557/693/1560
f 1548/684/1551 1552/688/1555 1558/694/1561
f 1558/694/1561 1556/692/1559 1548/684/1551
f 1559/695/1562 1557/693/1560 1558/694/1561
f 1552/688/1555 1553/689/1556 1559/695/1562
f 1559/695/1562 1558/694/1561 1552/688/1555
f 1546/682/1549 1560/696/1563 1553/689/1556
f 1478/617/1481 1560/696/1563 1546/682/1549
f 1560/696/1563 1478/617/1481 1561/697/1564
f 1561/697/1564 1478/617/1481 1475/614/1478
f 1562/698/1565 1561/697/1564 1475/614/1478
f 1476/615/1479 1562/698/1565 1475/614/1478
f 1563/699/1566 1562/698/1565 1476/615/1479
f 1478/617/1481 1546/682/1549 1541/678/1544
f 1541/678/1544 1477/616/1480 1478/617/1481
f 1516/655/1519 1471/610/1474 1477/616/1480
f 1540/677/1543 1521/660/1524 1516/655/1519
f 1564/700/1567 1565/594/1568 1566/533/1568
f 1417/533/1419 1386/529/1388 1564/700/1567
f 1384/527/1386 1564/700/1567 1386/529/1388
f 1392/535/1394 1567/701/1569 1387/530/1389
f 1387/530/1389 1567/701/1569 1388/531/1390
f 1568/702/1570 1569/704/1571 1570/703/1572
f 1570/703/1572 1320/465/1322 1568/702/1570
f 1571/705/1573 1568/702/1570 1320/465/1322
f 1320/465/1322 1315/460/1317 1571/705/1573
f 1319/464/1321 1571/705/1573 1315/460/1317
f 1321/466/1323 1320/465/1322 1570/703/1572
f 1570/703/1572 1330/475/1332 1321/466/1323
f 945/112/945 1572/707/1574 1573/706/1575
f 1573/706/1575 946/113/946 945/112/945
f 947/114/947 946/113/946 1573/706/1575
f 1573/706/1575 1574/708/1576 947/114/947
f 1575/709/1577 1573/706/1575 1572/707/1574
f 1574/708/1576 1573/706/1575 1575/709/1577
f 1572/707/1574 1576/710/1578 1575/709/1577
f 1577/711/1579 1576/710/1578 1572/707/1574
f 1572/707/1574 1578/712/1580 1577/711/1579
f 1578/712/1580 1572/707/1574 945/112/945
f 945/112/945 951/118/951 1578/712/1580
f 954/121/954 1578/712/1580 951/118/951
f 1575/709/1577 1579/713/1581 1574/708/1576
f 1580/714/1582 1577/711/1579 1578/712/1580
f 954/121/954 1580/714/1582 1578/712/1580
f 947/114/947 1574/708/1576 950/117/950
f 1574/708/1576 1581/713/1583 950/117/950
f 968/135/968 1580/714/1582 954/121/954
f 954/121/954 964/131/964 968/135/968
f 949/116/949 950/117/950 979/146/979
f 1582/8/1584 1583/11/1584 1584/12/1584
f 888/56/888 1585/715/1585 887/55/887
f 1586/716/1586 1587/718/1587 1588/717/1588
f 1589/719/1589 1586/716/1586 1588/717/1588
f 1590/720/1590 1589/719/1589 1588/717/1588
f 1591/721/1591 1590/720/1590 1588/717/1588
f 1592/722/1592 1591/721/1591 1588/717/1588
f 1593/723/1593 1592/722/1592 1588/717/1588
f 1594/724/1594 1593/723/1593 1588/717/1588
f 1595/725/1595 1594/724/1594 1588/717/1588
f 1596/726/1596 1595/725/1595 1588/717/1588
f 1597/727/1597 1596/726/1596 1588/717/1588
f 1587/718/1587 1597/727/1597 1588/717/1588
f 1598/117/1598 1587/718/1587 1586/716/1586
f 1597/727/1597 1587/718/1587 1598/117/1598
f 1586/716/1586 1599/146/1599 1598/117/1598
f 1600/146/1600 1586/716/1586 1589/719/1589
f 1589/719/1589 1601/139/1601 1600/146/1600
f 1602/138/1602 1601/139/1601 1589/719/1589
f 1589/719/1589 1590/720/1590 1602/138/1602
f 1603/136/1603 1602/138/1602 1590/720/1590
f 1590/720/1590 1591/721/1591 1603/136/1603
f 1591/721/1591 1592/722/1592 1604/135/1604
f 1604/135/1604 1592/722/1592 1593/723/1593
f 1604/135/1604 1605/136/1605 1591/721/1591
f 1593/723/1593 1606/714/1606 1604/135/1604
f 1606/714/1606 1593/723/1593 1594/724/1594
f 1594/724/1594 1607/711/1607 1606/714/1606
f 1608/711/1608 1594/724/1594 1595/725/1595
f 1595/725/1595 1609/710/1609 1608/711/1608
f 1610/709/1610 1609/710/1609 1595/725/1595
f 1595/725/1595 1596/726/1596 1610/709/1610
f 1611/713/1611 1610/709/1610 1596/726/1596
f 1596/726/1596 1597/727/1597 1612/713/1612
f 1613/117/1613 1614/713/1613 1597/727/1614
f 1328/473/1330 1615/728/1615 1341/486/1343
f 1331/476/1333 1615/728/1615 1328/473/1330
f 1147/295/1148 1150/298/1151 1176/322/1177
f 1616/445/1616 1617/288/1616 1618/287/1616
f 1619/27/1617 1620/729/1618 853/23/853
f 863/31/863 853/23/853 1620/729/1618
f 853/23/853 1621/24/1619 1622/27/1619
f 1623/730/1620 1624/732/1621 1625/731/1622
f 1625/731/1622 1624/732/1621 1626/733/1623
f 1626/733/1623 1627/734/1624 1625/731/1622
f 1628/735/1625 1625/731/1622 1627/734/1624
f 1629/730/1626 1625/731/1622 1628/735/1625
f 1627/734/1624 1630/736/1627 1628/735/1625
f 1631/737/1628 1628/735/1625 1630/736/1627
f 1630/736/1627 1632/738/1629 1631/737/1628
f 1633/739/1630 1631/737/1628 1632/738/1629
f 1631/737/1628 1633/739/1630 1634/740/1631
f 1634/740/1631 1635/741/1632 1631/737/1628
f 1636/730/1633 1631/737/1628 1635/741/1632
f 1636/730/1633 1628/735/1625 1631/737/1628
f 1637/738/1634 1630/736/1627 1627/734/1624
f 1638/742/1635 1639/744/1636 1624/732/1621
f 1624/732/1621 1640/743/1637 1638/742/1635
f 1641/733/1638 1624/732/1621 1639/744/1636
f 1639/744/1636 1642/746/1639 1641/733/1638
f 1643/730/1640 1640/743/1637 1624/732/1621
f 1632/738/1629 1644/745/1641 1645/739/1642
f 1626/733/1643 1646/746/1644 1644/745/1641
f 1644/745/1641 1647/738/1645 1648/733/1645
f 1627/734/1624 1648/733/1645 1647/738/1645
f 1032/192/1033 1649/189/1646 1027/187/1028
f 1468/607/1471 1469/608/1472 1489/628/1492
f 1489/628/1492 1480/619/1483 1468/607/1471
f 975/142/975 977/144/977 999/751/1000
f 1650/753/1647 1651/754/1648 1652/755/1649
f 1652/755/1649 1651/754/1648 1653/756/1650
f 1653/756/1650 1654/757/1651 1652/755/1649
f 1655/758/1652 1652/755/1649 1654/757/1651
f 1652/755/1649 1655/758/1652 1656/759/1653
f 1656/759/1653 1657/760/1654 1652/755/1649
f 1658/755/1655 1657/760/1654 1650/753/1656
f 1654/757/1651 1659/761/1657 1655/758/1652
f 1657/760/1654 1656/759/1653 1660/762/1658
f 1660/762/1658 1650/753/1656 1657/760/1654
f 1661/753/1659 1662/760/1660 1663/755/1661
f 1662/760/1660 1661/753/1659 1664/762/1662
f 1664/762/1662 1665/759/1663 1662/760/1660
f 1666/755/1664 1662/760/1660 1665/759/1663
f 1666/755/1664 1667/754/1665 1661/753/1659
f 1665/759/1663 1668/758/1666 1666/755/1664
f 1669/757/1667 1666/755/1664 1668/758/1666
f 1668/758/1666 1670/761/1668 1669/757/1667
f 1666/755/1664 1669/757/1667 1671/756/1669
f 1671/756/1669 1667/754/1665 1666/755/1664
f 1672/763/1670 1673/764/1671 1674/765/1672
f 1672/763/1670 1675/766/1673 1673/764/1671
f 1672/763/1670 1676/767/1674 1675/766/1673
f 1672/763/1670 1677/768/1675 1676/767/1674
f 1672/763/1670 1678/769/1676 1677/768/1675
f 1672/763/1670 1679/770/1677 1678/769/1676
f 1672/763/1670 1680/771/1678 1679/770/1677
f 1672/763/1670 1681/772/1679 1680/771/1678
f 1672/763/1670 1682/773/1680 1681/772/1679
f 1672/763/1670 1683/774/1681 1682/773/1680
f 1672/763/1670 1684/775/1682 1683/774/1681
f 1672/763/1670 1674/765/1672 1684/775/1682
f 1674/765/1672 1673/764/1671 1685/776/1683
f 1685/776/1683 1686/777/1684 1674/765/1672
f 1684/775/1682 1674/765/1672 1686/777/1684
f 1687/778/1685 1685/776/1683 1673/764/1671
f 1673/764/1671 1675/766/1673 1687/778/1685
f 1688/779/1686 1687/778/1685 1675/766/1673
f 1675/766/1673 1676/767/1674 1688/779/1686
f 1689/780/1687 1688/779/1686 1676/767/1674
f 1676/767/1674 1677/768/1675 1689/780/1687
f 1690/781/1688 1689/780/1687 1677/768/1675
f 1677/768/1675 1678/769/1676 1690/781/1688
f 1691/782/1689 1690/781/1688 1678/769/1676
f 1678/769/1676 1679/770/1677 1691/782/1689
f 1692/783/1690 1691/782/1689 1679/770/1677
f 1679/770/1677 1680/771/1678 1692/783/1690
f 1693/784/1691 1692/783/1690 1680/771/1678
f 1680/771/1678 1681/772/1679 1693/784/1691
f 1694/785/1692 1693/784/1691 1681/772/1679
f 1681/772/1679 1682/773/1680 1694/785/1692
f 1695/786/1693 1694/785/1692 1682/773/1680
f 1682/773/1680 1683/774/1681 1695/786/1693
f 1696/787/1694 1695/786/1693 1683/774/1681
f 1683/774/1681 1684/775/1682 1696/787/1694
f 1686/777/1684 1696/787/1694 1684/775/1682
f 1697/763/1695 1698/788/1696 1699/789/1697
f 1697/763/1695 1699/789/1697 1700/790/1698
f 1697/763/1695 1700/790/1698 1701/791/1699
f 1697/763/1695 1701/791/1699 1702/792/1700
f 1697/763/1695 1702/792/1700 1703/793/1701
f 1697/763/1695 1703/793/1701 1704/794/1702
f 1697/763/1695 1704/794/1702 1705/795/1703
f 1697/763/1695 1705/795/1703 1706/796/1704
f 1697/763/1695 1706/796/1704 1707/797/1705
f 1697/763/1695 1707/797/1705 1708/798/1706
f 1697/763/1695 1708/798/1706 1709/799/1707
f 1697/763/1695 1709/799/1707 1698/788/1696
f 1710/800/1708 1699/789/1697 1698/788/1696
f 1698/788/1696 1711/801/1709 1710/800/1708
f 1711/801/1709 1698/788/1696 1709/799/1707
f 1712/802/1710 1700/790/1698 1699/789/1697
f 1699/789/1697 1710/800/1708 1712/802/1710
f 1713/803/1711 1701/791/1699 1700/790/1698
f 1700/790/1698 1712/802/1710 1713/803/1711
f 1714/804/1712 1702/792/1700 1701/791/1699
f 1701/791/1699 1713/803/1711 1714/804/1712
f 1715/805/1713 1703/793/1701 1702/792/1700
f 1702/792/1700 1714/804/1712 1715/805/1713
f 1716/806/1714 1704/794/1702 1703/793/1701
f 1703/793/1701 1715/805/1713 1716/806/1714
f 1717/807/1715 1705/795/1703 1704/794/1702
f 1704/794/1702 1716/806/1714 1717/807/1715
f 1718/808/1716 1706/796/1704 1705/795/1703
f 1705/795/1703 1717/807/1715 1718/808/1716
f 1719/809/1717 1707/797/1705 1706/796/1704
f 1706/796/1704 1718/808/1716 1719/809/1717
f 1720/810/1718 1708/798/1706 1707/797/1705
f 1707/797/1705 1719/809/1717 1720/810/1718
f 1721/811/1719 1709/799/1707 1708/798/1706
f 1708/798/1706 1720/810/1718 1721/811/1719
f 1709/799/1707 1721/811/1719 1711/801/1709
f 1722/812/1720 1723/813/1721 1724/814/1720
f 1724/814/1720 1723/813/1721 1725/815/1722
f 1725/815/1722 1723/813/1721 1726/816/1723
f 1726/816/1723 1727/817/1724 1725/815/1722
f 1727/817/1724 1726/816/1723 1728/818/1725
f 1728/818/1725 1729/819/1726 1727/817/1724
f 1729/819/1726 1728/818/1725 1730/820/1727
f 1730/820/1727 1731/821/1728 1732/819/1729
f 1731/821/1728 1730/820/1727 1733/822/1730
f 1733/822/1730 1734/823/1731 1731/821/1728
f 1734/823/1731 1733/822/1730 1735/824/1732
f 1735/824/1732 1736/825/1733 1734/823/1731
f 1736/825/1733 1735/824/1732 1737/826/1734
f 1737/826/1734 1738/827/1735 1736/825/1733
f 1738/827/1735 1737/826/1734 1739/828/1736
f 1739/828/1737 1740/829/1738 1741/827/1738
f 1742/830/1739 1743/831/1740 1744/832/1741
f 1744/832/1741 1743/831/1740 1745/833/1742
f 1745/833/1742 1746/834/1743 1744/832/1741
f 1746/834/1743 1745/833/1742 1747/835/1744
f 1748/832/1745 1749/836/1745 1742/830/1739
f 1747/835/1746 1750/837/1747 1751/834/1748
f 1750/837/1747 1747/835/1746 1752/838/1749
f 1752/838/1749 1753/839/1750 1750/837/1747
f 1753/839/1750 1752/838/1749 1754/840/1751
f 1754/840/1751 1755/841/1752 1753/839/1750
f 1755/841/1752 1754/840/1751 1756/842/1753
f 1756/842/1753 1757/843/1754 1755/841/1752
f 1757/843/1754 1756/842/1753 1758/844/1755
f 1758/844/1755 1759/845/1755 1757/843/1754
f 1760/846/1756 1761/847/1757 1762/848/1756
f 1762/848/1756 1763/849/1758 1760/846/1756
f 1764/850/1759 1765/851/1760 1766/852/1761
f 1766/852/1761 1765/851/1760 1767/853/1762
f 1767/853/1762 1768/854/1763 1766/852/1761
f 1769/855/1764 1768/854/1763 1767/853/1762
f 1767/853/1762 1770/856/1765 1769/855/1764
f 1771/857/1766 1769/855/1764 1770/856/1765
f 1770/856/1765 1772/858/1767 1771/857/1766
f 1773/848/1768 1771/857/1766 1772/858/1767
f 1772/858/1767 1774/859/1769 1773/848/1768
f 1775/860/1770 1776/861/1771 1777/862/1772
f 1778/863/1773 1775/860/1770 1777/862/1772
f 1779/864/1774 1780/865/1775 1778/863/1773
f 1780/865/1775 1779/864/1774 1781/866/1776
f 1781/866/1776 1782/867/1777 1780/865/1775
f 1782/867/1777 1781/866/1776 1783/847/1778
f 1784/847/1779 1785/868/1779 1782/867/1777
f 1786/861/1780 1787/850/1781 1788/852/1782
f 1788/852/1782 1789/862/1783 1786/861/1780
f 1790/869/1784 1789/862/1783 1788/852/1782
f 1788/852/1782 1791/854/1785 1790/869/1784
f 1792/864/1786 1790/869/1784 1791/854/1785
f 1791/854/1785 1793/855/1787 1792/864/1786
f 1794/866/1788 1792/864/1786 1793/855/1787
f 1793/855/1787 1795/857/1789 1794/866/1788
f 1796/847/1790 1794/866/1788 1795/857/1789
f 1795/857/1789 1797/848/1791 1796/847/1790
f 1798/870/1792 1799/871/1793 1800/872/1794
f 1800/872/1794 1801/873/1795 1798/870/1792
f 1801/873/1795 1800/872/1794 1802/874/1796
f 1802/874/1796 1803/875/1797 1801/873/1795
f 1803/875/1797 1802/874/1796 1804/876/1798
f 1804/876/1798 1805/877/1799 1803/875/1797
f 1805/877/1799 1804/876/1798 1806/878/1800
f 1806/878/1800 1807/879/1801 1805/877/1799
f 1808/862/1802 1809/869/1803 1810/863/1803
f 1810/863/1803 1809/869/1803 1811/864/1804
f 1812/880/1805 1813/832/1805 1814/834/1806
f 1814/834/1806 1815/881/1807 1812/880/1805
f 1815/881/1807 1814/834/1806 1816/837/1808
f 1816/837/1808 1817/882/1808 1815/881/1807
f 1817/882/1808 1816/837/1808 1818/839/1808
f 1818/839/1808 1819/883/1809 1817/882/1808
f 1819/883/1809 1818/839/1808 1820/841/1808
f 1820/841/1808 1821/884/1808 1819/883/1809
f 1821/884/1808 1820/841/1808 1822/843/1808
f 1822/843/1808 1823/885/1808 1821/884/1808
f 1823/885/1808 1822/843/1808 1824/845/1808
f 1824/845/1808 1825/886/1808 1823/885/1808
f 1825/886/1808 1824/845/1808 1826/887/1808
f 1813/832/1805 1812/880/1805 1827/888/1810
f 1827/888/1810 1828/836/1811 1813/832/1805
f 1829/889/1811 1828/836/1811 1827/888/1810
f 1828/836/1811 1829/889/1811 1830/890/1812
f 1828/836/1811 1830/890/1812 1831/891/1813
f 1831/891/1813 1832/829/1813 1828/836/1811
f 1832/829/1813 1831/891/1813 1833/892/1814
f 1832/829/1813 1833/892/1814 1834/893/1808
f 1834/893/1808 1835/827/1808 1832/829/1813
f 1835/827/1808 1834/893/1808 1836/894/1808
f 1836/894/1808 1837/825/1808 1835/827/1808
f 1837/825/1808 1836/894/1808 1838/895/1808
f 1838/895/1808 1839/823/1808 1837/825/1808
f 1839/823/1808 1838/895/1808 1840/896/1809
f 1840/896/1809 1841/821/1808 1839/823/1808
f 1841/821/1808 1840/896/1809 1842/897/1814
f 1842/897/1814 1843/819/1814 1841/821/1808
f 1843/819/1814 1842/897/1814 1844/898/1808
f 1844/898/1808 1845/817/1808 1843/819/1814
f 1845/817/1808 1844/898/1808 1846/899/1808
f 1846/899/1808 1847/815/1808 1845/817/1808
f 1847/815/1808 1846/899/1808 1848/900/1808
f 1848/900/1808 1849/814/1808 1847/815/1808
f 1849/814/1808 1848/900/1808 1826/887/1808
f 1824/845/1808 1849/814/1808 1826/887/1808
f 1850/901/1815 1851/902/1815 1852/902/1815
f 1852/902/1815 1853/901/1815 1850/901/1815
f 1854/902/1816 1855/903/1816 1856/903/1816
f 1856/903/1816 1857/902/1816 1854/902/1816
f 1858/903/1817 1859/904/1817 1860/904/1817
f 1860/904/1817 1861/903/1817 1858/903/1817
f 1862/904/1818 1863/905/1819 1864/905/1818
f 1864/905/1818 1865/904/1818 1862/904/1818
f 1866/905/1820 1867/906/1820 1868/906/1820
f 1868/906/1820 1869/905/1820 1866/905/1820
f 1870/906/1821 1871/907/1821 1872/907/1821
f 1872/907/1821 1873/906/1821 1870/906/1821
f 1874/907/1822 1875/908/1822 1876/908/1822
f 1876/908/1822 1877/907/1823 1874/907/1822
f 1878/908/1824 1879/909/1825 1880/909/1825
f 1880/909/1825 1881/908/1824 1878/908/1824
f 1882/909/1826 1883/910/1826 1884/910/1826
f 1884/910/1826 1885/909/1826 1882/909/1826
f 1886/910/1827 1887/911/1827 1888/911/1827
f 1888/911/1827 1889/910/1828 1886/910/1827
f 1890/911/1829 1891/912/1829 1892/912/1829
f 1892/912/1829 1893/911/1829 1890/911/1829
f 1894/912/1830 1895/913/1830 1896/913/1830
f 1896/913/1830 1897/912/1831 1894/912/1830
f 1898/913/1832 1899/914/1832 1900/914/1832
f 1900/914/1832 1901/913/1832 1898/913/1832
f 1902/914/1833 1903/915/1834 1904/915/1833
f 1904/915/1833 1905/914/1833 1902/914/1833
f 1906/915/1835 1907/916/1836 1908/916/1835
f 1908/916/1835 1909/915/1835 1906/915/1835
f 1910/916/1837 1911/917/1837 1912/917/1837
f 1912/917/1837 1913/916/1837 1910/916/1837
f 1914/917/1838 1915/918/1839 1916/918/1838
f 1916/918/1838 1917/917/1838 1914/917/1838
f 1918/918/1840 1919/919/1840 1920/919/1840
f 1920/919/1840 1921/918/1840 1918/918/1840
f 1922/919/1841 1923/920/1841 1924/920/1841
f 1924/920/1841 1925/919/1841 1922/919/1841
f 1926/921/1842 1927/901/1843 1928/901/1842
f 1928/901/1842 1929/921/1842 1926/921/1842
f 1930/920/1844 1931/921/1845 1932/921/1844
f 1932/921/1844 1933/920/1846 1930/920/1844
f 1934/812/1847 1935/814/1847 1936/813/1848
f 1935/814/1847 1937/815/1849 1936/813/1848
f 1938/816/1850 1936/813/1848 1937/815/1849
f 1937/815/1849 1939/817/1851 1938/816/1850
f 1940/818/1852 1938/816/1850 1939/817/1851
f 1939/817/1851 1941/819/1853 1940/818/1852
f 1942/820/1854 1940/818/1852 1941/819/1853
f 1943/819/1855 1944/821/1856 1942/820/1854
f 1945/822/1857 1942/820/1854 1944/821/1856
f 1944/821/1856 1946/823/1858 1945/822/1857
f 1947/824/1859 1945/822/1857 1946/823/1858
f 1946/823/1858 1948/825/1860 1947/824/1859
f 1949/826/1861 1947/824/1859 1948/825/1860
f 1948/825/1860 1950/827/1862 1949/826/1861
f 1951/828/1863 1949/826/1861 1950/827/1862
f 1952/827/1864 1953/829/1864 1951/828/1863
f 1954/830/1865 1955/836/1866 1956/832/1866
f 1957/832/1867 1958/831/1868 1954/830/1865
f 1959/833/1869 1958/831/1868 1957/832/1867
f 1957/832/1867 1960/834/1870 1959/833/1869
f 1961/835/1871 1959/833/1869 1960/834/1870
f 1962/834/1872 1963/837/1873 1961/835/1871
f 1964/838/1874 1961/835/1871 1963/837/1873
f 1963/837/1873 1965/839/1875 1964/838/1874
f 1966/840/1876 1964/838/1874 1965/839/1875
f 1965/839/1875 1967/841/1877 1966/840/1876
f 1968/842/1878 1966/840/1876 1967/841/1877
f 1967/841/1877 1969/843/1879 1968/842/1878
f 1970/844/1880 1968/842/1878 1969/843/1879
f 1969/843/1879 1971/845/1880 1970/844/1880
f 1972/846/1881 1973/849/1882 1974/848/1881
f 1974/848/1881 1975/847/1883 1972/846/1881
f 1976/850/1884 1977/852/1885 1978/851/1886
f 1979/853/1887 1978/851/1886 1977/852/1885
f 1977/852/1885 1980/854/1888 1979/853/1887
f 1979/853/1887 1980/854/1888 1981/855/1889
f 1981/855/1889 1982/856/1890 1979/853/1887
f 1982/856/1890 1981/855/1889 1983/857/1891
f 1983/857/1891 1984/858/1892 1982/856/1890
f 1984/858/1892 1983/857/1891 1985/848/1893
f 1985/848/1893 1986/859/1894 1984/858/1892
f 1987/860/1895 1988/862/1895 1989/861/1896
f 1988/862/1895 1987/860/1895 1990/863/1897
f 1990/863/1897 1991/865/1898 1992/864/1899
f 1993/866/1900 1992/864/1899 1991/865/1898
f 1991/865/1898 1994/867/1901 1993/866/1900
f 1995/847/1902 1993/866/1900 1994/867/1901
f 1994/867/1901 1996/868/1903 1997/847/1903
f 1998/861/1904 1999/862/1905 2000/852/1906
f 2000/852/1906 2001/850/1907 1998/861/1904
f 2000/852/1906 1999/862/1905 2002/869/1908
f 2002/869/1908 2003/854/1909 2000/852/1906
f 2003/854/1909 2002/869/1908 2004/864/1910
f 2004/864/1910 2005/855/1911 2003/854/1909
f 2005/855/1911 2004/864/1910 2006/866/1912
f 2006/866/1912 2007/857/1913 2005/855/1911
f 2007/857/1913 2006/866/1912 2008/847/1914
f 2008/847/1914 2009/848/1915 2007/857/1913
f 2010/870/1916 2011/873/1917 2012/872/1918
f 2012/872/1918 2013/871/1919 2010/870/1916
f 2014/874/1920 2012/872/1918 2011/873/1917
f 2011/873/1917 2015/875/1921 2014/874/1920
f 2016/876/1922 2014/874/1920 2015/875/1921
f 2015/875/1921 2017/877/1923 2016/876/1922
f 2018/878/1924 2016/876/1922 2017/877/1923
f 2017/877/1923 2019/879/1925 2018/878/1924
f 2020/863/1926 2021/869/1926 2022/862/1927
f 2023/864/1928 2021/869/1926 2020/863/1926
f 2024/880/1929 2025/881/1930 2026/834/1930
f 2026/834/1930 2027/832/1929 2024/880/1929
f 2028/837/1930 2026/834/1930 2025/881/1930
f 2025/881/1930 2029/882/1930 2028/837/1930
f 2030/839/1930 2028/837/1930 2029/882/1930
f 2029/882/1930 2031/883/1930 2030/839/1930
f 2032/841/1930 2030/839/1930 2031/883/1930
f 2031/883/1930 2033/884/1930 2032/841/1930
f 2034/843/1930 2032/841/1930 2033/884/1930
f 2033/884/1930 2035/885/1930 2034/843/1930
f 2036/845/1930 2034/843/1930 2035/885/1930
f 2035/885/1930 2037/886/1931 2036/845/1930
f 2037/886/1931 2038/887/1930 2036/845/1930
f 2039/888/1932 2024/880/1929 2027/832/1929
f 2027/832/1929 2040/836/1933 2039/888/1932
f 2041/889/1933 2039/888/1932 2040/836/1933
f 2040/836/1933 2042/890/1934 2041/889/1933
f 2043/891/1935 2042/890/1934 2040/836/1933
f 2040/836/1933 2044/829/1936 2043/891/1935
f 2044/829/1936 2045/892/1930 2043/891/1935
f 2046/893/1930 2045/892/1930 2044/829/1936
f 2044/829/1936 2047/827/1931 2046/893/1930
f 2048/894/1937 2046/893/1930 2047/827/1931
f 2047/827/1931 2049/825/1930 2048/894/1937
f 2050/895/1930 2048/894/1937 2049/825/1930
f 2049/825/1930 2051/823/1930 2050/895/1930
f 2052/896/1930 2050/895/1930 2051/823/1930
f 2051/823/1930 2053/821/1930 2052/896/1930
f 2054/897/1930 2052/896/1930 2053/821/1930
f 2053/821/1930 2055/819/1930 2054/897/1930
f 2056/898/1930 2054/897/1930 2055/819/1930
f 2055/819/1930 2057/817/1930 2056/898/1930
f 2058/899/1930 2056/898/1930 2057/817/1930
f 2057/817/1930 2059/815/1930 2058/899/1930
f 2060/900/1930 2058/899/1930 2059/815/1930
f 2059/815/1930 2061/814/1930 2060/900/1930
f 2061/814/1930 2038/887/1930 2060/900/1930
f 2036/845/1930 2038/887/1930 2061/814/1930
f 2062/901/1938 2063/901/1939 2064/902/1938
f 2064/902/1938 2065/902/1938 2062/901/1938
f 2066/902/1940 2067/902/1940 2068/903/1941
f 2068/903/1941 2069/903/1941 2066/902/1940
f 2070/903/1942 2071/903/1942 2072/904/1942
f 2072/904/1942 2073/904/1942 2070/903/1942
f 2074/904/1943 2075/904/1943 2076/905/1943
f 2076/905/1943 2077/905/1944 2074/904/1943
f 2078/905/1945 2079/905/1945 2080/906/1945
f 2080/906/1945 2081/906/1945 2078/905/1945
f 2082/906/1946 2083/906/1946 2084/907/1946
f 2084/907/1946 2085/907/1946 2082/906/1946
f 2086/907/1947 2087/907/1947 2088/908/1947
f 2088/908/1947 2089/908/1947 2086/907/1947
f 2090/908/1948 2091/908/1948 2092/909/1948
f 2092/909/1948 2093/909/1948 2090/908/1948
f 2094/909/1949 2095/909/1949 2096/910/1949
f 2096/910/1949 2097/910/1949 2094/909/1949
f 2098/910/1950 2099/910/1950 2100/911/1950
f 2100/911/1950 2101/911/1951 2098/910/1950
f 2102/911/1952 2103/911/1952 2104/912/1952
f 2104/912/1952 2105/912/1952 2102/911/1952
f 2106/912/1953 2107/912/1953 2108/913/1953
f 2108/913/1953 2109/913/1953 2106/912/1953
f 2110/913/1954 2111/913/1955 2112/914/1954
f 2112/914/1954 2113/914/1954 2110/913/1954
f 2114/914/1956 2115/914/1956 2116/915/1956
f 2116/915/1956 2117/915/1956 2114/914/1956
f 2118/915/1957 2119/915/1957 2120/916/1957
f 2120/916/1957 2121/916/1958 2118/915/1957
f 2122/916/1959 2123/916/1959 2124/917/1959
f 2124/917/1959 2125/917/1959 2122/916/1959
f 2126/917/1960 2127/917/1960 2128/918/1961
f 2128/918/1961 2129/918/1962 2126/917/1960
f 2130/918/1963 2131/918/1963 2132/919/1963
f 2132/919/1963 2133/919/1964 2130/918/1963
f 2134/919/1965 2135/919/1965 2136/920/1965
f 2136/920/1965 2137/920/1965 2134/919/1965
f 2138/921/1966 2139/921/1967 2140/901/1968
f 2140/901/1968 2141/901/1968 2138/921/1966
f 2142/920/1969 2143/920/1969 2144/921/1969
f 2144/921/1969 2145/921/1969 2142/920/1969
f 2146/777/1970 2147/776/1971 2148/776/1972
f 2148/776/1972 2149/777/1973 2146/777/1970
f 2150/778/1974 2148/776/1972 2147/776/1971
f 2147/776/1971 2151/778/1975 2150/778/1974
f 2152/779/1976 2150/778/1974 2151/778/1975
f 2151/778/1975 2153/779/1977 2152/779/1976
f 2154/780/1978 2152/779/1976 2153/779/1977
f 2153/779/1977 2155/780/1979 2154/780/1978
f 2156/781/1980 2154/780/1978 2155/780/1979
f 2155/780/1979 2157/781/1981 2156/781/1980
f 2158/782/1982 2156/781/1980 2157/781/1981
f 2157/781/1981 2159/782/1983 2158/782/1982
f 2160/783/1984 2158/782/1982 2159/782/1983
f 2159/782/1983 2161/783/1985 2160/783/1984
f 2162/784/1986 2160/783/1984 2161/783/1985
f 2161/783/1985 2163/784/1987 2162/784/1986
f 2164/785/1988 2162/784/1986 2163/784/1987
f 2163/784/1987 2165/785/1989 2164/785/1988
f 2166/786/1990 2164/785/1988 2165/785/1989
f 2165/785/1989 2167/786/1991 2166/786/1990
f 2168/787/1992 2166/786/1990 2167/786/1991
f 2167/786/1991 2169/787/1993 2168/787/1992
f 2149/777/1973 2168/787/1992 2169/787/1993
f 2169/787/1993 2146/777/1970 2149/777/1973
f 2170/800/1994 2171/801/1995 2172/801/1996
f 2172/801/1996 2173/800/1997 2170/800/1994
f 2174/802/1998 2170/800/1994 2173/800/1997
f 2173/800/1997 2175/802/1999 2174/802/1998
f 2176/803/2000 2174/802/1998 2175/802/1999
f 2175/802/1999 2177/803/2001 2176/803/2000
f 2178/804/2002 2176/803/2000 2177/803/2001
f 2177/803/2001 2179/804/2003 2178/804/2002
f 2180/805/2004 2178/804/2002 2179/804/2003
f 2179/804/2003 2181/805/2005 2180/805/2004
f 2182/806/2006 2180/805/2004 2181/805/2005
f 2181/805/2005 2183/806/2007 2182/806/2006
f 2184/807/2008 2182/806/2006 2183/806/2007
f 2183/806/2007 2185/807/2009 2184/807/2008
f 2186/808/2010 2184/807/2008 2185/807/2009
f 2185/807/2009 2187/808/2011 2186/808/2010
f 2188/809/2012 2186/808/2010 2187/808/2011
f 2187/808/2011 2189/809/2013 2188/809/2012
f 2190/810/2014 2188/809/2012 2189/809/2013
f 2189/809/2013 2191/810/2015 2190/810/2014
f 2192/811/2016 2190/810/2014 2191/810/2015
f 2191/810/2015 2193/811/2017 2192/811/2016
f 2171/801/1995 2192/811/2016 2193/811/2017
f 2193/811/2017 2172/801/1996 2171/801/1995
